{"type":"FeatureCollection","features":[{"type":"Feature","id":1,"geometry":{"type":"Point","coordinates":[-8.41154,43.362344]},"properties":{"name":"A Coruna","tier":3,"start_year":1900,"end_year":1901,"fid":1,"endonym":"A Coruña"}},{"type":"Feature","id":2,"geometry":{"type":"Point","coordinates":[6.08342,50.77664]},"properties":{"name":"Aachen","tier":3,"start_year":1300,"end_year":1901,"fid":2}},{"type":"Feature","id":3,"geometry":{"type":"Point","coordinates":[9.9187,57.048]},"properties":{"name":"Aalborg","tier":3,"start_year":1900,"end_year":1901,"fid":3}},{"type":"Feature","id":4,"geometry":{"type":"Point","coordinates":[10.203921,56.162939]},"properties":{"name":"Aarhus","tier":3,"start_year":1900,"end_year":1901,"fid":4}},{"type":"Feature","id":5,"geometry":{"type":"Point","coordinates":[3.35,7.15]},"properties":{"name":"Abeokuta","tier":3,"start_year":1843,"end_year":1901,"fid":5,"endonym":"Abẹ́òkúta"}},{"type":"Feature","id":6,"geometry":{"type":"Point","coordinates":[-2.09814,57.14369]},"properties":{"name":"Aberdeen","tier":3,"start_year":1396,"end_year":1901,"fid":6}},{"type":"Feature","id":7,"geometry":{"type":"Point","coordinates":[-4.01266,5.30966]},"properties":{"name":"Abidjan","tier":3,"start_year":1975,"end_year":2000,"fid":7}},{"type":"Feature","id":8,"geometry":{"type":"Point","coordinates":[-4.01266,5.30966]},"properties":{"name":"Abidjan","tier":2,"start_year":2000,"end_year":2025,"fid":8}},{"type":"Feature","id":9,"geometry":{"type":"Point","coordinates":[22.259231,60.449325]},"properties":{"name":"Abo","tier":3,"start_year":1900,"end_year":1901,"fid":9,"endonym":"Åbo"}},{"type":"Feature","id":10,"geometry":{"type":"Point","coordinates":[1.99119,7.18286]},"properties":{"name":"Abomey-Calavi","tier":3,"start_year":1750,"end_year":1862,"fid":10}},{"type":"Feature","id":11,"geometry":{"type":"Point","coordinates":[-0.1969,5.55602]},"properties":{"name":"Accra","tier":3,"start_year":1975,"end_year":1976,"fid":11}},{"type":"Feature","id":12,"geometry":{"type":"Point","coordinates":[95.316667,5.55]},"properties":{"name":"Achin","tier":3,"start_year":1547,"end_year":1587,"fid":12,"endonym":"اچيه"}},{"type":"Feature","id":13,"geometry":{"type":"Point","coordinates":[95.316667,5.55]},"properties":{"name":"Achin","tier":2,"start_year":1587,"end_year":1600,"fid":13,"endonym":"اچيه"}},{"type":"Feature","id":14,"geometry":{"type":"Point","coordinates":[95.316667,5.55]},"properties":{"name":"Achin","tier":3,"start_year":1600,"end_year":1601,"fid":14,"endonym":"اچيه"}},{"type":"Feature","id":15,"geometry":{"type":"Point","coordinates":[95.316667,5.55]},"properties":{"name":"Achin","tier":2,"start_year":1601,"end_year":1673,"fid":15,"endonym":"اچيه"}},{"type":"Feature","id":16,"geometry":{"type":"Point","coordinates":[95.316667,5.55]},"properties":{"name":"Achin","tier":3,"start_year":1673,"end_year":1887,"fid":16,"endonym":"اچيه"}},{"type":"Feature","id":17,"geometry":{"type":"Point","coordinates":[35.081667,32.927778]},"properties":{"name":"Acre","tier":2,"start_year":1200,"end_year":1518,"fid":17,"endonym":"عكّا"}},{"type":"Feature","id":18,"geometry":{"type":"Point","coordinates":[35.081667,32.927778]},"properties":{"name":"Acre","tier":3,"start_year":1518,"end_year":1801,"fid":18,"endonym":"عكّا"}},{"type":"Feature","id":19,"geometry":{"type":"Point","coordinates":[35.32889,37.00167]},"properties":{"name":"Adana","tier":3,"start_year":1800,"end_year":2025,"fid":19,"endonym":"آدانه"}},{"type":"Feature","id":20,"geometry":{"type":"Point","coordinates":[38.74689,9.02497]},"properties":{"name":"Addis Ababa","tier":3,"start_year":1900,"end_year":2000,"fid":20,"endonym":"Addis Abäba"}},{"type":"Feature","id":21,"geometry":{"type":"Point","coordinates":[38.74689,9.02497]},"properties":{"name":"Addis Ababa","tier":2,"start_year":2000,"end_year":2025,"fid":21,"endonym":"Addis Abäba"}},{"type":"Feature","id":22,"geometry":{"type":"Point","coordinates":[138.59863,-34.92866]},"properties":{"name":"Adelaide","tier":3,"start_year":1900,"end_year":2025,"fid":22}},{"type":"Feature","id":23,"geometry":{"type":"Point","coordinates":[45.03667,12.77944]},"properties":{"name":"Aden","tier":3,"start_year":1900,"end_year":1901,"fid":23,"endonym":"عدن"}},{"type":"Feature","id":24,"geometry":{"type":"Point","coordinates":[7.983333,16.966667]},"properties":{"name":"Agades","tier":3,"start_year":1600,"end_year":1851,"fid":24,"endonym":"أغاديس"}},{"type":"Feature","id":25,"geometry":{"type":"Point","coordinates":[78.01667,27.18333]},"properties":{"name":"Agra","tier":1,"start_year":1575,"end_year":1650,"fid":25,"endonym":"آگره"}},{"type":"Feature","id":26,"geometry":{"type":"Point","coordinates":[78.01667,27.18333]},"properties":{"name":"Agra","tier":2,"start_year":1650,"end_year":1772,"fid":26,"endonym":"آگره"}},{"type":"Feature","id":27,"geometry":{"type":"Point","coordinates":[78.01667,27.18333]},"properties":{"name":"Agra","tier":3,"start_year":1772,"end_year":1848,"fid":27,"endonym":"آگره"}},{"type":"Feature","id":28,"geometry":{"type":"Point","coordinates":[78.01667,27.18333]},"properties":{"name":"Agra","tier":2,"start_year":1848,"end_year":1878,"fid":28,"endonym":"آگره"}},{"type":"Feature","id":29,"geometry":{"type":"Point","coordinates":[78.01667,27.18333]},"properties":{"name":"Agra","tier":3,"start_year":1878,"end_year":1976,"fid":29,"endonym":"آگره"}},{"type":"Feature","id":30,"geometry":{"type":"Point","coordinates":[13.58427204,37.29082765]},"properties":{"name":"Agrigento","tier":1,"start_year":-430,"end_year":-429,"fid":30,"endonym":"Ἀκράγας"}},{"type":"Feature","id":31,"geometry":{"type":"Point","coordinates":[-102.28259,21.88234]},"properties":{"name":"Aguascalientes","tier":3,"start_year":1900,"end_year":1901,"fid":31}},{"type":"Feature","id":32,"geometry":{"type":"Point","coordinates":[72.566004,23.039568]},"properties":{"name":"Ahmedabad","tier":2,"start_year":1450,"end_year":1495,"fid":32,"endonym":"Amdāvād"}},{"type":"Feature","id":33,"geometry":{"type":"Point","coordinates":[72.566004,23.039568]},"properties":{"name":"Ahmedabad","tier":1,"start_year":1495,"end_year":1745,"fid":33,"endonym":"Amdāvād"}},{"type":"Feature","id":34,"geometry":{"type":"Point","coordinates":[72.566004,23.039568]},"properties":{"name":"Ahmedabad","tier":2,"start_year":1745,"end_year":1853,"fid":34,"endonym":"Amdāvād"}},{"type":"Feature","id":35,"geometry":{"type":"Point","coordinates":[72.566004,23.039568]},"properties":{"name":"Ahmedabad","tier":3,"start_year":1853,"end_year":1940,"fid":35,"endonym":"Amdāvād"}},{"type":"Feature","id":36,"geometry":{"type":"Point","coordinates":[72.566004,23.039568]},"properties":{"name":"Ahmedabad","tier":2,"start_year":1940,"end_year":1976,"fid":36,"endonym":"Amdāvād"}},{"type":"Feature","id":37,"geometry":{"type":"Point","coordinates":[74.749592,19.095208]},"properties":{"name":"Ahmednagar","tier":2,"start_year":1499,"end_year":1690,"fid":37,"endonym":"احمدنگر"}},{"type":"Feature","id":38,"geometry":{"type":"Point","coordinates":[74.749592,19.095208]},"properties":{"name":"Ahmednagar","tier":3,"start_year":1690,"end_year":1901,"fid":38,"endonym":"احمدنگر"}},{"type":"Feature","id":39,"geometry":{"type":"Point","coordinates":[5.445429,43.526304]},"properties":{"name":"Aix","tier":3,"start_year":1263,"end_year":1852,"fid":39,"endonym":"Ais de Provença"}},{"type":"Feature","id":40,"geometry":{"type":"Point","coordinates":[74.64116,26.44976]},"properties":{"name":"Ajmer","tier":3,"start_year":1800,"end_year":1901,"fid":40}},{"type":"Feature","id":41,"geometry":{"type":"Point","coordinates":[140.11667,39.71667]},"properties":{"name":"Akita","tier":3,"start_year":1800,"end_year":1801,"fid":41,"endonym":"秋田"}},{"type":"Feature","id":42,"geometry":{"type":"Point","coordinates":[-81.5178,41.0731]},"properties":{"name":"Akron","tier":3,"start_year":1900,"end_year":1976,"fid":42}},{"type":"Feature","id":43,"geometry":{"type":"Point","coordinates":[80.26444,41.12306]},"properties":{"name":"Aksu","tier":2,"start_year":630,"end_year":900,"fid":43,"endonym":"ئاقسۇ"}},{"type":"Feature","id":44,"geometry":{"type":"Point","coordinates":[80.26444,41.12306]},"properties":{"name":"Aksu","tier":3,"start_year":900,"end_year":1875,"fid":44,"endonym":"ئاقسۇ"}},{"type":"Feature","id":45,"geometry":{"type":"Point","coordinates":[92.896944,20.144444]},"properties":{"name":"Akyab","tier":3,"start_year":1900,"end_year":1901,"fid":45,"endonym":"Sittwe"}},{"type":"Feature","id":46,"geometry":{"type":"Point","coordinates":[-73.756233,42.652578]},"properties":{"name":"Albany","tier":3,"start_year":1800,"end_year":1976,"fid":46}},{"type":"Feature","id":47,"geometry":{"type":"Point","coordinates":[-0.76389,51.24827]},"properties":{"name":"Aldershot","tier":3,"start_year":1900,"end_year":1901,"fid":47}},{"type":"Feature","id":48,"geometry":{"type":"Point","coordinates":[37.166667,36.216667]},"properties":{"name":"Aleppo","tier":1,"start_year":-1800,"end_year":-300,"fid":48,"endonym":"حلب"}},{"type":"Feature","id":49,"geometry":{"type":"Point","coordinates":[37.166667,36.216667]},"properties":{"name":"Aleppo","tier":2,"start_year":-300,"end_year":591,"fid":49,"endonym":"حلب"}},{"type":"Feature","id":50,"geometry":{"type":"Point","coordinates":[37.166667,36.216667]},"properties":{"name":"Aleppo","tier":1,"start_year":591,"end_year":600,"fid":50,"endonym":"حلب"}},{"type":"Feature","id":51,"geometry":{"type":"Point","coordinates":[37.166667,36.216667]},"properties":{"name":"Aleppo","tier":2,"start_year":600,"end_year":620,"fid":51,"endonym":"حلب"}},{"type":"Feature","id":52,"geometry":{"type":"Point","coordinates":[37.166667,36.216667]},"properties":{"name":"Aleppo","tier":1,"start_year":620,"end_year":671,"fid":52,"endonym":"حلب"}},{"type":"Feature","id":53,"geometry":{"type":"Point","coordinates":[37.166667,36.216667]},"properties":{"name":"Aleppo","tier":2,"start_year":671,"end_year":1831,"fid":53,"endonym":"حلب"}},{"type":"Feature","id":54,"geometry":{"type":"Point","coordinates":[37.166667,36.216667]},"properties":{"name":"Aleppo","tier":3,"start_year":1831,"end_year":2025,"fid":54,"endonym":"حلب"}},{"type":"Feature","id":55,"geometry":{"type":"Point","coordinates":[8.61894,44.91245]},"properties":{"name":"Alessandria","tier":3,"start_year":1174,"end_year":1901,"fid":55}},{"type":"Feature","id":56,"geometry":{"type":"Point","coordinates":[29.918739,31.200092]},"properties":{"name":"Alexandria","tier":1,"start_year":-300,"end_year":1069,"fid":56,"endonym":"Ἀλεξάνδρεια"}},{"type":"Feature","id":57,"geometry":{"type":"Point","coordinates":[29.918739,31.200092]},"properties":{"name":"Alexandria","tier":2,"start_year":1069,"end_year":1400,"fid":57,"endonym":"Ἀλεξάνδρεια"}},{"type":"Feature","id":58,"geometry":{"type":"Point","coordinates":[29.918739,31.200092]},"properties":{"name":"Alexandria","tier":3,"start_year":1400,"end_year":1840,"fid":58,"endonym":"Ἀλεξάνδρεια"}},{"type":"Feature","id":59,"geometry":{"type":"Point","coordinates":[29.918739,31.200092]},"properties":{"name":"Alexandria","tier":2,"start_year":1840,"end_year":2025,"fid":59,"endonym":"Ἀλεξάνδρεια"}},{"type":"Feature","id":60,"geometry":{"type":"Point","coordinates":[3.04197,36.7525]},"properties":{"name":"Algiers","tier":3,"start_year":1500,"end_year":1539,"fid":60,"endonym":"الجزائر"}},{"type":"Feature","id":61,"geometry":{"type":"Point","coordinates":[3.04197,36.7525]},"properties":{"name":"Algiers","tier":2,"start_year":1539,"end_year":1815,"fid":61,"endonym":"الجزائر"}},{"type":"Feature","id":62,"geometry":{"type":"Point","coordinates":[3.04197,36.7525]},"properties":{"name":"Algiers","tier":3,"start_year":1815,"end_year":1905,"fid":62,"endonym":"الجزائر"}},{"type":"Feature","id":63,"geometry":{"type":"Point","coordinates":[3.04197,36.7525]},"properties":{"name":"Algiers","tier":2,"start_year":1905,"end_year":1908,"fid":63,"endonym":"الجزائر"}},{"type":"Feature","id":64,"geometry":{"type":"Point","coordinates":[3.04197,36.7525]},"properties":{"name":"Algiers","tier":1,"start_year":1908,"end_year":1938,"fid":64,"endonym":"الجزائر"}},{"type":"Feature","id":65,"geometry":{"type":"Point","coordinates":[3.04197,36.7525]},"properties":{"name":"Algiers","tier":2,"start_year":1938,"end_year":1948,"fid":65,"endonym":"الجزائر"}},{"type":"Feature","id":66,"geometry":{"type":"Point","coordinates":[3.04197,36.7525]},"properties":{"name":"Algiers","tier":3,"start_year":1948,"end_year":1970,"fid":66,"endonym":"الجزائر"}},{"type":"Feature","id":67,"geometry":{"type":"Point","coordinates":[3.04197,36.7525]},"properties":{"name":"Algiers","tier":2,"start_year":1970,"end_year":2025,"fid":67,"endonym":"الجزائر"}},{"type":"Feature","id":68,"geometry":{"type":"Point","coordinates":[49.621944,25.429444]},"properties":{"name":"Al-Hasa","tier":1,"start_year":1000,"end_year":1052,"fid":68,"endonym":"الأحساء"}},{"type":"Feature","id":69,"geometry":{"type":"Point","coordinates":[-0.48149,38.34517]},"properties":{"name":"Alicante","tier":3,"start_year":1900,"end_year":1901,"fid":69,"endonym":"Alacant"}},{"type":"Feature","id":70,"geometry":{"type":"Point","coordinates":[78.07475,27.88334]},"properties":{"name":"Aligarh","tier":3,"start_year":1900,"end_year":1901,"fid":70,"endonym":"Alīgaṛh"}},{"type":"Feature","id":71,"geometry":{"type":"Point","coordinates":[8.4,9.2833]},"properties":{"name":"Alkalawa","tier":3,"start_year":1513,"end_year":1801,"fid":71,"endonym":"Alƙalawa"}},{"type":"Feature","id":72,"geometry":{"type":"Point","coordinates":[2.15138,6.66547]},"properties":{"name":"Allada","tier":3,"start_year":1682,"end_year":1701,"fid":72}},{"type":"Feature","id":73,"geometry":{"type":"Point","coordinates":[81.83328,25.44894]},"properties":{"name":"Allahabad","tier":3,"start_year":1576,"end_year":1976,"fid":73,"endonym":"الہ آباد"}},{"type":"Feature","id":74,"geometry":{"type":"Point","coordinates":[-74.58349,40.17789]},"properties":{"name":"Allentown","tier":3,"start_year":1900,"end_year":1976,"fid":74}},{"type":"Feature","id":75,"geometry":{"type":"Point","coordinates":[76.895833,43.2775]},"properties":{"name":"Almaty","tier":3,"start_year":1950,"end_year":2025,"fid":75,"endonym":"Алматы"}},{"type":"Feature","id":76,"geometry":{"type":"Point","coordinates":[-2.45974,36.83814]},"properties":{"name":"Almeria","tier":2,"start_year":1000,"end_year":1100,"fid":76,"endonym":"Almería"}},{"type":"Feature","id":77,"geometry":{"type":"Point","coordinates":[-2.45974,36.83814]},"properties":{"name":"Almeria","tier":3,"start_year":1100,"end_year":1901,"fid":77,"endonym":"Almería"}},{"type":"Feature","id":78,"geometry":{"type":"Point","coordinates":[4.040952,50.93781]},"properties":{"name":"Alost","tier":3,"start_year":1900,"end_year":1901,"fid":78,"endonym":"Aalst"}},{"type":"Feature","id":79,"geometry":{"type":"Point","coordinates":[12.433333,50.985]},"properties":{"name":"Altenburg","tier":3,"start_year":1900,"end_year":1901,"fid":79}},{"type":"Feature","id":80,"geometry":{"type":"Point","coordinates":[-78.394736,40.518681]},"properties":{"name":"Altoona","tier":3,"start_year":1900,"end_year":1901,"fid":80}},{"type":"Feature","id":81,"geometry":{"type":"Point","coordinates":[76.625,27.56246]},"properties":{"name":"Alwar","tier":3,"start_year":1900,"end_year":1901,"fid":81,"endonym":"Alavar"}},{"type":"Feature","id":82,"geometry":{"type":"Point","coordinates":[14.602683,40.634003]},"properties":{"name":"Amalfi","tier":2,"start_year":1000,"end_year":1100,"fid":82}},{"type":"Feature","id":83,"geometry":{"type":"Point","coordinates":[14.602683,40.634003]},"properties":{"name":"Amalfi","tier":3,"start_year":1100,"end_year":1855,"fid":83}},{"type":"Feature","id":84,"geometry":{"type":"Point","coordinates":[96.05,21.892983]},"properties":{"name":"Amarapura","tier":1,"start_year":1786,"end_year":1802,"fid":84}},{"type":"Feature","id":85,"geometry":{"type":"Point","coordinates":[96.05,21.892983]},"properties":{"name":"Amarapura","tier":2,"start_year":1802,"end_year":1823,"fid":85}},{"type":"Feature","id":86,"geometry":{"type":"Point","coordinates":[96.05,21.892983]},"properties":{"name":"Amarapura","tier":3,"start_year":1823,"end_year":1834,"fid":86}},{"type":"Feature","id":87,"geometry":{"type":"Point","coordinates":[96.05,21.892983]},"properties":{"name":"Amarapura","tier":2,"start_year":1834,"end_year":1836,"fid":87}},{"type":"Feature","id":88,"geometry":{"type":"Point","coordinates":[96.05,21.892983]},"properties":{"name":"Amarapura","tier":3,"start_year":1836,"end_year":1892,"fid":88}},{"type":"Feature","id":89,"geometry":{"type":"Point","coordinates":[30.89624244,27.64528963]},"properties":{"name":"Amarna","tier":1,"start_year":-1360,"end_year":-1359,"fid":89,"endonym":"Akhetaten"}},{"type":"Feature","id":90,"geometry":{"type":"Point","coordinates":[75.888251,26.985847]},"properties":{"name":"Amber","tier":2,"start_year":1500,"end_year":1564,"fid":90,"endonym":"Āmer"}},{"type":"Feature","id":91,"geometry":{"type":"Point","coordinates":[75.888251,26.985847]},"properties":{"name":"Amber","tier":3,"start_year":1564,"end_year":1598,"fid":91,"endonym":"Āmer"}},{"type":"Feature","id":92,"geometry":{"type":"Point","coordinates":[75.888251,26.985847]},"properties":{"name":"Amber","tier":2,"start_year":1598,"end_year":1729,"fid":92,"endonym":"Āmer"}},{"type":"Feature","id":93,"geometry":{"type":"Point","coordinates":[75.888251,26.985847]},"properties":{"name":"Amber","tier":3,"start_year":1729,"end_year":1902,"fid":93,"endonym":"Āmer"}},{"type":"Feature","id":94,"geometry":{"type":"Point","coordinates":[2.299,49.892]},"properties":{"name":"Amiens","tier":3,"start_year":1500,"end_year":1901,"fid":94}},{"type":"Feature","id":95,"geometry":{"type":"Point","coordinates":[35.94503,31.95522]},"properties":{"name":"Amman","tier":3,"start_year":1975,"end_year":2025,"fid":95,"endonym":"عَمّان"}},{"type":"Feature","id":96,"geometry":{"type":"Point","coordinates":[77.7647,20.9258]},"properties":{"name":"Amravati","tier":3,"start_year":1900,"end_year":1901,"fid":96,"endonym":"Amarāvatī"}},{"type":"Feature","id":97,"geometry":{"type":"Point","coordinates":[74.87476,31.63661]},"properties":{"name":"Amritsar","tier":3,"start_year":1800,"end_year":1842,"fid":97}},{"type":"Feature","id":98,"geometry":{"type":"Point","coordinates":[74.87476,31.63661]},"properties":{"name":"Amritsar","tier":2,"start_year":1842,"end_year":1864,"fid":98}},{"type":"Feature","id":99,"geometry":{"type":"Point","coordinates":[74.87476,31.63661]},"properties":{"name":"Amritsar","tier":3,"start_year":1864,"end_year":1951,"fid":99}},{"type":"Feature","id":100,"geometry":{"type":"Point","coordinates":[78.46984,28.90314]},"properties":{"name":"Amroha","tier":3,"start_year":1871,"end_year":1901,"fid":100,"endonym":"امروہہ"}},{"type":"Feature","id":101,"geometry":{"type":"Point","coordinates":[4.88969,52.37403]},"properties":{"name":"Amsterdam","tier":3,"start_year":1300,"end_year":1595,"fid":101}},{"type":"Feature","id":102,"geometry":{"type":"Point","coordinates":[4.88969,52.37403]},"properties":{"name":"Amsterdam","tier":2,"start_year":1595,"end_year":1600,"fid":102}},{"type":"Feature","id":103,"geometry":{"type":"Point","coordinates":[4.88969,52.37403]},"properties":{"name":"Amsterdam","tier":3,"start_year":1600,"end_year":1601,"fid":103}},{"type":"Feature","id":104,"geometry":{"type":"Point","coordinates":[4.88969,52.37403]},"properties":{"name":"Amsterdam","tier":2,"start_year":1601,"end_year":1637,"fid":104}},{"type":"Feature","id":105,"geometry":{"type":"Point","coordinates":[4.88969,52.37403]},"properties":{"name":"Amsterdam","tier":1,"start_year":1637,"end_year":1829,"fid":105}},{"type":"Feature","id":106,"geometry":{"type":"Point","coordinates":[4.88969,52.37403]},"properties":{"name":"Amsterdam","tier":2,"start_year":1829,"end_year":1976,"fid":106}},{"type":"Feature","id":107,"geometry":{"type":"Point","coordinates":[77.59588,14.08339]},"properties":{"name":"Anantpur","tier":3,"start_year":1400,"end_year":1509,"fid":107,"endonym":"Anantapuram"}},{"type":"Feature","id":108,"geometry":{"type":"Point","coordinates":[77.59588,14.08339]},"properties":{"name":"Anantpur","tier":2,"start_year":1509,"end_year":1709,"fid":108,"endonym":"Anantapuram"}},{"type":"Feature","id":109,"geometry":{"type":"Point","coordinates":[77.59588,14.08339]},"properties":{"name":"Anantpur","tier":3,"start_year":1709,"end_year":1710,"fid":109,"endonym":"Anantapuram"}},{"type":"Feature","id":110,"geometry":{"type":"Point","coordinates":[77.59588,14.08339]},"properties":{"name":"Anantpur","tier":2,"start_year":1710,"end_year":1711,"fid":110,"endonym":"Anantapuram"}},{"type":"Feature","id":111,"geometry":{"type":"Point","coordinates":[77.59588,14.08339]},"properties":{"name":"Anantpur","tier":3,"start_year":1711,"end_year":1902,"fid":111,"endonym":"Anantapuram"}},{"type":"Feature","id":112,"geometry":{"type":"Point","coordinates":[41.919647,32.559761]},"properties":{"name":"Anbar","tier":2,"start_year":800,"end_year":801,"fid":112,"endonym":"الأنبار"}},{"type":"Feature","id":113,"geometry":{"type":"Point","coordinates":[13.51008,43.59816]},"properties":{"name":"Ancona","tier":3,"start_year":1900,"end_year":1901,"fid":113}},{"type":"Feature","id":114,"geometry":{"type":"Point","coordinates":[72.333333,40.783333]},"properties":{"name":"Andizhan","tier":3,"start_year":1900,"end_year":1901,"fid":114,"endonym":"Андижон"}},{"type":"Feature","id":115,"geometry":{"type":"Point","coordinates":[16.29087,41.23063]},"properties":{"name":"Andria","tier":3,"start_year":1900,"end_year":1901,"fid":115}},{"type":"Feature","id":116,"geometry":{"type":"Point","coordinates":[-0.55,47.46667]},"properties":{"name":"Angers","tier":3,"start_year":1000,"end_year":1901,"fid":116}},{"type":"Feature","id":117,"geometry":{"type":"Point","coordinates":[103.86705,13.412417]},"properties":{"name":"Angkor","tier":2,"start_year":889,"end_year":900,"fid":117,"endonym":"Ângkôr"}},{"type":"Feature","id":118,"geometry":{"type":"Point","coordinates":[103.86705,13.412417]},"properties":{"name":"Angkor","tier":1,"start_year":900,"end_year":1363,"fid":118,"endonym":"Ângkôr"}},{"type":"Feature","id":119,"geometry":{"type":"Point","coordinates":[103.86705,13.412417]},"properties":{"name":"Angkor","tier":2,"start_year":1363,"end_year":1400,"fid":119,"endonym":"Ângkôr"}},{"type":"Feature","id":120,"geometry":{"type":"Point","coordinates":[103.86705,13.412417]},"properties":{"name":"Angkor","tier":3,"start_year":1400,"end_year":1405,"fid":120,"endonym":"Ângkôr"}},{"type":"Feature","id":121,"geometry":{"type":"Point","coordinates":[0.15,45.65]},"properties":{"name":"Angouleme","tier":3,"start_year":1900,"end_year":1901,"fid":121,"endonym":"Angoulême"}},{"type":"Feature","id":122,"geometry":{"type":"Point","coordinates":[43.567128,40.501381]},"properties":{"name":"Ani","tier":1,"start_year":1000,"end_year":1001,"fid":122}},{"type":"Feature","id":123,"geometry":{"type":"Point","coordinates":[32.85427,39.91987]},"properties":{"name":"Ankara","tier":2,"start_year":-100,"end_year":1000,"fid":123,"endonym":"Ἄγκυρα"}},{"type":"Feature","id":124,"geometry":{"type":"Point","coordinates":[32.85427,39.91987]},"properties":{"name":"Ankara","tier":3,"start_year":1000,"end_year":1970,"fid":124,"endonym":"Ἄγκυρα"}},{"type":"Feature","id":125,"geometry":{"type":"Point","coordinates":[32.85427,39.91987]},"properties":{"name":"Ankara","tier":2,"start_year":1970,"end_year":2025,"fid":125,"endonym":"Ἄγκυρα"}},{"type":"Feature","id":126,"geometry":{"type":"Point","coordinates":[117.05056,30.50917]},"properties":{"name":"Anqing","tier":3,"start_year":1800,"end_year":1912,"fid":126,"endonym":"安慶"}},{"type":"Feature","id":127,"geometry":{"type":"Point","coordinates":[122.9833,41.1167]},"properties":{"name":"Anshan","tier":3,"start_year":1975,"end_year":2025,"fid":127,"endonym":"Anzan"}},{"type":"Feature","id":128,"geometry":{"type":"Point","coordinates":[47.531623,-18.914812]},"properties":{"name":"Antananarivo","tier":3,"start_year":1900,"end_year":1901,"fid":128}},{"type":"Feature","id":129,"geometry":{"type":"Point","coordinates":[36.15722,36.20655]},"properties":{"name":"Antioch","tier":1,"start_year":-200,"end_year":763,"fid":129,"endonym":"Ἀντιόχεια"}},{"type":"Feature","id":130,"geometry":{"type":"Point","coordinates":[36.15722,36.20655]},"properties":{"name":"Antioch","tier":2,"start_year":763,"end_year":1100,"fid":130,"endonym":"Ἀντιόχεια"}},{"type":"Feature","id":131,"geometry":{"type":"Point","coordinates":[36.15722,36.20655]},"properties":{"name":"Antioch","tier":3,"start_year":1100,"end_year":1116,"fid":131,"endonym":"Ἀντιόχεια"}},{"type":"Feature","id":132,"geometry":{"type":"Point","coordinates":[36.15722,36.20655]},"properties":{"name":"Antioch","tier":2,"start_year":1116,"end_year":1200,"fid":132,"endonym":"Ἀντιόχεια"}},{"type":"Feature","id":133,"geometry":{"type":"Point","coordinates":[36.15722,36.20655]},"properties":{"name":"Antioch","tier":3,"start_year":1200,"end_year":1203,"fid":133,"endonym":"Ἀντιόχεια"}},{"type":"Feature","id":134,"geometry":{"type":"Point","coordinates":[36.15722,36.20655]},"properties":{"name":"Antioch","tier":2,"start_year":1203,"end_year":1206,"fid":134,"endonym":"Ἀντιόχεια"}},{"type":"Feature","id":135,"geometry":{"type":"Point","coordinates":[36.15722,36.20655]},"properties":{"name":"Antioch","tier":3,"start_year":1206,"end_year":1857,"fid":135,"endonym":"Ἀντιόχεια"}},{"type":"Feature","id":136,"geometry":{"type":"Point","coordinates":[4.402883,51.219217]},"properties":{"name":"Antwerp","tier":3,"start_year":1437,"end_year":1520,"fid":136,"endonym":"Antwerpen"}},{"type":"Feature","id":137,"geometry":{"type":"Point","coordinates":[4.402883,51.219217]},"properties":{"name":"Antwerp","tier":2,"start_year":1520,"end_year":1562,"fid":137,"endonym":"Antwerpen"}},{"type":"Feature","id":138,"geometry":{"type":"Point","coordinates":[4.402883,51.219217]},"properties":{"name":"Antwerp","tier":1,"start_year":1562,"end_year":1577,"fid":138,"endonym":"Antwerpen"}},{"type":"Feature","id":139,"geometry":{"type":"Point","coordinates":[4.402883,51.219217]},"properties":{"name":"Antwerp","tier":2,"start_year":1577,"end_year":1600,"fid":139,"endonym":"Antwerpen"}},{"type":"Feature","id":140,"geometry":{"type":"Point","coordinates":[4.402883,51.219217]},"properties":{"name":"Antwerp","tier":3,"start_year":1600,"end_year":1603,"fid":140,"endonym":"Antwerpen"}},{"type":"Feature","id":141,"geometry":{"type":"Point","coordinates":[4.402883,51.219217]},"properties":{"name":"Antwerp","tier":2,"start_year":1603,"end_year":1731,"fid":141,"endonym":"Antwerpen"}},{"type":"Feature","id":142,"geometry":{"type":"Point","coordinates":[4.402883,51.219217]},"properties":{"name":"Antwerp","tier":3,"start_year":1731,"end_year":1814,"fid":142,"endonym":"Antwerpen"}},{"type":"Feature","id":143,"geometry":{"type":"Point","coordinates":[4.402883,51.219217]},"properties":{"name":"Antwerp","tier":2,"start_year":1814,"end_year":1940,"fid":143,"endonym":"Antwerpen"}},{"type":"Feature","id":144,"geometry":{"type":"Point","coordinates":[4.402883,51.219217]},"properties":{"name":"Antwerp","tier":3,"start_year":1940,"end_year":1976,"fid":144,"endonym":"Antwerpen"}},{"type":"Feature","id":145,"geometry":{"type":"Point","coordinates":[80.41306,8.31223]},"properties":{"name":"Anuradhapura","tier":1,"start_year":-100,"end_year":901,"fid":145,"endonym":"Anurādhapuraya"}},{"type":"Feature","id":146,"geometry":{"type":"Point","coordinates":[114.32889,36.09944]},"properties":{"name":"Anyang","tier":1,"start_year":-1200,"end_year":-1199,"fid":146,"endonym":"安陽"}},{"type":"Feature","id":147,"geometry":{"type":"Point","coordinates":[113.65,34.766667]},"properties":{"name":"Ao","tier":1,"start_year":-1400,"end_year":-1000,"fid":147,"endonym":"隞"}},{"type":"Feature","id":150,"geometry":{"type":"Point","coordinates":[36.40475674,35.41853326]},"properties":{"name":"Apamea","tier":1,"start_year":-100,"end_year":201,"fid":150,"endonym":"Ἀπάμεια"}},{"type":"Feature","id":151,"geometry":{"type":"Point","coordinates":[21.31667,46.18333]},"properties":{"name":"Arad","tier":3,"start_year":1900,"end_year":1901,"fid":151}},{"type":"Feature","id":152,"geometry":{"type":"Point","coordinates":[93.987842,19.810092]},"properties":{"name":"Arakan","tier":2,"start_year":1500,"end_year":1737,"fid":152,"endonym":"Rakhine"}},{"type":"Feature","id":153,"geometry":{"type":"Point","coordinates":[93.987842,19.810092]},"properties":{"name":"Arakan","tier":3,"start_year":1737,"end_year":1878,"fid":153,"endonym":"Rakhine"}},{"type":"Feature","id":154,"geometry":{"type":"Point","coordinates":[79.31897,12.90569]},"properties":{"name":"Arcot","tier":3,"start_year":1751,"end_year":1882,"fid":154,"endonym":"Āṟkāṭu"}},{"type":"Feature","id":155,"geometry":{"type":"Point","coordinates":[-71.535,-16.39889]},"properties":{"name":"Arequipa","tier":3,"start_year":1425,"end_year":1856,"fid":155}},{"type":"Feature","id":156,"geometry":{"type":"Point","coordinates":[22.73333,37.63333]},"properties":{"name":"Argos","tier":1,"start_year":-1200,"end_year":-430,"fid":156,"endonym":"Ἄργος"}},{"type":"Feature","id":157,"geometry":{"type":"Point","coordinates":[22.73333,37.63333]},"properties":{"name":"Argos","tier":2,"start_year":-430,"end_year":-429,"fid":157,"endonym":"Ἄργος"}},{"type":"Feature","id":158,"geometry":{"type":"Point","coordinates":[40.533333,64.533333]},"properties":{"name":"Arkhangelsk","tier":3,"start_year":1950,"end_year":1951,"fid":158,"endonym":"Архангельск"}},{"type":"Feature","id":159,"geometry":{"type":"Point","coordinates":[4.6278,43.6767]},"properties":{"name":"Arles","tier":2,"start_year":361,"end_year":1000,"fid":159,"endonym":"Arle"}},{"type":"Feature","id":160,"geometry":{"type":"Point","coordinates":[4.6278,43.6767]},"properties":{"name":"Arles","tier":3,"start_year":1000,"end_year":1852,"fid":160,"endonym":"Arle"}},{"type":"Feature","id":161,"geometry":{"type":"Point","coordinates":[5.91111,51.98]},"properties":{"name":"Arnhem","tier":3,"start_year":1900,"end_year":1901,"fid":161}},{"type":"Feature","id":162,"geometry":{"type":"Point","coordinates":[68.9833,27.65]},"properties":{"name":"Aror","tier":2,"start_year":622,"end_year":623,"fid":162}},{"type":"Feature","id":163,"geometry":{"type":"Point","coordinates":[84.4,25.34]},"properties":{"name":"Arrah","tier":3,"start_year":1900,"end_year":1901,"fid":163,"endonym":"Ārā"}},{"type":"Feature","id":164,"geometry":{"type":"Point","coordinates":[2.777533,50.291]},"properties":{"name":"Arras","tier":3,"start_year":1194,"end_year":1852,"fid":164}},{"type":"Feature","id":165,"geometry":{"type":"Point","coordinates":[48.083239,46.366681]},"properties":{"name":"Astrakhan","tier":2,"start_year":800,"end_year":1169,"fid":165,"endonym":"Астрахань"}},{"type":"Feature","id":166,"geometry":{"type":"Point","coordinates":[48.083239,46.366681]},"properties":{"name":"Astrakhan","tier":3,"start_year":1169,"end_year":1197,"fid":166,"endonym":"Астрахань"}},{"type":"Feature","id":167,"geometry":{"type":"Point","coordinates":[48.083239,46.366681]},"properties":{"name":"Astrakhan","tier":2,"start_year":1197,"end_year":1200,"fid":167,"endonym":"Астрахань"}},{"type":"Feature","id":168,"geometry":{"type":"Point","coordinates":[48.083239,46.366681]},"properties":{"name":"Astrakhan","tier":3,"start_year":1200,"end_year":1951,"fid":168,"endonym":"Астрахань"}},{"type":"Feature","id":169,"geometry":{"type":"Point","coordinates":[-57.63591,-25.30066]},"properties":{"name":"Asuncion","tier":3,"start_year":1640,"end_year":1976,"fid":169,"endonym":"Asunción"}},{"type":"Feature","id":170,"geometry":{"type":"Point","coordinates":[31.18368,27.18096]},"properties":{"name":"Asyut","tier":3,"start_year":1090,"end_year":1901,"fid":170,"endonym":"أسيوط"}},{"type":"Feature","id":171,"geometry":{"type":"Point","coordinates":[23.71622,37.97945]},"properties":{"name":"Athens","tier":1,"start_year":-430,"end_year":-300,"fid":171,"endonym":"Ἀθῆναι"}},{"type":"Feature","id":172,"geometry":{"type":"Point","coordinates":[23.71622,37.97945]},"properties":{"name":"Athens","tier":2,"start_year":-300,"end_year":-200,"fid":172,"endonym":"Ἀθῆναι"}},{"type":"Feature","id":173,"geometry":{"type":"Point","coordinates":[23.71622,37.97945]},"properties":{"name":"Athens","tier":1,"start_year":-200,"end_year":-100,"fid":173,"endonym":"Ἀθῆναι"}},{"type":"Feature","id":174,"geometry":{"type":"Point","coordinates":[23.71622,37.97945]},"properties":{"name":"Athens","tier":2,"start_year":-100,"end_year":1100,"fid":174,"endonym":"Ἀθῆναι"}},{"type":"Feature","id":175,"geometry":{"type":"Point","coordinates":[23.71622,37.97945]},"properties":{"name":"Athens","tier":3,"start_year":1100,"end_year":1907,"fid":175,"endonym":"Ἀθῆναι"}},{"type":"Feature","id":176,"geometry":{"type":"Point","coordinates":[23.71622,37.97945]},"properties":{"name":"Athens","tier":2,"start_year":1907,"end_year":1976,"fid":176,"endonym":"Ἀθῆναι"}},{"type":"Feature","id":177,"geometry":{"type":"Point","coordinates":[-84.38798,33.749]},"properties":{"name":"Atlanta","tier":3,"start_year":1900,"end_year":1970,"fid":177}},{"type":"Feature","id":178,"geometry":{"type":"Point","coordinates":[-84.38798,33.749]},"properties":{"name":"Atlanta","tier":2,"start_year":1970,"end_year":1976,"fid":178}},{"type":"Feature","id":179,"geometry":{"type":"Point","coordinates":[-85.480833,32.587778]},"properties":{"name":"Auburn","tier":3,"start_year":1900,"end_year":1901,"fid":179}},{"type":"Feature","id":180,"geometry":{"type":"Point","coordinates":[174.76667,-36.86667]},"properties":{"name":"Auckland","tier":3,"start_year":1900,"end_year":1976,"fid":180}},{"type":"Feature","id":181,"geometry":{"type":"Point","coordinates":[10.898239,48.371444]},"properties":{"name":"Augsberg","tier":2,"start_year":800,"end_year":900,"fid":181,"endonym":"Augsburg"}},{"type":"Feature","id":182,"geometry":{"type":"Point","coordinates":[10.898239,48.371444]},"properties":{"name":"Augsberg","tier":3,"start_year":900,"end_year":1622,"fid":182,"endonym":"Augsburg"}},{"type":"Feature","id":183,"geometry":{"type":"Point","coordinates":[10.898239,48.371444]},"properties":{"name":"Augsberg","tier":2,"start_year":1622,"end_year":1634,"fid":183,"endonym":"Augsburg"}},{"type":"Feature","id":184,"geometry":{"type":"Point","coordinates":[10.898239,48.371444]},"properties":{"name":"Augsberg","tier":3,"start_year":1634,"end_year":1951,"fid":184,"endonym":"Augsburg"}},{"type":"Feature","id":185,"geometry":{"type":"Point","coordinates":[-82.010515,33.473498]},"properties":{"name":"Augusta","tier":3,"start_year":1900,"end_year":1901,"fid":185}},{"type":"Feature","id":186,"geometry":{"type":"Point","coordinates":[75.343314,19.876165]},"properties":{"name":"Aurangabad","tier":1,"start_year":1700,"end_year":1720,"fid":186,"endonym":"اورنگ آباد"}},{"type":"Feature","id":187,"geometry":{"type":"Point","coordinates":[75.343314,19.876165]},"properties":{"name":"Aurangabad","tier":2,"start_year":1720,"end_year":1744,"fid":187,"endonym":"اورنگ آباد"}},{"type":"Feature","id":188,"geometry":{"type":"Point","coordinates":[75.343314,19.876165]},"properties":{"name":"Aurangabad","tier":3,"start_year":1744,"end_year":1902,"fid":188,"endonym":"اورنگ آباد"}},{"type":"Feature","id":189,"geometry":{"type":"Point","coordinates":[31.82221773,30.78629566]},"properties":{"name":"Avaris","tier":1,"start_year":-1800,"end_year":-1599,"fid":189,"endonym":"Hut-waret"}},{"type":"Feature","id":190,"geometry":{"type":"Point","coordinates":[4.80892,43.94834]},"properties":{"name":"Avignon","tier":3,"start_year":1200,"end_year":1901,"fid":190}},{"type":"Feature","id":191,"geometry":{"type":"Point","coordinates":[38.714081,14.131781]},"properties":{"name":"Axum","tier":1,"start_year":1100,"end_year":1208,"fid":191,"endonym":"Aksum"}},{"type":"Feature","id":192,"geometry":{"type":"Point","coordinates":[38.714081,14.131781]},"properties":{"name":"Axum","tier":2,"start_year":1208,"end_year":1370,"fid":192,"endonym":"Aksum"}},{"type":"Feature","id":193,"geometry":{"type":"Point","coordinates":[38.714081,14.131781]},"properties":{"name":"Axum","tier":3,"start_year":1370,"end_year":1839,"fid":193,"endonym":"Aksum"}},{"type":"Feature","id":194,"geometry":{"type":"Point","coordinates":[-74.22154,-13.1615]},"properties":{"name":"Ayacucho","tier":3,"start_year":1574,"end_year":1853,"fid":194,"endonym":"Huamanga"}},{"type":"Feature","id":195,"geometry":{"type":"Point","coordinates":[27.83963,37.84501]},"properties":{"name":"Aydin","tier":3,"start_year":1900,"end_year":1901,"fid":195,"endonym":"ايدين"}},{"type":"Feature","id":196,"geometry":{"type":"Point","coordinates":[100.55,14.35]},"properties":{"name":"Ayutthaya","tier":1,"start_year":1450,"end_year":1595,"fid":196}},{"type":"Feature","id":197,"geometry":{"type":"Point","coordinates":[100.55,14.35]},"properties":{"name":"Ayutthaya","tier":2,"start_year":1595,"end_year":1661,"fid":197}},{"type":"Feature","id":198,"geometry":{"type":"Point","coordinates":[100.55,14.35]},"properties":{"name":"Ayutthaya","tier":1,"start_year":1661,"end_year":1784,"fid":198}},{"type":"Feature","id":199,"geometry":{"type":"Point","coordinates":[100.55,14.35]},"properties":{"name":"Ayutthaya","tier":2,"start_year":1784,"end_year":1829,"fid":199}},{"type":"Feature","id":200,"geometry":{"type":"Point","coordinates":[100.55,14.35]},"properties":{"name":"Ayutthaya","tier":3,"start_year":1829,"end_year":1856,"fid":200}},{"type":"Feature","id":201,"geometry":{"type":"Point","coordinates":[26.71281,39.33589]},"properties":{"name":"Ayvalik","tier":3,"start_year":1800,"end_year":1801,"fid":201,"endonym":"Κυδωνίες"}},{"type":"Feature","id":202,"geometry":{"type":"Point","coordinates":[-8.342222,33.287778]},"properties":{"name":"Azemmour","tier":3,"start_year":1300,"end_year":1901,"fid":202,"endonym":"أزمور"}},{"type":"Feature","id":203,"geometry":{"type":"Point","coordinates":[44.420833,32.536389]},"properties":{"name":"Babylon","tier":1,"start_year":-1700,"end_year":-299,"fid":203,"endonym":"Bābili"}},{"type":"Feature","id":204,"geometry":{"type":"Point","coordinates":[-6.97061,38.87789]},"properties":{"name":"Badajoz","tier":3,"start_year":1000,"end_year":1906,"fid":204,"endonym":"بطليوس"}},{"type":"Feature","id":205,"geometry":{"type":"Point","coordinates":[75.67683,15.91495]},"properties":{"name":"Badami","tier":1,"start_year":622,"end_year":630,"fid":205,"endonym":"Vātāpī"}},{"type":"Feature","id":206,"geometry":{"type":"Point","coordinates":[75.67683,15.91495]},"properties":{"name":"Badami","tier":2,"start_year":630,"end_year":637,"fid":206,"endonym":"Vātāpī"}},{"type":"Feature","id":207,"geometry":{"type":"Point","coordinates":[75.67683,15.91495]},"properties":{"name":"Badami","tier":1,"start_year":637,"end_year":640,"fid":207,"endonym":"Vātāpī"}},{"type":"Feature","id":208,"geometry":{"type":"Point","coordinates":[75.67683,15.91495]},"properties":{"name":"Badami","tier":2,"start_year":640,"end_year":1255,"fid":208,"endonym":"Vātāpī"}},{"type":"Feature","id":209,"geometry":{"type":"Point","coordinates":[75.67683,15.91495]},"properties":{"name":"Badami","tier":3,"start_year":1255,"end_year":1265,"fid":209,"endonym":"Vātāpī"}},{"type":"Feature","id":210,"geometry":{"type":"Point","coordinates":[75.67683,15.91495]},"properties":{"name":"Badami","tier":2,"start_year":1265,"end_year":1268,"fid":210,"endonym":"Vātāpī"}},{"type":"Feature","id":211,"geometry":{"type":"Point","coordinates":[75.67683,15.91495]},"properties":{"name":"Badami","tier":3,"start_year":1268,"end_year":1902,"fid":211,"endonym":"Vātāpī"}},{"type":"Feature","id":212,"geometry":{"type":"Point","coordinates":[-3.47103,37.99384]},"properties":{"name":"Baeza","tier":3,"start_year":1407,"end_year":1851,"fid":212}},{"type":"Feature","id":213,"geometry":{"type":"Point","coordinates":[94.8602,21.172111]},"properties":{"name":"Bagan","tier":1,"start_year":1100,"end_year":1251,"fid":213,"endonym":"Pugam"}},{"type":"Feature","id":214,"geometry":{"type":"Point","coordinates":[44.40088,33.34058]},"properties":{"name":"Baghdad","tier":1,"start_year":763,"end_year":1124,"fid":214,"endonym":"بغداد"}},{"type":"Feature","id":215,"geometry":{"type":"Point","coordinates":[44.40088,33.34058]},"properties":{"name":"Baghdad","tier":2,"start_year":1124,"end_year":1143,"fid":215,"endonym":"بغداد"}},{"type":"Feature","id":216,"geometry":{"type":"Point","coordinates":[44.40088,33.34058]},"properties":{"name":"Baghdad","tier":3,"start_year":1143,"end_year":1164,"fid":216,"endonym":"بغداد"}},{"type":"Feature","id":217,"geometry":{"type":"Point","coordinates":[44.40088,33.34058]},"properties":{"name":"Baghdad","tier":2,"start_year":1164,"end_year":1194,"fid":217,"endonym":"بغداد"}},{"type":"Feature","id":218,"geometry":{"type":"Point","coordinates":[44.40088,33.34058]},"properties":{"name":"Baghdad","tier":1,"start_year":1194,"end_year":1259,"fid":218,"endonym":"بغداد"}},{"type":"Feature","id":219,"geometry":{"type":"Point","coordinates":[44.40088,33.34058]},"properties":{"name":"Baghdad","tier":2,"start_year":1259,"end_year":1337,"fid":219,"endonym":"بغداد"}},{"type":"Feature","id":220,"geometry":{"type":"Point","coordinates":[44.40088,33.34058]},"properties":{"name":"Baghdad","tier":1,"start_year":1337,"end_year":1416,"fid":220,"endonym":"بغداد"}},{"type":"Feature","id":221,"geometry":{"type":"Point","coordinates":[44.40088,33.34058]},"properties":{"name":"Baghdad","tier":2,"start_year":1416,"end_year":1575,"fid":221,"endonym":"بغداد"}},{"type":"Feature","id":222,"geometry":{"type":"Point","coordinates":[44.40088,33.34058]},"properties":{"name":"Baghdad","tier":3,"start_year":1575,"end_year":1700,"fid":222,"endonym":"بغداد"}},{"type":"Feature","id":223,"geometry":{"type":"Point","coordinates":[44.40088,33.34058]},"properties":{"name":"Baghdad","tier":2,"start_year":1700,"end_year":1701,"fid":223,"endonym":"بغداد"}},{"type":"Feature","id":224,"geometry":{"type":"Point","coordinates":[44.40088,33.34058]},"properties":{"name":"Baghdad","tier":3,"start_year":1701,"end_year":1705,"fid":224,"endonym":"بغداد"}},{"type":"Feature","id":225,"geometry":{"type":"Point","coordinates":[44.40088,33.34058]},"properties":{"name":"Baghdad","tier":2,"start_year":1705,"end_year":1838,"fid":225,"endonym":"بغداد"}},{"type":"Feature","id":226,"geometry":{"type":"Point","coordinates":[44.40088,33.34058]},"properties":{"name":"Baghdad","tier":3,"start_year":1838,"end_year":1953,"fid":226,"endonym":"بغداد"}},{"type":"Feature","id":227,"geometry":{"type":"Point","coordinates":[44.40088,33.34058]},"properties":{"name":"Baghdad","tier":2,"start_year":1953,"end_year":2025,"fid":227,"endonym":"بغداد"}},{"type":"Feature","id":228,"geometry":{"type":"Point","coordinates":[71.68333,29.3956]},"properties":{"name":"Bahawalpur","tier":3,"start_year":1800,"end_year":1801,"fid":228,"endonym":"بہاولپور"}},{"type":"Feature","id":229,"geometry":{"type":"Point","coordinates":[33.867233,44.755286]},"properties":{"name":"Bakhchiserai","tier":3,"start_year":1500,"end_year":1852,"fid":229,"endonym":"باغچهسارای"}},{"type":"Feature","id":230,"geometry":{"type":"Point","coordinates":[49.89201,40.37767]},"properties":{"name":"Baku","tier":3,"start_year":1900,"end_year":1920,"fid":230,"endonym":"Bakı"}},{"type":"Feature","id":231,"geometry":{"type":"Point","coordinates":[49.89201,40.37767]},"properties":{"name":"Baku","tier":2,"start_year":1920,"end_year":1970,"fid":231,"endonym":"Bakı"}},{"type":"Feature","id":232,"geometry":{"type":"Point","coordinates":[49.89201,40.37767]},"properties":{"name":"Baku","tier":3,"start_year":1970,"end_year":2000,"fid":232,"endonym":"Bakı"}},{"type":"Feature","id":233,"geometry":{"type":"Point","coordinates":[49.89201,40.37767]},"properties":{"name":"Baku","tier":2,"start_year":2000,"end_year":2025,"fid":233,"endonym":"Bakı"}},{"type":"Feature","id":234,"geometry":{"type":"Point","coordinates":[75.250456,42.379739]},"properties":{"name":"Balasaghun","tier":2,"start_year":757,"end_year":1214,"fid":234,"endonym":"بلاساغون"}},{"type":"Feature","id":235,"geometry":{"type":"Point","coordinates":[66.8972,36.75635]},"properties":{"name":"Balkh","tier":2,"start_year":-200,"end_year":1100,"fid":235,"endonym":"بلخ"}},{"type":"Feature","id":236,"geometry":{"type":"Point","coordinates":[66.8972,36.75635]},"properties":{"name":"Balkh","tier":3,"start_year":1100,"end_year":1811,"fid":236,"endonym":"بلخ"}},{"type":"Feature","id":237,"geometry":{"type":"Point","coordinates":[143.84957,-37.56622]},"properties":{"name":"Ballarat","tier":3,"start_year":1900,"end_year":1901,"fid":237}},{"type":"Feature","id":238,"geometry":{"type":"Point","coordinates":[-76.61219,39.29038]},"properties":{"name":"Baltimore","tier":3,"start_year":1775,"end_year":1815,"fid":238}},{"type":"Feature","id":239,"geometry":{"type":"Point","coordinates":[-76.61219,39.29038]},"properties":{"name":"Baltimore","tier":2,"start_year":1815,"end_year":1976,"fid":239}},{"type":"Feature","id":240,"geometry":{"type":"Point","coordinates":[10.90067,49.89873]},"properties":{"name":"Bamberg","tier":3,"start_year":1900,"end_year":1901,"fid":240}},{"type":"Feature","id":241,"geometry":{"type":"Point","coordinates":[80.3333,25.4833]},"properties":{"name":"Banda","tier":3,"start_year":1800,"end_year":1801,"fid":241,"endonym":"Bāndā"}},{"type":"Feature","id":242,"geometry":{"type":"Point","coordinates":[114.942217,4.890283]},"properties":{"name":"Bandar Seri Begawan","tier":3,"start_year":1225,"end_year":1852,"fid":242,"endonym":"بروني"}},{"type":"Feature","id":243,"geometry":{"type":"Point","coordinates":[107.609814,-6.914744]},"properties":{"name":"Bandung","tier":2,"start_year":1950,"end_year":1970,"fid":243}},{"type":"Feature","id":244,"geometry":{"type":"Point","coordinates":[107.609814,-6.914744]},"properties":{"name":"Bandung","tier":3,"start_year":1970,"end_year":2000,"fid":244}},{"type":"Feature","id":245,"geometry":{"type":"Point","coordinates":[107.609814,-6.914744]},"properties":{"name":"Bandung","tier":1,"start_year":2000,"end_year":2025,"fid":245}},{"type":"Feature","id":246,"geometry":{"type":"Point","coordinates":[77.59369,12.97194]},"properties":{"name":"Bangalore","tier":3,"start_year":1800,"end_year":1830,"fid":246,"endonym":"Beṅgaḷūru"}},{"type":"Feature","id":247,"geometry":{"type":"Point","coordinates":[77.59369,12.97194]},"properties":{"name":"Bangalore","tier":2,"start_year":1830,"end_year":1875,"fid":247,"endonym":"Beṅgaḷūru"}},{"type":"Feature","id":248,"geometry":{"type":"Point","coordinates":[77.59369,12.97194]},"properties":{"name":"Bangalore","tier":3,"start_year":1875,"end_year":1944,"fid":248,"endonym":"Beṅgaḷūru"}},{"type":"Feature","id":249,"geometry":{"type":"Point","coordinates":[77.59369,12.97194]},"properties":{"name":"Bangalore","tier":2,"start_year":1944,"end_year":2025,"fid":249,"endonym":"Beṅgaḷūru"}},{"type":"Feature","id":250,"geometry":{"type":"Point","coordinates":[100.50144,13.75398]},"properties":{"name":"Bangkok","tier":3,"start_year":1800,"end_year":1827,"fid":250,"endonym":"Krung Thep Maha Nakhon"}},{"type":"Feature","id":251,"geometry":{"type":"Point","coordinates":[100.50144,13.75398]},"properties":{"name":"Bangkok","tier":2,"start_year":1827,"end_year":1920,"fid":251,"endonym":"Krung Thep Maha Nakhon"}},{"type":"Feature","id":252,"geometry":{"type":"Point","coordinates":[100.50144,13.75398]},"properties":{"name":"Bangkok","tier":3,"start_year":1920,"end_year":1928,"fid":252,"endonym":"Krung Thep Maha Nakhon"}},{"type":"Feature","id":253,"geometry":{"type":"Point","coordinates":[100.50144,13.75398]},"properties":{"name":"Bangkok","tier":2,"start_year":1928,"end_year":1975,"fid":253,"endonym":"Krung Thep Maha Nakhon"}},{"type":"Feature","id":254,"geometry":{"type":"Point","coordinates":[100.50144,13.75398]},"properties":{"name":"Bangkok","tier":1,"start_year":1975,"end_year":2025,"fid":254,"endonym":"Krung Thep Maha Nakhon"}},{"type":"Feature","id":255,"geometry":{"type":"Point","coordinates":[106.064081,-6.405369]},"properties":{"name":"Bantam","tier":2,"start_year":1600,"end_year":1603,"fid":255,"endonym":"بنتن"}},{"type":"Feature","id":256,"geometry":{"type":"Point","coordinates":[106.064081,-6.405369]},"properties":{"name":"Bantam","tier":3,"start_year":1603,"end_year":1631,"fid":256,"endonym":"بنتن"}},{"type":"Feature","id":257,"geometry":{"type":"Point","coordinates":[115.464806,38.873891]},"properties":{"name":"Baoding","tier":3,"start_year":1900,"end_year":1901,"fid":257,"endonym":"保定"}},{"type":"Feature","id":258,"geometry":{"type":"Point","coordinates":[109.84054,40.65744]},"properties":{"name":"Baotou","tier":3,"start_year":1975,"end_year":2025,"fid":258,"endonym":"包頭"}},{"type":"Feature","id":259,"geometry":{"type":"Point","coordinates":[2.15899,41.38879]},"properties":{"name":"Barcelona","tier":3,"start_year":950,"end_year":1641,"fid":259}},{"type":"Feature","id":260,"geometry":{"type":"Point","coordinates":[2.15899,41.38879]},"properties":{"name":"Barcelona","tier":2,"start_year":1641,"end_year":1682,"fid":260}},{"type":"Feature","id":261,"geometry":{"type":"Point","coordinates":[2.15899,41.38879]},"properties":{"name":"Barcelona","tier":3,"start_year":1682,"end_year":1747,"fid":261}},{"type":"Feature","id":262,"geometry":{"type":"Point","coordinates":[2.15899,41.38879]},"properties":{"name":"Barcelona","tier":2,"start_year":1747,"end_year":1750,"fid":262}},{"type":"Feature","id":263,"geometry":{"type":"Point","coordinates":[2.15899,41.38879]},"properties":{"name":"Barcelona","tier":3,"start_year":1750,"end_year":1756,"fid":263}},{"type":"Feature","id":264,"geometry":{"type":"Point","coordinates":[2.15899,41.38879]},"properties":{"name":"Barcelona","tier":2,"start_year":1756,"end_year":2000,"fid":264}},{"type":"Feature","id":265,"geometry":{"type":"Point","coordinates":[2.15899,41.38879]},"properties":{"name":"Barcelona","tier":3,"start_year":2000,"end_year":2025,"fid":265}},{"type":"Feature","id":266,"geometry":{"type":"Point","coordinates":[79.42193,28.34702]},"properties":{"name":"Bareilly","tier":3,"start_year":1750,"end_year":1789,"fid":266,"endonym":"Barelī"}},{"type":"Feature","id":267,"geometry":{"type":"Point","coordinates":[79.42193,28.34702]},"properties":{"name":"Bareilly","tier":2,"start_year":1789,"end_year":1807,"fid":267,"endonym":"Barelī"}},{"type":"Feature","id":268,"geometry":{"type":"Point","coordinates":[79.42193,28.34702]},"properties":{"name":"Bareilly","tier":3,"start_year":1807,"end_year":1832,"fid":268,"endonym":"Barelī"}},{"type":"Feature","id":269,"geometry":{"type":"Point","coordinates":[79.42193,28.34702]},"properties":{"name":"Bareilly","tier":2,"start_year":1832,"end_year":1834,"fid":269,"endonym":"Barelī"}},{"type":"Feature","id":270,"geometry":{"type":"Point","coordinates":[79.42193,28.34702]},"properties":{"name":"Bareilly","tier":3,"start_year":1834,"end_year":1835,"fid":270,"endonym":"Barelī"}},{"type":"Feature","id":271,"geometry":{"type":"Point","coordinates":[79.42193,28.34702]},"properties":{"name":"Bareilly","tier":2,"start_year":1835,"end_year":1861,"fid":271,"endonym":"Barelī"}},{"type":"Feature","id":272,"geometry":{"type":"Point","coordinates":[79.42193,28.34702]},"properties":{"name":"Bareilly","tier":3,"start_year":1861,"end_year":1901,"fid":272,"endonym":"Barelī"}},{"type":"Feature","id":273,"geometry":{"type":"Point","coordinates":[16.871872,41.117142]},"properties":{"name":"Bari","tier":3,"start_year":1278,"end_year":1951,"fid":273}},{"type":"Feature","id":274,"geometry":{"type":"Point","coordinates":[16.29077,41.31183]},"properties":{"name":"Barletta","tier":3,"start_year":1900,"end_year":1901,"fid":274}},{"type":"Feature","id":275,"geometry":{"type":"Point","coordinates":[83.76361,53.36056]},"properties":{"name":"Barnaul","tier":3,"start_year":1950,"end_year":1976,"fid":275,"endonym":"Барнаул"}},{"type":"Feature","id":276,"geometry":{"type":"Point","coordinates":[-1.48333,53.55]},"properties":{"name":"Barnsley","tier":3,"start_year":1900,"end_year":1901,"fid":276}},{"type":"Feature","id":277,"geometry":{"type":"Point","coordinates":[-69.32278,10.07389]},"properties":{"name":"Barquisimeto","tier":3,"start_year":1900,"end_year":1901,"fid":277}},{"type":"Feature","id":278,"geometry":{"type":"Point","coordinates":[-74.78132,10.96854]},"properties":{"name":"Barranquilla","tier":3,"start_year":1900,"end_year":2025,"fid":278}},{"type":"Feature","id":279,"geometry":{"type":"Point","coordinates":[-156.78872,71.29058]},"properties":{"name":"Barrow","tier":3,"start_year":1900,"end_year":1901,"fid":279,"endonym":"Barrow-in-Furness"}},{"type":"Feature","id":280,"geometry":{"type":"Point","coordinates":[7.57327,47.5584]},"properties":{"name":"Basel","tier":3,"start_year":1900,"end_year":1951,"fid":280}},{"type":"Feature","id":281,"geometry":{"type":"Point","coordinates":[47.816667,30.5]},"properties":{"name":"Basra","tier":1,"start_year":671,"end_year":903,"fid":281,"endonym":"البصرة"}},{"type":"Feature","id":282,"geometry":{"type":"Point","coordinates":[47.816667,30.5]},"properties":{"name":"Basra","tier":2,"start_year":903,"end_year":1300,"fid":282,"endonym":"البصرة"}},{"type":"Feature","id":283,"geometry":{"type":"Point","coordinates":[47.816667,30.5]},"properties":{"name":"Basra","tier":3,"start_year":1300,"end_year":1626,"fid":283,"endonym":"البصرة"}},{"type":"Feature","id":284,"geometry":{"type":"Point","coordinates":[47.816667,30.5]},"properties":{"name":"Basra","tier":2,"start_year":1626,"end_year":1684,"fid":284,"endonym":"البصرة"}},{"type":"Feature","id":285,"geometry":{"type":"Point","coordinates":[47.816667,30.5]},"properties":{"name":"Basra","tier":3,"start_year":1684,"end_year":1753,"fid":285,"endonym":"البصرة"}},{"type":"Feature","id":286,"geometry":{"type":"Point","coordinates":[47.816667,30.5]},"properties":{"name":"Basra","tier":2,"start_year":1753,"end_year":1787,"fid":286,"endonym":"البصرة"}},{"type":"Feature","id":287,"geometry":{"type":"Point","coordinates":[47.816667,30.5]},"properties":{"name":"Basra","tier":3,"start_year":1787,"end_year":1788,"fid":287,"endonym":"البصرة"}},{"type":"Feature","id":288,"geometry":{"type":"Point","coordinates":[47.816667,30.5]},"properties":{"name":"Basra","tier":2,"start_year":1788,"end_year":1789,"fid":288,"endonym":"البصرة"}},{"type":"Feature","id":289,"geometry":{"type":"Point","coordinates":[47.816667,30.5]},"properties":{"name":"Basra","tier":3,"start_year":1789,"end_year":1873,"fid":289,"endonym":"البصرة"}},{"type":"Feature","id":290,"geometry":{"type":"Point","coordinates":[47.816667,30.5]},"properties":{"name":"Basra","tier":2,"start_year":1873,"end_year":1953,"fid":290,"endonym":"البصرة"}},{"type":"Feature","id":291,"geometry":{"type":"Point","coordinates":[47.816667,30.5]},"properties":{"name":"Basra","tier":3,"start_year":1953,"end_year":1976,"fid":291,"endonym":"البصرة"}},{"type":"Feature","id":292,"geometry":{"type":"Point","coordinates":[94.731666,16.774168]},"properties":{"name":"Bassein","tier":3,"start_year":1900,"end_year":1901,"fid":292,"endonym":"Pathein"}},{"type":"Feature","id":293,"geometry":{"type":"Point","coordinates":[-2.35907,51.37795]},"properties":{"name":"Bath","tier":3,"start_year":1700,"end_year":1901,"fid":293}},{"type":"Feature","id":294,"geometry":{"type":"Point","coordinates":[9.844167,10.315833]},"properties":{"name":"Bauchi","tier":3,"start_year":1850,"end_year":1901,"fid":294,"endonym":"باوچي"}},{"type":"Feature","id":295,"geometry":{"type":"Point","coordinates":[-83.888639,43.59505]},"properties":{"name":"Bay City","tier":3,"start_year":1900,"end_year":1901,"fid":295}},{"type":"Feature","id":3457,"geometry":{"type":"Point","coordinates":[116.39723,39.9075]},"properties":{"name":"Yanjing","tier":2,"start_year":900,"end_year":1143,"fid":3457,"endonym":"燕京"}},{"type":"Feature","id":3458,"geometry":{"type":"Point","coordinates":[116.39723,39.9075]},"properties":{"name":"Yanjing","tier":1,"start_year":1143,"end_year":1153,"fid":3458,"endonym":"燕京"}},{"type":"Feature","id":3459,"geometry":{"type":"Point","coordinates":[116.39723,39.9075]},"properties":{"name":"Zhongdu","tier":1,"start_year":1153,"end_year":1272,"fid":3459,"endonym":"中都"}},{"type":"Feature","id":3460,"geometry":{"type":"Point","coordinates":[116.39723,39.9075]},"properties":{"name":"Khanbaliq","tier":1,"start_year":1272,"end_year":1368,"fid":3460,"endonym":"大都"}},{"type":"Feature","id":3461,"geometry":{"type":"Point","coordinates":[116.39723,39.9075]},"properties":{"name":"Beijing","tier":1,"start_year":1368,"end_year":2025,"fid":3461,"endonym":"北京"}},{"type":"Feature","id":298,"geometry":{"type":"Point","coordinates":[35.49442,33.88894]},"properties":{"name":"Beirut","tier":3,"start_year":1950,"end_year":1976,"fid":298,"endonym":"بَيْروت"}},{"type":"Feature","id":299,"geometry":{"type":"Point","coordinates":[5.066667,36.75]},"properties":{"name":"Bejaia","tier":2,"start_year":1100,"end_year":1397,"fid":299,"endonym":"بجاية"}},{"type":"Feature","id":300,"geometry":{"type":"Point","coordinates":[5.066667,36.75]},"properties":{"name":"Bejaia","tier":3,"start_year":1397,"end_year":1834,"fid":300,"endonym":"بجاية"}},{"type":"Feature","id":301,"geometry":{"type":"Point","coordinates":[-48.503889,-1.455833]},"properties":{"name":"Belem","tier":3,"start_year":1900,"end_year":2025,"fid":301,"endonym":"Belém"}},{"type":"Feature","id":302,"geometry":{"type":"Point","coordinates":[-5.930117,54.597283]},"properties":{"name":"Belfast","tier":3,"start_year":1757,"end_year":1846,"fid":302}},{"type":"Feature","id":303,"geometry":{"type":"Point","coordinates":[-5.930117,54.597283]},"properties":{"name":"Belfast","tier":2,"start_year":1846,"end_year":1928,"fid":303}},{"type":"Feature","id":304,"geometry":{"type":"Point","coordinates":[-5.930117,54.597283]},"properties":{"name":"Belfast","tier":3,"start_year":1928,"end_year":1976,"fid":304}},{"type":"Feature","id":305,"geometry":{"type":"Point","coordinates":[74.50447,15.85212]},"properties":{"name":"Belgaum","tier":3,"start_year":1900,"end_year":1901,"fid":305,"endonym":"Beḷagāvi"}},{"type":"Feature","id":306,"geometry":{"type":"Point","coordinates":[30.333333,46.183333]},"properties":{"name":"Belgorod-Dnestrovskiy","tier":3,"start_year":1900,"end_year":1901,"fid":306,"endonym":"Аккерман"}},{"type":"Feature","id":307,"geometry":{"type":"Point","coordinates":[20.46513,44.80401]},"properties":{"name":"Belgrade","tier":3,"start_year":1433,"end_year":2025,"fid":307,"endonym":"Београд"}},{"type":"Feature","id":308,"geometry":{"type":"Point","coordinates":[76.91751,15.14575]},"properties":{"name":"Bellary","tier":3,"start_year":1800,"end_year":1901,"fid":308,"endonym":"Baḷḷāri"}},{"type":"Feature","id":309,"geometry":{"type":"Point","coordinates":[-43.93778,-19.92083]},"properties":{"name":"Belo Horizonte","tier":3,"start_year":1950,"end_year":1970,"fid":309}},{"type":"Feature","id":310,"geometry":{"type":"Point","coordinates":[-43.93778,-19.92083]},"properties":{"name":"Belo Horizonte","tier":2,"start_year":1970,"end_year":2025,"fid":310}},{"type":"Feature","id":311,"geometry":{"type":"Point","coordinates":[75.86519,13.16558]},"properties":{"name":"Belur","tier":3,"start_year":1901,"end_year":1902,"fid":311,"endonym":"Bēlūru"}},{"type":"Feature","id":312,"geometry":{"type":"Point","coordinates":[29.47111,46.83056]},"properties":{"name":"Bendery","tier":3,"start_year":1900,"end_year":1901,"fid":312,"endonym":"Бендеры"}},{"type":"Feature","id":313,"geometry":{"type":"Point","coordinates":[144.28024,-36.75818]},"properties":{"name":"Bendigo","tier":3,"start_year":1900,"end_year":1901,"fid":313}},{"type":"Feature","id":314,"geometry":{"type":"Point","coordinates":[5.626483,6.339081]},"properties":{"name":"Benin","tier":2,"start_year":1600,"end_year":1689,"fid":314,"endonym":"Ubini"}},{"type":"Feature","id":315,"geometry":{"type":"Point","coordinates":[5.626483,6.339081]},"properties":{"name":"Benin","tier":3,"start_year":1689,"end_year":1855,"fid":315,"endonym":"Ubini"}},{"type":"Feature","id":316,"geometry":{"type":"Point","coordinates":[123.765,41.28861]},"properties":{"name":"Benxi","tier":3,"start_year":1975,"end_year":1976,"fid":316,"endonym":"本溪"}},{"type":"Feature","id":317,"geometry":{"type":"Point","coordinates":[28.587936,49.907903]},"properties":{"name":"Berdychiv","tier":3,"start_year":1842,"end_year":1901,"fid":317,"endonym":"Бердичев"}},{"type":"Feature","id":318,"geometry":{"type":"Point","coordinates":[9.66895,45.69798]},"properties":{"name":"Bergamo","tier":3,"start_year":1000,"end_year":1862,"fid":318}},{"type":"Feature","id":319,"geometry":{"type":"Point","coordinates":[5.322053,60.391264]},"properties":{"name":"Bergen","tier":3,"start_year":1270,"end_year":1901,"fid":319}},{"type":"Feature","id":320,"geometry":{"type":"Point","coordinates":[7.116667,51.2]},"properties":{"name":"Bergisch Gladbach","tier":3,"start_year":1900,"end_year":1951,"fid":320}},{"type":"Feature","id":321,"geometry":{"type":"Point","coordinates":[13.41053,52.52437]},"properties":{"name":"Berlin","tier":3,"start_year":1600,"end_year":1708,"fid":321}},{"type":"Feature","id":322,"geometry":{"type":"Point","coordinates":[13.41053,52.52437]},"properties":{"name":"Berlin","tier":2,"start_year":1708,"end_year":1783,"fid":322}},{"type":"Feature","id":323,"geometry":{"type":"Point","coordinates":[13.41053,52.52437]},"properties":{"name":"Berlin","tier":1,"start_year":1783,"end_year":1788,"fid":323}},{"type":"Feature","id":324,"geometry":{"type":"Point","coordinates":[13.41053,52.52437]},"properties":{"name":"Berlin","tier":2,"start_year":1788,"end_year":1792,"fid":324}},{"type":"Feature","id":325,"geometry":{"type":"Point","coordinates":[13.41053,52.52437]},"properties":{"name":"Berlin","tier":1,"start_year":1792,"end_year":1975,"fid":325}},{"type":"Feature","id":326,"geometry":{"type":"Point","coordinates":[13.41053,52.52437]},"properties":{"name":"Berlin","tier":2,"start_year":1975,"end_year":2025,"fid":326}},{"type":"Feature","id":327,"geometry":{"type":"Point","coordinates":[7.44744,46.94809]},"properties":{"name":"Bern","tier":3,"start_year":1900,"end_year":1901,"fid":327}},{"type":"Feature","id":328,"geometry":{"type":"Point","coordinates":[11.73421,51.797014]},"properties":{"name":"Bernburg","tier":3,"start_year":1900,"end_year":1901,"fid":328}},{"type":"Feature","id":329,"geometry":{"type":"Point","coordinates":[35.495479,33.888629]},"properties":{"name":"Beruit","tier":3,"start_year":1900,"end_year":1901,"fid":329,"endonym":"بيروت"}},{"type":"Feature","id":330,"geometry":{"type":"Point","coordinates":[-2.007,55.771]},"properties":{"name":"Berwick-upon-Tweed","tier":3,"start_year":1900,"end_year":1901,"fid":330}},{"type":"Feature","id":331,"geometry":{"type":"Point","coordinates":[6.01815,47.24878]},"properties":{"name":"Besancon","tier":3,"start_year":1687,"end_year":1901,"fid":331,"endonym":"Besançon"}},{"type":"Feature","id":332,"geometry":{"type":"Point","coordinates":[3.21899,43.34762]},"properties":{"name":"Beziers","tier":3,"start_year":1200,"end_year":1901,"fid":332,"endonym":"Besièrs"}},{"type":"Feature","id":333,"geometry":{"type":"Point","coordinates":[86.97183,25.24446]},"properties":{"name":"Bhagalpur","tier":3,"start_year":1800,"end_year":1901,"fid":333,"endonym":"Bhāgalpur"}},{"type":"Feature","id":334,"geometry":{"type":"Point","coordinates":[85.427778,27.672222]},"properties":{"name":"Bhaktapur","tier":3,"start_year":1900,"end_year":1906,"fid":334}},{"type":"Feature","id":335,"geometry":{"type":"Point","coordinates":[77.49009,27.21731]},"properties":{"name":"Bharatpur","tier":3,"start_year":1750,"end_year":1763,"fid":335}},{"type":"Feature","id":336,"geometry":{"type":"Point","coordinates":[77.49009,27.21731]},"properties":{"name":"Bharatpur","tier":2,"start_year":1763,"end_year":1764,"fid":336}},{"type":"Feature","id":337,"geometry":{"type":"Point","coordinates":[77.49009,27.21731]},"properties":{"name":"Bharatpur","tier":3,"start_year":1764,"end_year":1768,"fid":337}},{"type":"Feature","id":338,"geometry":{"type":"Point","coordinates":[77.49009,27.21731]},"properties":{"name":"Bharatpur","tier":2,"start_year":1768,"end_year":1811,"fid":338}},{"type":"Feature","id":339,"geometry":{"type":"Point","coordinates":[77.49009,27.21731]},"properties":{"name":"Bharatpur","tier":3,"start_year":1811,"end_year":1901,"fid":339}},{"type":"Feature","id":340,"geometry":{"type":"Point","coordinates":[72.1525,21.77446]},"properties":{"name":"Bhavnagar","tier":3,"start_year":1900,"end_year":1901,"fid":340,"endonym":"Bhāvanagar"}},{"type":"Feature","id":341,"geometry":{"type":"Point","coordinates":[81.531578,16.54541]},"properties":{"name":"Bhimavaram","tier":2,"start_year":1422,"end_year":1600,"fid":341,"endonym":"Bhīmavaram"}},{"type":"Feature","id":342,"geometry":{"type":"Point","coordinates":[81.531578,16.54541]},"properties":{"name":"Bhimavaram","tier":3,"start_year":1600,"end_year":1882,"fid":342,"endonym":"Bhīmavaram"}},{"type":"Feature","id":343,"geometry":{"type":"Point","coordinates":[76.14108,28.79194]},"properties":{"name":"Bhiwani","tier":3,"start_year":1900,"end_year":1901,"fid":343,"endonym":"Bhivānī"}},{"type":"Feature","id":344,"geometry":{"type":"Point","coordinates":[69.66928,23.25397]},"properties":{"name":"Bhuj","tier":3,"start_year":1800,"end_year":1801,"fid":344,"endonym":"Bhūj"}},{"type":"Feature","id":345,"geometry":{"type":"Point","coordinates":[23.16433,53.13333]},"properties":{"name":"Bialystok","tier":3,"start_year":1900,"end_year":1901,"fid":345,"endonym":"Białystok"}},{"type":"Feature","id":346,"geometry":{"type":"Point","coordinates":[6.01667,9.08333]},"properties":{"name":"Bida","tier":3,"start_year":1900,"end_year":1901,"fid":346}},{"type":"Feature","id":347,"geometry":{"type":"Point","coordinates":[77.5301,17.91331]},"properties":{"name":"Bidar","tier":2,"start_year":1450,"end_year":1451,"fid":347,"endonym":"بیدر"}},{"type":"Feature","id":348,"geometry":{"type":"Point","coordinates":[8.53333,52.03333]},"properties":{"name":"Bielefeld","tier":3,"start_year":1900,"end_year":1901,"fid":348}},{"type":"Feature","id":349,"geometry":{"type":"Point","coordinates":[85.313119,25.096074]},"properties":{"name":"Bihar","tier":3,"start_year":1600,"end_year":1901,"fid":349,"endonym":"Bihār"}},{"type":"Feature","id":350,"geometry":{"type":"Point","coordinates":[75.71537,16.82442]},"properties":{"name":"Bijapur","tier":3,"start_year":1500,"end_year":1505,"fid":350,"endonym":"بیجاپور"}},{"type":"Feature","id":351,"geometry":{"type":"Point","coordinates":[75.71537,16.82442]},"properties":{"name":"Bijapur","tier":2,"start_year":1505,"end_year":1570,"fid":351,"endonym":"بیجاپور"}},{"type":"Feature","id":352,"geometry":{"type":"Point","coordinates":[75.71537,16.82442]},"properties":{"name":"Bijapur","tier":1,"start_year":1570,"end_year":1770,"fid":352,"endonym":"بیجاپور"}},{"type":"Feature","id":353,"geometry":{"type":"Point","coordinates":[75.71537,16.82442]},"properties":{"name":"Bijapur","tier":2,"start_year":1770,"end_year":1817,"fid":353,"endonym":"بیجاپور"}},{"type":"Feature","id":354,"geometry":{"type":"Point","coordinates":[75.71537,16.82442]},"properties":{"name":"Bijapur","tier":3,"start_year":1817,"end_year":1853,"fid":354,"endonym":"بیجاپور"}},{"type":"Feature","id":355,"geometry":{"type":"Point","coordinates":[73.30749,28.02094]},"properties":{"name":"Bikaner","tier":3,"start_year":1800,"end_year":1901,"fid":355,"endonym":"Bīkāner"}},{"type":"Feature","id":356,"geometry":{"type":"Point","coordinates":[-2.92528,43.26271]},"properties":{"name":"Bilbao","tier":3,"start_year":1900,"end_year":1976,"fid":356,"endonym":"Bilbo"}},{"type":"Feature","id":357,"geometry":{"type":"Point","coordinates":[-75.91797,42.09869]},"properties":{"name":"Binghamton","tier":3,"start_year":1900,"end_year":1901,"fid":357}},{"type":"Feature","id":358,"geometry":{"type":"Point","coordinates":[108.902683,14.166256]},"properties":{"name":"Binh Dinh","tier":3,"start_year":1069,"end_year":1216,"fid":358,"endonym":"Bal Hanguw"}},{"type":"Feature","id":359,"geometry":{"type":"Point","coordinates":[108.902683,14.166256]},"properties":{"name":"Binh Dinh","tier":2,"start_year":1216,"end_year":1450,"fid":359,"endonym":"Bal Hanguw"}},{"type":"Feature","id":360,"geometry":{"type":"Point","coordinates":[108.902683,14.166256]},"properties":{"name":"Binh Dinh","tier":3,"start_year":1450,"end_year":1451,"fid":360,"endonym":"Bal Hanguw"}},{"type":"Feature","id":361,"geometry":{"type":"Point","coordinates":[108.902683,14.166256]},"properties":{"name":"Binh Dinh","tier":2,"start_year":1451,"end_year":1455,"fid":361,"endonym":"Bal Hanguw"}},{"type":"Feature","id":362,"geometry":{"type":"Point","coordinates":[108.902683,14.166256]},"properties":{"name":"Binh Dinh","tier":3,"start_year":1455,"end_year":1472,"fid":362,"endonym":"Bal Hanguw"}},{"type":"Feature","id":363,"geometry":{"type":"Point","coordinates":[-1.89983,52.48142]},"properties":{"name":"Birmingham","tier":3,"start_year":1700,"end_year":1793,"fid":363}},{"type":"Feature","id":364,"geometry":{"type":"Point","coordinates":[-1.89983,52.48142]},"properties":{"name":"Birmingham","tier":2,"start_year":1793,"end_year":1844,"fid":364}},{"type":"Feature","id":365,"geometry":{"type":"Point","coordinates":[-1.89983,52.48142]},"properties":{"name":"Birmingham","tier":1,"start_year":1844,"end_year":1970,"fid":365}},{"type":"Feature","id":366,"geometry":{"type":"Point","coordinates":[-1.89983,52.48142]},"properties":{"name":"Birmingham","tier":2,"start_year":1970,"end_year":2000,"fid":366}},{"type":"Feature","id":367,"geometry":{"type":"Point","coordinates":[-1.89983,52.48142]},"properties":{"name":"Birmingham","tier":3,"start_year":2000,"end_year":2025,"fid":367}},{"type":"Feature","id":368,"geometry":{"type":"Point","coordinates":[-86.80249,33.520661]},"properties":{"name":"Birmingham","tier":3,"start_year":1900,"end_year":1953,"fid":368}},{"type":"Feature","id":369,"geometry":{"type":"Point","coordinates":[-86.80249,33.520661]},"properties":{"name":"Birmingham","tier":2,"start_year":1953,"end_year":1975,"fid":369}},{"type":"Feature","id":370,"geometry":{"type":"Point","coordinates":[-86.80249,33.520661]},"properties":{"name":"Birmingham","tier":3,"start_year":1975,"end_year":1976,"fid":370}},{"type":"Feature","id":371,"geometry":{"type":"Point","coordinates":[42.10784,38.40115]},"properties":{"name":"Bitlis","tier":3,"start_year":1800,"end_year":1901,"fid":371,"endonym":"بدليس"}},{"type":"Feature","id":372,"geometry":{"type":"Point","coordinates":[-2.487536,53.748578]},"properties":{"name":"Blackburn","tier":3,"start_year":1801,"end_year":1901,"fid":372}},{"type":"Feature","id":373,"geometry":{"type":"Point","coordinates":[-3.05,53.81667]},"properties":{"name":"Blackpool","tier":3,"start_year":1900,"end_year":1901,"fid":373}},{"type":"Feature","id":374,"geometry":{"type":"Point","coordinates":[127.540406,50.272776]},"properties":{"name":"Blagoveshchensk","tier":3,"start_year":1900,"end_year":1901,"fid":374,"endonym":"Благовещенск"}},{"type":"Feature","id":375,"geometry":{"type":"Point","coordinates":[-4.416667,36.716667]},"properties":{"name":"Bobastro","tier":2,"start_year":900,"end_year":901,"fid":375,"endonym":"بُبَشْتُرُ"}},{"type":"Feature","id":376,"geometry":{"type":"Point","coordinates":[29.233333,53.15]},"properties":{"name":"Bobruysk","tier":3,"start_year":1900,"end_year":1901,"fid":376,"endonym":"Бобруйск"}},{"type":"Feature","id":377,"geometry":{"type":"Point","coordinates":[-74.075833,4.598056]},"properties":{"name":"Bogota","tier":3,"start_year":1500,"end_year":1953,"fid":377,"endonym":"Bogotá"}},{"type":"Feature","id":378,"geometry":{"type":"Point","coordinates":[-74.075833,4.598056]},"properties":{"name":"Bogota","tier":2,"start_year":1953,"end_year":2000,"fid":378,"endonym":"Bogotá"}},{"type":"Feature","id":379,"geometry":{"type":"Point","coordinates":[-74.075833,4.598056]},"properties":{"name":"Bogota","tier":1,"start_year":2000,"end_year":2025,"fid":379,"endonym":"Bogotá"}},{"type":"Feature","id":380,"geometry":{"type":"Point","coordinates":[11.33875,44.49381]},"properties":{"name":"Bologna","tier":3,"start_year":1200,"end_year":1201,"fid":380}},{"type":"Feature","id":381,"geometry":{"type":"Point","coordinates":[11.33875,44.49381]},"properties":{"name":"Bologna","tier":2,"start_year":1201,"end_year":1822,"fid":381}},{"type":"Feature","id":382,"geometry":{"type":"Point","coordinates":[11.33875,44.49381]},"properties":{"name":"Bologna","tier":3,"start_year":1822,"end_year":1823,"fid":382}},{"type":"Feature","id":383,"geometry":{"type":"Point","coordinates":[11.33875,44.49381]},"properties":{"name":"Bologna","tier":2,"start_year":1823,"end_year":1827,"fid":383}},{"type":"Feature","id":384,"geometry":{"type":"Point","coordinates":[11.33875,44.49381]},"properties":{"name":"Bologna","tier":3,"start_year":1827,"end_year":1976,"fid":384}},{"type":"Feature","id":385,"geometry":{"type":"Point","coordinates":[-2.43333,53.58333]},"properties":{"name":"Bolton","tier":3,"start_year":1801,"end_year":1901,"fid":385}},{"type":"Feature","id":386,"geometry":{"type":"Point","coordinates":[36.23333,7.28333]},"properties":{"name":"Bonga","tier":3,"start_year":1800,"end_year":1801,"fid":386}},{"type":"Feature","id":387,"geometry":{"type":"Point","coordinates":[7.09548,50.73438]},"properties":{"name":"Bonn","tier":3,"start_year":1900,"end_year":1976,"fid":387}},{"type":"Feature","id":388,"geometry":{"type":"Point","coordinates":[-0.5805,44.84044]},"properties":{"name":"Bordeaux","tier":3,"start_year":1200,"end_year":1721,"fid":388}},{"type":"Feature","id":389,"geometry":{"type":"Point","coordinates":[-0.5805,44.84044]},"properties":{"name":"Bordeaux","tier":2,"start_year":1721,"end_year":1922,"fid":389}},{"type":"Feature","id":390,"geometry":{"type":"Point","coordinates":[-0.5805,44.84044]},"properties":{"name":"Bordeaux","tier":3,"start_year":1922,"end_year":1976,"fid":390}},{"type":"Feature","id":391,"geometry":{"type":"Point","coordinates":[3.345133,50.617619]},"properties":{"name":"Borinage","tier":3,"start_year":1806,"end_year":1951,"fid":391}},{"type":"Feature","id":392,"geometry":{"type":"Point","coordinates":[64.369167,31.583056]},"properties":{"name":"Bost","tier":2,"start_year":1100,"end_year":1150,"fid":392,"endonym":"بُست"}},{"type":"Feature","id":393,"geometry":{"type":"Point","coordinates":[-71.059772,42.358431]},"properties":{"name":"Boston","tier":3,"start_year":1700,"end_year":1809,"fid":393}},{"type":"Feature","id":394,"geometry":{"type":"Point","coordinates":[-71.059772,42.358431]},"properties":{"name":"Boston","tier":2,"start_year":1809,"end_year":1857,"fid":394}},{"type":"Feature","id":395,"geometry":{"type":"Point","coordinates":[-71.059772,42.358431]},"properties":{"name":"Boston","tier":1,"start_year":1857,"end_year":1975,"fid":395}},{"type":"Feature","id":396,"geometry":{"type":"Point","coordinates":[-71.059772,42.358431]},"properties":{"name":"Boston","tier":2,"start_year":1975,"end_year":1976,"fid":396}},{"type":"Feature","id":397,"geometry":{"type":"Point","coordinates":[1.6147,50.7264]},"properties":{"name":"Boulogne","tier":3,"start_year":1900,"end_year":1901,"fid":397,"endonym":"Boulogne-sur-Mer"}},{"type":"Feature","id":398,"geometry":{"type":"Point","coordinates":[2.4,47.08333]},"properties":{"name":"Bourges","tier":3,"start_year":1100,"end_year":1901,"fid":398}},{"type":"Feature","id":399,"geometry":{"type":"Point","coordinates":[-1.8795,50.72048]},"properties":{"name":"Bournemouth","tier":3,"start_year":1900,"end_year":1951,"fid":399}},{"type":"Feature","id":400,"geometry":{"type":"Point","coordinates":[-1.75206,53.79391]},"properties":{"name":"Bradford","tier":3,"start_year":1801,"end_year":1848,"fid":400}},{"type":"Feature","id":401,"geometry":{"type":"Point","coordinates":[-1.75206,53.79391]},"properties":{"name":"Bradford","tier":2,"start_year":1848,"end_year":1912,"fid":401}},{"type":"Feature","id":402,"geometry":{"type":"Point","coordinates":[-1.75206,53.79391]},"properties":{"name":"Bradford","tier":3,"start_year":1912,"end_year":1951,"fid":402}},{"type":"Feature","id":403,"geometry":{"type":"Point","coordinates":[27.98333,45.26667]},"properties":{"name":"Braila","tier":3,"start_year":1900,"end_year":1901,"fid":403,"endonym":"Brăila"}},{"type":"Feature","id":404,"geometry":{"type":"Point","coordinates":[12.533333,52.416667]},"properties":{"name":"Brandenburg","tier":3,"start_year":1900,"end_year":1901,"fid":404,"endonym":"Brandenburg an der Havel"}},{"type":"Feature","id":405,"geometry":{"type":"Point","coordinates":[-47.92972,-15.77972]},"properties":{"name":"Brasilia","tier":3,"start_year":1975,"end_year":2000,"fid":405,"endonym":"Brasília"}},{"type":"Feature","id":406,"geometry":{"type":"Point","coordinates":[-47.92972,-15.77972]},"properties":{"name":"Brasilia","tier":2,"start_year":2000,"end_year":2025,"fid":406,"endonym":"Brasília"}},{"type":"Feature","id":407,"geometry":{"type":"Point","coordinates":[25.616667,45.666667]},"properties":{"name":"Brasov","tier":3,"start_year":1900,"end_year":1901,"fid":407,"endonym":"Brașov"}},{"type":"Feature","id":408,"geometry":{"type":"Point","coordinates":[17.107136,48.145892]},"properties":{"name":"Bratislava","tier":3,"start_year":1350,"end_year":1901,"fid":408,"endonym":"Pozsony"}},{"type":"Feature","id":409,"geometry":{"type":"Point","coordinates":[10.526769,52.268875]},"properties":{"name":"Braunschweig","tier":3,"start_year":1200,"end_year":1951,"fid":409}},{"type":"Feature","id":410,"geometry":{"type":"Point","coordinates":[8.80777,53.07516]},"properties":{"name":"Bremen","tier":3,"start_year":1494,"end_year":1976,"fid":410}},{"type":"Feature","id":411,"geometry":{"type":"Point","coordinates":[8.57674,53.55021]},"properties":{"name":"Bremerhaven","tier":3,"start_year":1900,"end_year":1901,"fid":411}},{"type":"Feature","id":412,"geometry":{"type":"Point","coordinates":[10.22727,45.52478]},"properties":{"name":"Brescia","tier":3,"start_year":1100,"end_year":1503,"fid":412}},{"type":"Feature","id":413,"geometry":{"type":"Point","coordinates":[10.22727,45.52478]},"properties":{"name":"Brescia","tier":2,"start_year":1503,"end_year":1509,"fid":413}},{"type":"Feature","id":414,"geometry":{"type":"Point","coordinates":[10.22727,45.52478]},"properties":{"name":"Brescia","tier":3,"start_year":1509,"end_year":1901,"fid":414}},{"type":"Feature","id":415,"geometry":{"type":"Point","coordinates":[23.666667,52.133333]},"properties":{"name":"Brest","tier":3,"start_year":1900,"end_year":1901,"fid":415,"endonym":"Брест-Литовск"}},{"type":"Feature","id":416,"geometry":{"type":"Point","coordinates":[-4.486075,48.3908]},"properties":{"name":"Brest","tier":3,"start_year":1710,"end_year":1901,"fid":416,"endonym":"Брест-Литовск"}},{"type":"Feature","id":417,"geometry":{"type":"Point","coordinates":[-73.1956,41.1864]},"properties":{"name":"Bridgeport","tier":3,"start_year":1900,"end_year":1951,"fid":417}},{"type":"Feature","id":418,"geometry":{"type":"Point","coordinates":[-0.137164,50.822531]},"properties":{"name":"Brighton","tier":3,"start_year":1801,"end_year":1951,"fid":418}},{"type":"Feature","id":419,"geometry":{"type":"Point","coordinates":[153.02809,-27.46794]},"properties":{"name":"Brisbane","tier":3,"start_year":1900,"end_year":2025,"fid":419}},{"type":"Feature","id":420,"geometry":{"type":"Point","coordinates":[-2.59665,51.45523]},"properties":{"name":"Bristol","tier":3,"start_year":1568,"end_year":1790,"fid":420}},{"type":"Feature","id":421,"geometry":{"type":"Point","coordinates":[-2.59665,51.45523]},"properties":{"name":"Bristol","tier":2,"start_year":1790,"end_year":1925,"fid":421}},{"type":"Feature","id":422,"geometry":{"type":"Point","coordinates":[-2.59665,51.45523]},"properties":{"name":"Bristol","tier":3,"start_year":1925,"end_year":1976,"fid":422}},{"type":"Feature","id":423,"geometry":{"type":"Point","coordinates":[73.002294,21.724644]},"properties":{"name":"Broach","tier":2,"start_year":630,"end_year":900,"fid":423,"endonym":"Bharūc"}},{"type":"Feature","id":424,"geometry":{"type":"Point","coordinates":[73.002294,21.724644]},"properties":{"name":"Broach","tier":3,"start_year":900,"end_year":903,"fid":424,"endonym":"Bharūc"}},{"type":"Feature","id":425,"geometry":{"type":"Point","coordinates":[73.002294,21.724644]},"properties":{"name":"Broach","tier":2,"start_year":903,"end_year":958,"fid":425,"endonym":"Bharūc"}},{"type":"Feature","id":426,"geometry":{"type":"Point","coordinates":[73.002294,21.724644]},"properties":{"name":"Broach","tier":3,"start_year":958,"end_year":1901,"fid":426,"endonym":"Bharūc"}},{"type":"Feature","id":427,"geometry":{"type":"Point","coordinates":[-71.01838,42.08343]},"properties":{"name":"Brockton","tier":3,"start_year":1900,"end_year":1901,"fid":427}},{"type":"Feature","id":428,"geometry":{"type":"Point","coordinates":[3.224936,51.210819]},"properties":{"name":"Brugge","tier":3,"start_year":1250,"end_year":1255,"fid":428}},{"type":"Feature","id":429,"geometry":{"type":"Point","coordinates":[3.224936,51.210819]},"properties":{"name":"Brugge","tier":2,"start_year":1255,"end_year":1327,"fid":429}},{"type":"Feature","id":430,"geometry":{"type":"Point","coordinates":[3.224936,51.210819]},"properties":{"name":"Brugge","tier":3,"start_year":1327,"end_year":1353,"fid":430}},{"type":"Feature","id":431,"geometry":{"type":"Point","coordinates":[3.224936,51.210819]},"properties":{"name":"Brugge","tier":2,"start_year":1353,"end_year":1565,"fid":431}},{"type":"Feature","id":432,"geometry":{"type":"Point","coordinates":[3.224936,51.210819]},"properties":{"name":"Brugge","tier":3,"start_year":1565,"end_year":1901,"fid":432}},{"type":"Feature","id":433,"geometry":{"type":"Point","coordinates":[16.6167,49.2]},"properties":{"name":"Brunn","tier":3,"start_year":1466,"end_year":1951,"fid":433,"endonym":"Brünn"}},{"type":"Feature","id":434,"geometry":{"type":"Point","coordinates":[4.34878,50.85045]},"properties":{"name":"Brussel","tier":3,"start_year":1374,"end_year":1640,"fid":434}},{"type":"Feature","id":435,"geometry":{"type":"Point","coordinates":[4.34878,50.85045]},"properties":{"name":"Brussel","tier":2,"start_year":1640,"end_year":1752,"fid":435}},{"type":"Feature","id":436,"geometry":{"type":"Point","coordinates":[4.34878,50.85045]},"properties":{"name":"Brussel","tier":3,"start_year":1752,"end_year":1756,"fid":436}},{"type":"Feature","id":437,"geometry":{"type":"Point","coordinates":[4.34878,50.85045]},"properties":{"name":"Brussel","tier":2,"start_year":1756,"end_year":2000,"fid":437}},{"type":"Feature","id":438,"geometry":{"type":"Point","coordinates":[4.34878,50.85045]},"properties":{"name":"Brussel","tier":3,"start_year":2000,"end_year":2025,"fid":438}},{"type":"Feature","id":439,"geometry":{"type":"Point","coordinates":[26.10626,44.43225]},"properties":{"name":"Bucharest","tier":2,"start_year":1575,"end_year":1651,"fid":439,"endonym":"București"}},{"type":"Feature","id":440,"geometry":{"type":"Point","coordinates":[26.10626,44.43225]},"properties":{"name":"Bucharest","tier":3,"start_year":1651,"end_year":1700,"fid":440,"endonym":"București"}},{"type":"Feature","id":441,"geometry":{"type":"Point","coordinates":[26.10626,44.43225]},"properties":{"name":"Bucharest","tier":2,"start_year":1700,"end_year":1701,"fid":441,"endonym":"București"}},{"type":"Feature","id":442,"geometry":{"type":"Point","coordinates":[26.10626,44.43225]},"properties":{"name":"Bucharest","tier":3,"start_year":1701,"end_year":1850,"fid":442,"endonym":"București"}},{"type":"Feature","id":443,"geometry":{"type":"Point","coordinates":[26.10626,44.43225]},"properties":{"name":"Bucharest","tier":2,"start_year":1850,"end_year":2025,"fid":443,"endonym":"București"}},{"type":"Feature","id":444,"geometry":{"type":"Point","coordinates":[19.03991,47.49801]},"properties":{"name":"Budapest","tier":3,"start_year":1300,"end_year":1813,"fid":444}},{"type":"Feature","id":445,"geometry":{"type":"Point","coordinates":[19.03991,47.49801]},"properties":{"name":"Budapest","tier":2,"start_year":1813,"end_year":1880,"fid":445}},{"type":"Feature","id":446,"geometry":{"type":"Point","coordinates":[19.03991,47.49801]},"properties":{"name":"Budapest","tier":1,"start_year":1880,"end_year":1941,"fid":446}},{"type":"Feature","id":447,"geometry":{"type":"Point","coordinates":[19.03991,47.49801]},"properties":{"name":"Budapest","tier":2,"start_year":1941,"end_year":2025,"fid":447}},{"type":"Feature","id":448,"geometry":{"type":"Point","coordinates":[79.12631,28.0362]},"properties":{"name":"Budaun","tier":3,"start_year":1900,"end_year":1901,"fid":448,"endonym":"Badayun"}},{"type":"Feature","id":449,"geometry":{"type":"Point","coordinates":[-58.37723,-34.61315]},"properties":{"name":"Buenos Aires","tier":3,"start_year":1602,"end_year":1858,"fid":449}},{"type":"Feature","id":450,"geometry":{"type":"Point","coordinates":[-58.37723,-34.61315]},"properties":{"name":"Buenos Aires","tier":2,"start_year":1858,"end_year":1888,"fid":450}},{"type":"Feature","id":451,"geometry":{"type":"Point","coordinates":[-58.37723,-34.61315]},"properties":{"name":"Buenos Aires","tier":1,"start_year":1888,"end_year":2000,"fid":451}},{"type":"Feature","id":452,"geometry":{"type":"Point","coordinates":[-58.37723,-34.61315]},"properties":{"name":"Buenos Aires","tier":2,"start_year":2000,"end_year":2025,"fid":452}},{"type":"Feature","id":453,"geometry":{"type":"Point","coordinates":[-78.8494,42.9047]},"properties":{"name":"Buffalo","tier":3,"start_year":1850,"end_year":1862,"fid":453}},{"type":"Feature","id":454,"geometry":{"type":"Point","coordinates":[-78.8494,42.9047]},"properties":{"name":"Buffalo","tier":2,"start_year":1862,"end_year":1976,"fid":454}},{"type":"Feature","id":455,"geometry":{"type":"Point","coordinates":[64.422347,39.765869]},"properties":{"name":"Bukhara","tier":2,"start_year":782,"end_year":900,"fid":455,"endonym":"بخارا"}},{"type":"Feature","id":456,"geometry":{"type":"Point","coordinates":[64.422347,39.765869]},"properties":{"name":"Bukhara","tier":1,"start_year":900,"end_year":958,"fid":456,"endonym":"بخارا"}},{"type":"Feature","id":457,"geometry":{"type":"Point","coordinates":[64.422347,39.765869]},"properties":{"name":"Bukhara","tier":2,"start_year":958,"end_year":1400,"fid":457,"endonym":"بخارا"}},{"type":"Feature","id":458,"geometry":{"type":"Point","coordinates":[64.422347,39.765869]},"properties":{"name":"Bukhara","tier":3,"start_year":1400,"end_year":1401,"fid":458,"endonym":"بخارا"}},{"type":"Feature","id":459,"geometry":{"type":"Point","coordinates":[64.422347,39.765869]},"properties":{"name":"Bukhara","tier":2,"start_year":1401,"end_year":1541,"fid":459,"endonym":"بخارا"}},{"type":"Feature","id":460,"geometry":{"type":"Point","coordinates":[64.422347,39.765869]},"properties":{"name":"Bukhara","tier":3,"start_year":1541,"end_year":1547,"fid":460,"endonym":"بخارا"}},{"type":"Feature","id":461,"geometry":{"type":"Point","coordinates":[64.422347,39.765869]},"properties":{"name":"Bukhara","tier":2,"start_year":1547,"end_year":1820,"fid":461,"endonym":"بخارا"}},{"type":"Feature","id":462,"geometry":{"type":"Point","coordinates":[64.422347,39.765869]},"properties":{"name":"Bukhara","tier":3,"start_year":1820,"end_year":1898,"fid":462,"endonym":"بخارا"}},{"type":"Feature","id":463,"geometry":{"type":"Point","coordinates":[-3.7,42.35]},"properties":{"name":"Burgos","tier":2,"start_year":884,"end_year":900,"fid":463}},{"type":"Feature","id":464,"geometry":{"type":"Point","coordinates":[-3.7,42.35]},"properties":{"name":"Burgos","tier":3,"start_year":900,"end_year":1901,"fid":464}},{"type":"Feature","id":465,"geometry":{"type":"Point","coordinates":[76.22996,21.30898]},"properties":{"name":"Burhanpur","tier":3,"start_year":1594,"end_year":1596,"fid":465,"endonym":"بُرہان پور"}},{"type":"Feature","id":466,"geometry":{"type":"Point","coordinates":[76.22996,21.30898]},"properties":{"name":"Burhanpur","tier":2,"start_year":1596,"end_year":1620,"fid":466,"endonym":"بُرہان پور"}},{"type":"Feature","id":467,"geometry":{"type":"Point","coordinates":[76.22996,21.30898]},"properties":{"name":"Burhanpur","tier":1,"start_year":1620,"end_year":1621,"fid":467,"endonym":"بُرہان پور"}},{"type":"Feature","id":468,"geometry":{"type":"Point","coordinates":[76.22996,21.30898]},"properties":{"name":"Burhanpur","tier":2,"start_year":1621,"end_year":1710,"fid":468,"endonym":"بُرہان پور"}},{"type":"Feature","id":469,"geometry":{"type":"Point","coordinates":[76.22996,21.30898]},"properties":{"name":"Burhanpur","tier":3,"start_year":1710,"end_year":1867,"fid":469,"endonym":"بُرہان پور"}},{"type":"Feature","id":470,"geometry":{"type":"Point","coordinates":[-2.23333,53.8]},"properties":{"name":"Burnley","tier":3,"start_year":1900,"end_year":1901,"fid":470}},{"type":"Feature","id":471,"geometry":{"type":"Point","coordinates":[29.08403,40.19266]},"properties":{"name":"Bursa","tier":2,"start_year":1350,"end_year":1414,"fid":471,"endonym":"بورسه"}},{"type":"Feature","id":472,"geometry":{"type":"Point","coordinates":[29.08403,40.19266]},"properties":{"name":"Bursa","tier":1,"start_year":1414,"end_year":1470,"fid":472,"endonym":"بورسه"}},{"type":"Feature","id":473,"geometry":{"type":"Point","coordinates":[29.08403,40.19266]},"properties":{"name":"Bursa","tier":2,"start_year":1470,"end_year":1753,"fid":473,"endonym":"بورسه"}},{"type":"Feature","id":474,"geometry":{"type":"Point","coordinates":[29.08403,40.19266]},"properties":{"name":"Bursa","tier":3,"start_year":1753,"end_year":2025,"fid":474,"endonym":"بورسه"}},{"type":"Feature","id":475,"geometry":{"type":"Point","coordinates":[-2.298,53.593]},"properties":{"name":"Bury","tier":3,"start_year":1900,"end_year":1901,"fid":475}},{"type":"Feature","id":476,"geometry":{"type":"Point","coordinates":[129.075642,35.179554]},"properties":{"name":"Busan","tier":3,"start_year":1800,"end_year":1970,"fid":476}},{"type":"Feature","id":477,"geometry":{"type":"Point","coordinates":[129.075642,35.179554]},"properties":{"name":"Busan","tier":2,"start_year":1970,"end_year":2025,"fid":477}},{"type":"Feature","id":478,"geometry":{"type":"Point","coordinates":[4.564217,10.194264]},"properties":{"name":"Bussa","tier":3,"start_year":1826,"end_year":1828,"fid":478}},{"type":"Feature","id":479,"geometry":{"type":"Point","coordinates":[18,53.116667]},"properties":{"name":"Bydgoszcz","tier":3,"start_year":1900,"end_year":1901,"fid":479,"endonym":"Bromberg"}},{"type":"Feature","id":480,"geometry":{"type":"Point","coordinates":[-6.29465,36.52978]},"properties":{"name":"Cadiz","tier":2,"start_year":-100,"end_year":1100,"fid":480,"endonym":"Gades"}},{"type":"Feature","id":481,"geometry":{"type":"Point","coordinates":[-6.29465,36.52978]},"properties":{"name":"Cadiz","tier":3,"start_year":1100,"end_year":1741,"fid":481,"endonym":"Gades"}},{"type":"Feature","id":482,"geometry":{"type":"Point","coordinates":[-6.29465,36.52978]},"properties":{"name":"Cadiz","tier":2,"start_year":1741,"end_year":1844,"fid":482,"endonym":"Gades"}},{"type":"Feature","id":483,"geometry":{"type":"Point","coordinates":[-6.29465,36.52978]},"properties":{"name":"Cadiz","tier":3,"start_year":1844,"end_year":1853,"fid":483,"endonym":"Gades"}},{"type":"Feature","id":484,"geometry":{"type":"Point","coordinates":[-6.29465,36.52978]},"properties":{"name":"Cadiz","tier":2,"start_year":1853,"end_year":1862,"fid":484,"endonym":"Gades"}},{"type":"Feature","id":485,"geometry":{"type":"Point","coordinates":[-6.29465,36.52978]},"properties":{"name":"Cadiz","tier":3,"start_year":1862,"end_year":1901,"fid":485,"endonym":"Gades"}},{"type":"Feature","id":486,"geometry":{"type":"Point","coordinates":[-0.35912,49.18585]},"properties":{"name":"Caen","tier":3,"start_year":1060,"end_year":1901,"fid":486}},{"type":"Feature","id":487,"geometry":{"type":"Point","coordinates":[9.13462,39.20738]},"properties":{"name":"Cagliari","tier":3,"start_year":1900,"end_year":1901,"fid":487}},{"type":"Feature","id":488,"geometry":{"type":"Point","coordinates":[-90.19011,38.57088]},"properties":{"name":"Cahokia","tier":2,"start_year":1100,"end_year":1150,"fid":488}},{"type":"Feature","id":489,"geometry":{"type":"Point","coordinates":[-90.19011,38.57088]},"properties":{"name":"Cahokia","tier":3,"start_year":1150,"end_year":1151,"fid":489}},{"type":"Feature","id":490,"geometry":{"type":"Point","coordinates":[-90.19011,38.57088]},"properties":{"name":"Cahokia","tier":2,"start_year":1151,"end_year":1160,"fid":490}},{"type":"Feature","id":491,"geometry":{"type":"Point","coordinates":[-90.19011,38.57088]},"properties":{"name":"Cahokia","tier":3,"start_year":1160,"end_year":1401,"fid":491}},{"type":"Feature","id":3462,"geometry":{"type":"Point","coordinates":[31.24967,30.06263]},"properties":{"name":"Fustat","tier":1,"start_year":700,"end_year":969,"fid":3462,"endonym":"الفسطاط"}},{"type":"Feature","id":3463,"geometry":{"type":"Point","coordinates":[31.24967,30.06263]},"properties":{"name":"Cairo","tier":1,"start_year":969,"end_year":1847,"fid":3463,"endonym":"القاهرة"}},{"type":"Feature","id":3464,"geometry":{"type":"Point","coordinates":[31.24967,30.06263]},"properties":{"name":"Cairo","tier":2,"start_year":1847,"end_year":1853,"fid":3464,"endonym":"القاهرة"}},{"type":"Feature","id":3465,"geometry":{"type":"Point","coordinates":[31.24967,30.06263]},"properties":{"name":"Cairo","tier":1,"start_year":1853,"end_year":1878,"fid":3465,"endonym":"القاهرة"}},{"type":"Feature","id":3466,"geometry":{"type":"Point","coordinates":[31.24967,30.06263]},"properties":{"name":"Cairo","tier":2,"start_year":1878,"end_year":1928,"fid":3466,"endonym":"القاهرة"}},{"type":"Feature","id":3467,"geometry":{"type":"Point","coordinates":[31.24967,30.06263]},"properties":{"name":"Cairo","tier":1,"start_year":1928,"end_year":2025,"fid":3467,"endonym":"القاهرة"}},{"type":"Feature","id":497,"geometry":{"type":"Point","coordinates":[-76.910556,-11.985278]},"properties":{"name":"Cajamarquilla","tier":3,"start_year":1400,"end_year":1401,"fid":497}},{"type":"Feature","id":498,"geometry":{"type":"Point","coordinates":[1.85205,50.9581]},"properties":{"name":"Calais","tier":3,"start_year":1900,"end_year":1901,"fid":498}},{"type":"Feature","id":499,"geometry":{"type":"Point","coordinates":[88.36304,22.56263]},"properties":{"name":"Calcutta","tier":3,"start_year":1710,"end_year":1727,"fid":499,"endonym":"Kolkata"}},{"type":"Feature","id":500,"geometry":{"type":"Point","coordinates":[88.36304,22.56263]},"properties":{"name":"Calcutta","tier":2,"start_year":1727,"end_year":1811,"fid":500,"endonym":"Kolkata"}},{"type":"Feature","id":501,"geometry":{"type":"Point","coordinates":[88.36304,22.56263]},"properties":{"name":"Calcutta","tier":1,"start_year":1811,"end_year":2025,"fid":501,"endonym":"Kolkata"}},{"type":"Feature","id":502,"geometry":{"type":"Point","coordinates":[-76.5225,3.43722]},"properties":{"name":"Cali","tier":3,"start_year":1950,"end_year":2000,"fid":502}},{"type":"Feature","id":503,"geometry":{"type":"Point","coordinates":[-76.5225,3.43722]},"properties":{"name":"Cali","tier":2,"start_year":2000,"end_year":2025,"fid":503}},{"type":"Feature","id":504,"geometry":{"type":"Point","coordinates":[75.78041,11.258753]},"properties":{"name":"Calicut","tier":2,"start_year":1350,"end_year":1502,"fid":504,"endonym":"Kōzhikōṭ"}},{"type":"Feature","id":505,"geometry":{"type":"Point","coordinates":[75.78041,11.258753]},"properties":{"name":"Calicut","tier":3,"start_year":1502,"end_year":1901,"fid":505,"endonym":"Kōzhikōṭ"}},{"type":"Feature","id":506,"geometry":{"type":"Point","coordinates":[14.062893,37.490112]},"properties":{"name":"Caltanissetta","tier":3,"start_year":1900,"end_year":1901,"fid":506}},{"type":"Feature","id":507,"geometry":{"type":"Point","coordinates":[72.619408,22.313114]},"properties":{"name":"Cambay","tier":2,"start_year":1200,"end_year":1650,"fid":507,"endonym":"Khambhāt"}},{"type":"Feature","id":508,"geometry":{"type":"Point","coordinates":[72.619408,22.313114]},"properties":{"name":"Cambay","tier":3,"start_year":1650,"end_year":1901,"fid":508,"endonym":"Khambhāt"}},{"type":"Feature","id":509,"geometry":{"type":"Point","coordinates":[0.119,52.205]},"properties":{"name":"Cambridge","tier":3,"start_year":1900,"end_year":1901,"fid":509}},{"type":"Feature","id":510,"geometry":{"type":"Point","coordinates":[25.5514,47.5308]},"properties":{"name":"Campulung Muscel","tier":3,"start_year":1300,"end_year":1851,"fid":510,"endonym":"Câmpulung"}},{"type":"Feature","id":511,"geometry":{"type":"Point","coordinates":[-81.375833,40.805]},"properties":{"name":"Canton","tier":3,"start_year":1900,"end_year":1901,"fid":511,"endonym":"廣州"}},{"type":"Feature","id":512,"geometry":{"type":"Point","coordinates":[18.42322,-33.92584]},"properties":{"name":"Cape Town","tier":3,"start_year":1900,"end_year":1976,"fid":512}},{"type":"Feature","id":513,"geometry":{"type":"Point","coordinates":[-72.199669,19.756219]},"properties":{"name":"Cap-Haitien","tier":3,"start_year":1790,"end_year":1803,"fid":513,"endonym":"Cap-Français"}},{"type":"Feature","id":514,"geometry":{"type":"Point","coordinates":[14.22013,41.09971]},"properties":{"name":"Capua","tier":1,"start_year":-300,"end_year":-200,"fid":514}},{"type":"Feature","id":515,"geometry":{"type":"Point","coordinates":[14.22013,41.09971]},"properties":{"name":"Capua","tier":2,"start_year":-200,"end_year":1,"fid":515}},{"type":"Feature","id":516,"geometry":{"type":"Point","coordinates":[14.22013,41.09971]},"properties":{"name":"Capua","tier":1,"start_year":1,"end_year":401,"fid":516}},{"type":"Feature","id":517,"geometry":{"type":"Point","coordinates":[-66.87919,10.48801]},"properties":{"name":"Caracas","tier":3,"start_year":1607,"end_year":1933,"fid":517}},{"type":"Feature","id":518,"geometry":{"type":"Point","coordinates":[-66.87919,10.48801]},"properties":{"name":"Caracas","tier":2,"start_year":1933,"end_year":2025,"fid":518}},{"type":"Feature","id":519,"geometry":{"type":"Point","coordinates":[-3.17909,51.481581]},"properties":{"name":"Cardiff","tier":3,"start_year":1900,"end_year":1976,"fid":519,"endonym":"Caerdydd"}},{"type":"Feature","id":520,"geometry":{"type":"Point","coordinates":[-2.9382,54.8951]},"properties":{"name":"Carlisle","tier":3,"start_year":1900,"end_year":1901,"fid":520}},{"type":"Feature","id":521,"geometry":{"type":"Point","coordinates":[-0.996583,37.625683]},"properties":{"name":"Cartagena","tier":2,"start_year":1000,"end_year":1090,"fid":521}},{"type":"Feature","id":522,"geometry":{"type":"Point","coordinates":[-0.996583,37.625683]},"properties":{"name":"Cartagena","tier":3,"start_year":1090,"end_year":1901,"fid":522}},{"type":"Feature","id":523,"geometry":{"type":"Point","coordinates":[10.3308,36.8581]},"properties":{"name":"Carthage","tier":1,"start_year":-600,"end_year":361,"fid":523,"endonym":"Qart-ḥadašt"}},{"type":"Feature","id":524,"geometry":{"type":"Point","coordinates":[10.3308,36.8581]},"properties":{"name":"Carthage","tier":2,"start_year":361,"end_year":400,"fid":524,"endonym":"Qart-ḥadašt"}},{"type":"Feature","id":525,"geometry":{"type":"Point","coordinates":[10.3308,36.8581]},"properties":{"name":"Carthage","tier":1,"start_year":400,"end_year":591,"fid":525,"endonym":"Qart-ḥadašt"}},{"type":"Feature","id":526,"geometry":{"type":"Point","coordinates":[10.3308,36.8581]},"properties":{"name":"Carthage","tier":2,"start_year":591,"end_year":623,"fid":526,"endonym":"Qart-ḥadašt"}},{"type":"Feature","id":527,"geometry":{"type":"Point","coordinates":[-7.61138,33.58831]},"properties":{"name":"Casablanca","tier":3,"start_year":1950,"end_year":1953,"fid":527,"endonym":"الدار البيضاء"}},{"type":"Feature","id":528,"geometry":{"type":"Point","coordinates":[-7.61138,33.58831]},"properties":{"name":"Casablanca","tier":2,"start_year":1953,"end_year":2025,"fid":528,"endonym":"الدار البيضاء"}},{"type":"Feature","id":529,"geometry":{"type":"Point","coordinates":[2.48527,50.80109]},"properties":{"name":"Cassel","tier":3,"start_year":1900,"end_year":1901,"fid":529}},{"type":"Feature","id":530,"geometry":{"type":"Point","coordinates":[15.08719,37.50213]},"properties":{"name":"Catania","tier":3,"start_year":1169,"end_year":1951,"fid":530}},{"type":"Feature","id":531,"geometry":{"type":"Point","coordinates":[15.90046,41.26403]},"properties":{"name":"Cerignola","tier":3,"start_year":1900,"end_year":1901,"fid":531}},{"type":"Feature","id":532,"geometry":{"type":"Point","coordinates":[14.474722,48.974722]},"properties":{"name":"Ceske Budejovice","tier":3,"start_year":1900,"end_year":1901,"fid":532,"endonym":"České Budějovice"}},{"type":"Feature","id":533,"geometry":{"type":"Point","coordinates":[-5.31979,35.88933]},"properties":{"name":"Ceuta","tier":2,"start_year":1200,"end_year":1302,"fid":533,"endonym":"سبتة"}},{"type":"Feature","id":534,"geometry":{"type":"Point","coordinates":[-5.31979,35.88933]},"properties":{"name":"Ceuta","tier":3,"start_year":1302,"end_year":1416,"fid":534,"endonym":"سبتة"}},{"type":"Feature","id":535,"geometry":{"type":"Point","coordinates":[-90.716667,19.35]},"properties":{"name":"Chakanputun","tier":3,"start_year":1528,"end_year":1529,"fid":535}},{"type":"Feature","id":536,"geometry":{"type":"Point","coordinates":[-79.074536,-8.106]},"properties":{"name":"Chanchan","tier":3,"start_year":1400,"end_year":1401,"fid":536,"endonym":"Chan Chan"}},{"type":"Feature","id":537,"geometry":{"type":"Point","coordinates":[82.315343,26.064269]},"properties":{"name":"Chanda","tier":2,"start_year":1700,"end_year":1701,"fid":537,"endonym":"Cāndā"}},{"type":"Feature","id":538,"geometry":{"type":"Point","coordinates":[82.315343,26.064269]},"properties":{"name":"Chanda","tier":3,"start_year":1701,"end_year":1873,"fid":538,"endonym":"Cāndā"}},{"type":"Feature","id":539,"geometry":{"type":"Point","coordinates":[88.38,22.87]},"properties":{"name":"Chandannagar","tier":2,"start_year":1750,"end_year":1787,"fid":539}},{"type":"Feature","id":540,"geometry":{"type":"Point","coordinates":[88.38,22.87]},"properties":{"name":"Chandannagar","tier":3,"start_year":1787,"end_year":1857,"fid":540}},{"type":"Feature","id":541,"geometry":{"type":"Point","coordinates":[78.1376,24.71514]},"properties":{"name":"Chanderi","tier":2,"start_year":1500,"end_year":1528,"fid":541,"endonym":"چندیری"}},{"type":"Feature","id":542,"geometry":{"type":"Point","coordinates":[79.3167,13.5833]},"properties":{"name":"Chandragiri","tier":3,"start_year":1128,"end_year":1872,"fid":542}},{"type":"Feature","id":543,"geometry":{"type":"Point","coordinates":[125.2,43.9]},"properties":{"name":"Changchun","tier":2,"start_year":1600,"end_year":1723,"fid":543,"endonym":"長春"}},{"type":"Feature","id":544,"geometry":{"type":"Point","coordinates":[125.2,43.9]},"properties":{"name":"Changchun","tier":3,"start_year":1723,"end_year":2000,"fid":544,"endonym":"長春"}},{"type":"Feature","id":545,"geometry":{"type":"Point","coordinates":[125.2,43.9]},"properties":{"name":"Changchun","tier":2,"start_year":2000,"end_year":2025,"fid":545,"endonym":"長春"}},{"type":"Feature","id":546,"geometry":{"type":"Point","coordinates":[112.972222,28.196111]},"properties":{"name":"Changsha","tier":2,"start_year":-430,"end_year":1250,"fid":546,"endonym":"長沙"}},{"type":"Feature","id":547,"geometry":{"type":"Point","coordinates":[112.972222,28.196111]},"properties":{"name":"Changsha","tier":3,"start_year":1250,"end_year":1268,"fid":547,"endonym":"長沙"}},{"type":"Feature","id":548,"geometry":{"type":"Point","coordinates":[112.972222,28.196111]},"properties":{"name":"Changsha","tier":2,"start_year":1268,"end_year":1271,"fid":548,"endonym":"長沙"}},{"type":"Feature","id":549,"geometry":{"type":"Point","coordinates":[112.972222,28.196111]},"properties":{"name":"Changsha","tier":3,"start_year":1271,"end_year":1680,"fid":549,"endonym":"長沙"}},{"type":"Feature","id":550,"geometry":{"type":"Point","coordinates":[112.972222,28.196111]},"properties":{"name":"Changsha","tier":2,"start_year":1680,"end_year":1888,"fid":550,"endonym":"長沙"}},{"type":"Feature","id":551,"geometry":{"type":"Point","coordinates":[112.972222,28.196111]},"properties":{"name":"Changsha","tier":3,"start_year":1888,"end_year":1891,"fid":551,"endonym":"長沙"}},{"type":"Feature","id":552,"geometry":{"type":"Point","coordinates":[112.972222,28.196111]},"properties":{"name":"Changsha","tier":2,"start_year":1891,"end_year":1900,"fid":552,"endonym":"長沙"}},{"type":"Feature","id":553,"geometry":{"type":"Point","coordinates":[112.972222,28.196111]},"properties":{"name":"Changsha","tier":3,"start_year":1900,"end_year":2025,"fid":553,"endonym":"長沙"}},{"type":"Feature","id":554,"geometry":{"type":"Point","coordinates":[112.938814,28.228209]},"properties":{"name":"Changteh","tier":3,"start_year":1900,"end_year":1901,"fid":554,"endonym":"常德"}},{"type":"Feature","id":555,"geometry":{"type":"Point","coordinates":[119.95401,31.77358]},"properties":{"name":"Changzhou","tier":2,"start_year":900,"end_year":1042,"fid":555,"endonym":"常州"}},{"type":"Feature","id":556,"geometry":{"type":"Point","coordinates":[119.95401,31.77358]},"properties":{"name":"Changzhou","tier":1,"start_year":1042,"end_year":1198,"fid":556,"endonym":"常州"}},{"type":"Feature","id":557,"geometry":{"type":"Point","coordinates":[119.95401,31.77358]},"properties":{"name":"Changzhou","tier":2,"start_year":1198,"end_year":1270,"fid":557,"endonym":"常州"}},{"type":"Feature","id":558,"geometry":{"type":"Point","coordinates":[119.95401,31.77358]},"properties":{"name":"Changzhou","tier":1,"start_year":1270,"end_year":1271,"fid":558,"endonym":"常州"}},{"type":"Feature","id":559,"geometry":{"type":"Point","coordinates":[119.95401,31.77358]},"properties":{"name":"Changzhou","tier":2,"start_year":1271,"end_year":1307,"fid":559,"endonym":"常州"}},{"type":"Feature","id":560,"geometry":{"type":"Point","coordinates":[119.95401,31.77358]},"properties":{"name":"Changzhou","tier":1,"start_year":1307,"end_year":1340,"fid":560,"endonym":"常州"}},{"type":"Feature","id":561,"geometry":{"type":"Point","coordinates":[119.95401,31.77358]},"properties":{"name":"Changzhou","tier":2,"start_year":1340,"end_year":1357,"fid":561,"endonym":"常州"}},{"type":"Feature","id":562,"geometry":{"type":"Point","coordinates":[119.95401,31.77358]},"properties":{"name":"Changzhou","tier":1,"start_year":1357,"end_year":1400,"fid":562,"endonym":"常州"}},{"type":"Feature","id":563,"geometry":{"type":"Point","coordinates":[119.95401,31.77358]},"properties":{"name":"Changzhou","tier":2,"start_year":1400,"end_year":1401,"fid":563,"endonym":"常州"}},{"type":"Feature","id":564,"geometry":{"type":"Point","coordinates":[119.95401,31.77358]},"properties":{"name":"Changzhou","tier":1,"start_year":1401,"end_year":1515,"fid":564,"endonym":"常州"}},{"type":"Feature","id":565,"geometry":{"type":"Point","coordinates":[119.95401,31.77358]},"properties":{"name":"Changzhou","tier":2,"start_year":1515,"end_year":1532,"fid":565,"endonym":"常州"}},{"type":"Feature","id":566,"geometry":{"type":"Point","coordinates":[119.95401,31.77358]},"properties":{"name":"Changzhou","tier":1,"start_year":1532,"end_year":1539,"fid":566,"endonym":"常州"}},{"type":"Feature","id":567,"geometry":{"type":"Point","coordinates":[119.95401,31.77358]},"properties":{"name":"Changzhou","tier":2,"start_year":1539,"end_year":1555,"fid":567,"endonym":"常州"}},{"type":"Feature","id":568,"geometry":{"type":"Point","coordinates":[119.95401,31.77358]},"properties":{"name":"Changzhou","tier":1,"start_year":1555,"end_year":1557,"fid":568,"endonym":"常州"}},{"type":"Feature","id":569,"geometry":{"type":"Point","coordinates":[119.95401,31.77358]},"properties":{"name":"Changzhou","tier":2,"start_year":1557,"end_year":1809,"fid":569,"endonym":"常州"}},{"type":"Feature","id":570,"geometry":{"type":"Point","coordinates":[119.95401,31.77358]},"properties":{"name":"Changzhou","tier":3,"start_year":1809,"end_year":2025,"fid":570,"endonym":"常州"}},{"type":"Feature","id":571,"geometry":{"type":"Point","coordinates":[116.63,23.67]},"properties":{"name":"Chaozhou","tier":3,"start_year":1800,"end_year":1901,"fid":571,"endonym":"潮州"}},{"type":"Feature","id":572,"geometry":{"type":"Point","coordinates":[-79.9333,32.7833]},"properties":{"name":"Charleston","tier":3,"start_year":1800,"end_year":1901,"fid":572}},{"type":"Feature","id":573,"geometry":{"type":"Point","coordinates":[0.52786,51.37891]},"properties":{"name":"Chatham","tier":3,"start_year":1800,"end_year":1852,"fid":573}},{"type":"Feature","id":574,"geometry":{"type":"Point","coordinates":[-85.30968,35.04563]},"properties":{"name":"Chattanooga","tier":3,"start_year":1900,"end_year":1901,"fid":574}},{"type":"Feature","id":575,"geometry":{"type":"Point","coordinates":[121.389167,37.535]},"properties":{"name":"Chefoo","tier":3,"start_year":1900,"end_year":1901,"fid":575,"endonym":"芝罘"}},{"type":"Feature","id":576,"geometry":{"type":"Point","coordinates":[-2.066667,51.883333]},"properties":{"name":"Cheltenham","tier":3,"start_year":1900,"end_year":1901,"fid":576}},{"type":"Feature","id":577,"geometry":{"type":"Point","coordinates":[61.42915,55.15402]},"properties":{"name":"Chelyabinsk","tier":3,"start_year":1950,"end_year":2025,"fid":577,"endonym":"Челябинск"}},{"type":"Feature","id":578,"geometry":{"type":"Point","coordinates":[12.91667,50.83333]},"properties":{"name":"Chemnitz","tier":3,"start_year":1900,"end_year":1926,"fid":578}},{"type":"Feature","id":579,"geometry":{"type":"Point","coordinates":[117.933333,40.966667]},"properties":{"name":"Chengde","tier":3,"start_year":1782,"end_year":1867,"fid":579,"endonym":"承德"}},{"type":"Feature","id":580,"geometry":{"type":"Point","coordinates":[104.06667,30.66667]},"properties":{"name":"Chengdu","tier":2,"start_year":-100,"end_year":1,"fid":580,"endonym":"成都"}},{"type":"Feature","id":581,"geometry":{"type":"Point","coordinates":[104.06667,30.66667]},"properties":{"name":"Chengdu","tier":1,"start_year":1,"end_year":836,"fid":581,"endonym":"成都"}},{"type":"Feature","id":582,"geometry":{"type":"Point","coordinates":[104.06667,30.66667]},"properties":{"name":"Chengdu","tier":2,"start_year":836,"end_year":950,"fid":582,"endonym":"成都"}},{"type":"Feature","id":583,"geometry":{"type":"Point","coordinates":[104.06667,30.66667]},"properties":{"name":"Chengdu","tier":1,"start_year":950,"end_year":1001,"fid":583,"endonym":"成都"}},{"type":"Feature","id":584,"geometry":{"type":"Point","coordinates":[104.06667,30.66667]},"properties":{"name":"Chengdu","tier":2,"start_year":1001,"end_year":1363,"fid":584,"endonym":"成都"}},{"type":"Feature","id":585,"geometry":{"type":"Point","coordinates":[104.06667,30.66667]},"properties":{"name":"Chengdu","tier":3,"start_year":1363,"end_year":1383,"fid":585,"endonym":"成都"}},{"type":"Feature","id":586,"geometry":{"type":"Point","coordinates":[104.06667,30.66667]},"properties":{"name":"Chengdu","tier":2,"start_year":1383,"end_year":1499,"fid":586,"endonym":"成都"}},{"type":"Feature","id":587,"geometry":{"type":"Point","coordinates":[104.06667,30.66667]},"properties":{"name":"Chengdu","tier":1,"start_year":1499,"end_year":1518,"fid":587,"endonym":"成都"}},{"type":"Feature","id":588,"geometry":{"type":"Point","coordinates":[104.06667,30.66667]},"properties":{"name":"Chengdu","tier":2,"start_year":1518,"end_year":1525,"fid":588,"endonym":"成都"}},{"type":"Feature","id":589,"geometry":{"type":"Point","coordinates":[104.06667,30.66667]},"properties":{"name":"Chengdu","tier":1,"start_year":1525,"end_year":1562,"fid":589,"endonym":"成都"}},{"type":"Feature","id":590,"geometry":{"type":"Point","coordinates":[104.06667,30.66667]},"properties":{"name":"Chengdu","tier":2,"start_year":1562,"end_year":1700,"fid":590,"endonym":"成都"}},{"type":"Feature","id":591,"geometry":{"type":"Point","coordinates":[104.06667,30.66667]},"properties":{"name":"Chengdu","tier":3,"start_year":1700,"end_year":1701,"fid":591,"endonym":"成都"}},{"type":"Feature","id":592,"geometry":{"type":"Point","coordinates":[104.06667,30.66667]},"properties":{"name":"Chengdu","tier":2,"start_year":1701,"end_year":1910,"fid":592,"endonym":"成都"}},{"type":"Feature","id":593,"geometry":{"type":"Point","coordinates":[104.06667,30.66667]},"properties":{"name":"Chengdu","tier":3,"start_year":1910,"end_year":2000,"fid":593,"endonym":"成都"}},{"type":"Feature","id":594,"geometry":{"type":"Point","coordinates":[104.06667,30.66667]},"properties":{"name":"Chengdu","tier":2,"start_year":2000,"end_year":2025,"fid":594,"endonym":"成都"}},{"type":"Feature","id":595,"geometry":{"type":"Point","coordinates":[-1.625298,49.639093]},"properties":{"name":"Cherbourg","tier":3,"start_year":1900,"end_year":1901,"fid":595}},{"type":"Feature","id":596,"geometry":{"type":"Point","coordinates":[25.935217,48.291683]},"properties":{"name":"Chernivtsi","tier":3,"start_year":1900,"end_year":1901,"fid":596,"endonym":"Czernowitz"}},{"type":"Feature","id":597,"geometry":{"type":"Point","coordinates":[-2.8916,53.1903]},"properties":{"name":"Chester","tier":3,"start_year":1900,"end_year":1901,"fid":597}},{"type":"Feature","id":598,"geometry":{"type":"Point","coordinates":[84.7274,25.7848]},"properties":{"name":"Chhapra","tier":3,"start_year":1800,"end_year":1901,"fid":598,"endonym":"Chapra"}},{"type":"Feature","id":599,"geometry":{"type":"Point","coordinates":[98.960775,18.790978]},"properties":{"name":"Chiang Mai","tier":3,"start_year":1296,"end_year":1466,"fid":599}},{"type":"Feature","id":600,"geometry":{"type":"Point","coordinates":[98.960775,18.790978]},"properties":{"name":"Chiang Mai","tier":2,"start_year":1466,"end_year":1521,"fid":600}},{"type":"Feature","id":601,"geometry":{"type":"Point","coordinates":[98.960775,18.790978]},"properties":{"name":"Chiang Mai","tier":3,"start_year":1521,"end_year":1523,"fid":601}},{"type":"Feature","id":602,"geometry":{"type":"Point","coordinates":[98.960775,18.790978]},"properties":{"name":"Chiang Mai","tier":2,"start_year":1523,"end_year":1525,"fid":602}},{"type":"Feature","id":603,"geometry":{"type":"Point","coordinates":[98.960775,18.790978]},"properties":{"name":"Chiang Mai","tier":3,"start_year":1525,"end_year":1528,"fid":603}},{"type":"Feature","id":604,"geometry":{"type":"Point","coordinates":[98.960775,18.790978]},"properties":{"name":"Chiang Mai","tier":2,"start_year":1528,"end_year":1529,"fid":604}},{"type":"Feature","id":605,"geometry":{"type":"Point","coordinates":[98.960775,18.790978]},"properties":{"name":"Chiang Mai","tier":3,"start_year":1529,"end_year":1948,"fid":605}},{"type":"Feature","id":606,"geometry":{"type":"Point","coordinates":[-2.42,6.82]},"properties":{"name":"Chibiri","tier":3,"start_year":1700,"end_year":1751,"fid":606}},{"type":"Feature","id":607,"geometry":{"type":"Point","coordinates":[-87.65005,41.85003]},"properties":{"name":"Chicago","tier":1,"start_year":1875,"end_year":2000,"fid":607}},{"type":"Feature","id":608,"geometry":{"type":"Point","coordinates":[-87.65005,41.85003]},"properties":{"name":"Chicago","tier":2,"start_year":2000,"end_year":2025,"fid":608}},{"type":"Feature","id":609,"geometry":{"type":"Point","coordinates":[-106.08333,28.63333]},"properties":{"name":"Chihuahua","tier":3,"start_year":1900,"end_year":1901,"fid":609}},{"type":"Feature","id":610,"geometry":{"type":"Point","coordinates":[-72.10344,-36.60664]},"properties":{"name":"Chillan","tier":3,"start_year":1900,"end_year":1901,"fid":610,"endonym":"Chillán"}},{"type":"Feature","id":611,"geometry":{"type":"Point","coordinates":[-82.9839,39.3364]},"properties":{"name":"Chillicothe","tier":3,"start_year":1423,"end_year":1428,"fid":611,"endonym":"Chalahgawtha"}},{"type":"Feature","id":612,"geometry":{"type":"Point","coordinates":[-76.133333,-13.45]},"properties":{"name":"Chincha","tier":3,"start_year":1530,"end_year":1531,"fid":612}},{"type":"Feature","id":613,"geometry":{"type":"Point","coordinates":[119.416667,32.2]},"properties":{"name":"Chinkiang","tier":2,"start_year":900,"end_year":1100,"fid":613,"endonym":"鎮江"}},{"type":"Feature","id":614,"geometry":{"type":"Point","coordinates":[119.416667,32.2]},"properties":{"name":"Chinkiang","tier":3,"start_year":1100,"end_year":1668,"fid":614,"endonym":"鎮江"}},{"type":"Feature","id":615,"geometry":{"type":"Point","coordinates":[119.416667,32.2]},"properties":{"name":"Chinkiang","tier":2,"start_year":1668,"end_year":1795,"fid":615,"endonym":"鎮江"}},{"type":"Feature","id":616,"geometry":{"type":"Point","coordinates":[119.416667,32.2]},"properties":{"name":"Chinkiang","tier":3,"start_year":1795,"end_year":1901,"fid":616,"endonym":"鎮江"}},{"type":"Feature","id":617,"geometry":{"type":"Point","coordinates":[28.84155,47.026858]},"properties":{"name":"Chisinau","tier":3,"start_year":1813,"end_year":1901,"fid":617,"endonym":"Кишинёв"}},{"type":"Feature","id":618,"geometry":{"type":"Point","coordinates":[91.83168,22.3384]},"properties":{"name":"Chittagong","tier":3,"start_year":1950,"end_year":2025,"fid":618,"endonym":"Chattagram"}},{"type":"Feature","id":619,"geometry":{"type":"Point","coordinates":[79.100329,13.217176]},"properties":{"name":"Chittoor","tier":3,"start_year":1303,"end_year":1407,"fid":619,"endonym":"Chittūru"}},{"type":"Feature","id":620,"geometry":{"type":"Point","coordinates":[79.100329,13.217176]},"properties":{"name":"Chittoor","tier":2,"start_year":1407,"end_year":1547,"fid":620,"endonym":"Chittūru"}},{"type":"Feature","id":621,"geometry":{"type":"Point","coordinates":[79.100329,13.217176]},"properties":{"name":"Chittoor","tier":3,"start_year":1547,"end_year":1872,"fid":621,"endonym":"Chittūru"}},{"type":"Feature","id":622,"geometry":{"type":"Point","coordinates":[-98.306389,19.06333]},"properties":{"name":"Cholula","tier":2,"start_year":1100,"end_year":1422,"fid":622,"endonym":"Cholollan"}},{"type":"Feature","id":623,"geometry":{"type":"Point","coordinates":[-98.306389,19.06333]},"properties":{"name":"Cholula","tier":3,"start_year":1422,"end_year":1828,"fid":623,"endonym":"Cholollan"}},{"type":"Feature","id":624,"geometry":{"type":"Point","coordinates":[106.551557,29.56301]},"properties":{"name":"Chongqing","tier":3,"start_year":1600,"end_year":1905,"fid":624,"endonym":"重慶"}},{"type":"Feature","id":625,"geometry":{"type":"Point","coordinates":[106.551557,29.56301]},"properties":{"name":"Chongqing","tier":2,"start_year":1905,"end_year":2025,"fid":625,"endonym":"重慶"}},{"type":"Feature","id":626,"geometry":{"type":"Point","coordinates":[18.95,50.3]},"properties":{"name":"Chorzow","tier":2,"start_year":1914,"end_year":1915,"fid":626,"endonym":"Königshütte"}},{"type":"Feature","id":627,"geometry":{"type":"Point","coordinates":[172.636225,-43.532054]},"properties":{"name":"Christchurch","tier":3,"start_year":1900,"end_year":1901,"fid":627}},{"type":"Feature","id":628,"geometry":{"type":"Point","coordinates":[82.8836,25.12909]},"properties":{"name":"Chunar","tier":3,"start_year":1824,"end_year":1851,"fid":628,"endonym":"Cunār"}},{"type":"Feature","id":629,"geometry":{"type":"Point","coordinates":[-84.45689,39.162]},"properties":{"name":"Cincinnati","tier":3,"start_year":1425,"end_year":1834,"fid":629}},{"type":"Feature","id":630,"geometry":{"type":"Point","coordinates":[-84.45689,39.162]},"properties":{"name":"Cincinnati","tier":2,"start_year":1834,"end_year":1970,"fid":630}},{"type":"Feature","id":631,"geometry":{"type":"Point","coordinates":[-84.45689,39.162]},"properties":{"name":"Cincinnati","tier":3,"start_year":1970,"end_year":1976,"fid":631}},{"type":"Feature","id":632,"geometry":{"type":"Point","coordinates":[3.0824,45.7831]},"properties":{"name":"Clermont","tier":3,"start_year":1646,"end_year":1901,"fid":632}},{"type":"Feature","id":633,"geometry":{"type":"Point","coordinates":[-81.695409,41.499495]},"properties":{"name":"Cleveland","tier":2,"start_year":1900,"end_year":1976,"fid":633}},{"type":"Feature","id":634,"geometry":{"type":"Point","coordinates":[23.59989,46.777248]},"properties":{"name":"Cluj-Napoca","tier":3,"start_year":1900,"end_year":1901,"fid":634,"endonym":"Kolozsvár"}},{"type":"Feature","id":635,"geometry":{"type":"Point","coordinates":[-4.02469,55.86216]},"properties":{"name":"Coatbridge","tier":3,"start_year":1900,"end_year":1901,"fid":635}},{"type":"Feature","id":636,"geometry":{"type":"Point","coordinates":[-66.1568,-17.3895]},"properties":{"name":"Cochabamba","tier":3,"start_year":1750,"end_year":1862,"fid":636}},{"type":"Feature","id":637,"geometry":{"type":"Point","coordinates":[76.26022,9.93988]},"properties":{"name":"Cochin","tier":3,"start_year":1440,"end_year":1563,"fid":637,"endonym":"Kochi"}},{"type":"Feature","id":638,"geometry":{"type":"Point","coordinates":[76.26022,9.93988]},"properties":{"name":"Cochin","tier":2,"start_year":1563,"end_year":1653,"fid":638,"endonym":"Kochi"}},{"type":"Feature","id":639,"geometry":{"type":"Point","coordinates":[76.26022,9.93988]},"properties":{"name":"Cochin","tier":3,"start_year":1653,"end_year":1976,"fid":639,"endonym":"Kochi"}},{"type":"Feature","id":640,"geometry":{"type":"Point","coordinates":[76.96612,11.00555]},"properties":{"name":"Coimbatore","tier":3,"start_year":1900,"end_year":1976,"fid":640,"endonym":"Kōyamputtūr"}},{"type":"Feature","id":641,"geometry":{"type":"Point","coordinates":[-8.41955,40.20564]},"properties":{"name":"Coimbra","tier":3,"start_year":1200,"end_year":1866,"fid":641}},{"type":"Feature","id":642,"geometry":{"type":"Point","coordinates":[0.90421,51.88921]},"properties":{"name":"Colchester","tier":3,"start_year":1900,"end_year":1901,"fid":642}},{"type":"Feature","id":643,"geometry":{"type":"Point","coordinates":[7.36667,48.08333]},"properties":{"name":"Colmar","tier":3,"start_year":1900,"end_year":1901,"fid":643,"endonym":"Kolmar"}},{"type":"Feature","id":644,"geometry":{"type":"Point","coordinates":[6.960278,50.937531]},"properties":{"name":"Cologne","tier":2,"start_year":800,"end_year":1000,"fid":644,"endonym":"Köln"}},{"type":"Feature","id":645,"geometry":{"type":"Point","coordinates":[6.960278,50.937531]},"properties":{"name":"Cologne","tier":3,"start_year":1000,"end_year":1074,"fid":645,"endonym":"Köln"}},{"type":"Feature","id":646,"geometry":{"type":"Point","coordinates":[6.960278,50.937531]},"properties":{"name":"Cologne","tier":2,"start_year":1074,"end_year":1077,"fid":646,"endonym":"Köln"}},{"type":"Feature","id":647,"geometry":{"type":"Point","coordinates":[6.960278,50.937531]},"properties":{"name":"Cologne","tier":3,"start_year":1077,"end_year":1087,"fid":647,"endonym":"Köln"}},{"type":"Feature","id":648,"geometry":{"type":"Point","coordinates":[6.960278,50.937531]},"properties":{"name":"Cologne","tier":2,"start_year":1087,"end_year":1100,"fid":648,"endonym":"Köln"}},{"type":"Feature","id":649,"geometry":{"type":"Point","coordinates":[6.960278,50.937531]},"properties":{"name":"Cologne","tier":3,"start_year":1100,"end_year":1116,"fid":649,"endonym":"Köln"}},{"type":"Feature","id":650,"geometry":{"type":"Point","coordinates":[6.960278,50.937531]},"properties":{"name":"Cologne","tier":2,"start_year":1116,"end_year":1400,"fid":650,"endonym":"Köln"}},{"type":"Feature","id":651,"geometry":{"type":"Point","coordinates":[6.960278,50.937531]},"properties":{"name":"Cologne","tier":3,"start_year":1400,"end_year":1836,"fid":651,"endonym":"Köln"}},{"type":"Feature","id":652,"geometry":{"type":"Point","coordinates":[6.960278,50.937531]},"properties":{"name":"Cologne","tier":2,"start_year":1836,"end_year":1976,"fid":652,"endonym":"Köln"}},{"type":"Feature","id":653,"geometry":{"type":"Point","coordinates":[79.8428,6.9344]},"properties":{"name":"Colombo","tier":3,"start_year":1800,"end_year":1976,"fid":653,"endonym":"Koḷamba"}},{"type":"Feature","id":654,"geometry":{"type":"Point","coordinates":[-82.998794,39.961176]},"properties":{"name":"Columbus","tier":3,"start_year":1900,"end_year":1976,"fid":654}},{"type":"Feature","id":655,"geometry":{"type":"Point","coordinates":[-13.67729,9.53795]},"properties":{"name":"Conakry","tier":3,"start_year":1975,"end_year":1976,"fid":655}},{"type":"Feature","id":656,"geometry":{"type":"Point","coordinates":[-73.050319,-36.818938]},"properties":{"name":"Concepcion","tier":3,"start_year":1900,"end_year":1901,"fid":656,"endonym":"Concepción"}},{"type":"Feature","id":657,"geometry":{"type":"Point","coordinates":[6.61472,36.365]},"properties":{"name":"Constantine","tier":3,"start_year":1350,"end_year":1901,"fid":657,"endonym":"قسنطينة"}},{"type":"Feature","id":658,"geometry":{"type":"Point","coordinates":[12.56553,55.67594]},"properties":{"name":"Copenhagen","tier":3,"start_year":1101,"end_year":1681,"fid":658,"endonym":"København"}},{"type":"Feature","id":659,"geometry":{"type":"Point","coordinates":[12.56553,55.67594]},"properties":{"name":"Copenhagen","tier":2,"start_year":1681,"end_year":1976,"fid":659,"endonym":"København"}},{"type":"Feature","id":660,"geometry":{"type":"Point","coordinates":[-64.18105,-31.4135]},"properties":{"name":"Cordoba","tier":3,"start_year":1900,"end_year":2025,"fid":660,"endonym":"قرطبة"}},{"type":"Feature","id":661,"geometry":{"type":"Point","coordinates":[-4.893564,38.046133]},"properties":{"name":"Cordoba","tier":1,"start_year":800,"end_year":1099,"fid":661,"endonym":"قرطبة"}},{"type":"Feature","id":662,"geometry":{"type":"Point","coordinates":[-4.893564,38.046133]},"properties":{"name":"Cordoba","tier":2,"start_year":1099,"end_year":1307,"fid":662,"endonym":"قرطبة"}},{"type":"Feature","id":663,"geometry":{"type":"Point","coordinates":[-4.893564,38.046133]},"properties":{"name":"Cordoba","tier":3,"start_year":1307,"end_year":1911,"fid":663,"endonym":"قرطبة"}},{"type":"Feature","id":664,"geometry":{"type":"Point","coordinates":[22.932228,37.938636]},"properties":{"name":"Corinth","tier":1,"start_year":-430,"end_year":-300,"fid":664,"endonym":"Κόρινθος"}},{"type":"Feature","id":665,"geometry":{"type":"Point","coordinates":[22.932228,37.938636]},"properties":{"name":"Corinth","tier":2,"start_year":-300,"end_year":1100,"fid":665,"endonym":"Κόρινθος"}},{"type":"Feature","id":666,"geometry":{"type":"Point","coordinates":[22.932228,37.938636]},"properties":{"name":"Corinth","tier":3,"start_year":1100,"end_year":1851,"fid":666,"endonym":"Κόρινθος"}},{"type":"Feature","id":667,"geometry":{"type":"Point","coordinates":[-8.47061,51.89797]},"properties":{"name":"Cork","tier":3,"start_year":1659,"end_year":1822,"fid":667,"endonym":"Corcaigh"}},{"type":"Feature","id":668,"geometry":{"type":"Point","coordinates":[-8.47061,51.89797]},"properties":{"name":"Cork","tier":2,"start_year":1822,"end_year":1840,"fid":668,"endonym":"Corcaigh"}},{"type":"Feature","id":669,"geometry":{"type":"Point","coordinates":[-8.47061,51.89797]},"properties":{"name":"Cork","tier":3,"start_year":1840,"end_year":1901,"fid":669,"endonym":"Corcaigh"}},{"type":"Feature","id":670,"geometry":{"type":"Point","coordinates":[88.2833,24.1167]},"properties":{"name":"Cossimbazar","tier":3,"start_year":1681,"end_year":1830,"fid":670,"endonym":"Kāśim Bājār"}},{"type":"Feature","id":671,"geometry":{"type":"Point","coordinates":[14.32888,51.75769]},"properties":{"name":"Cottbus","tier":3,"start_year":1900,"end_year":1901,"fid":671}},{"type":"Feature","id":672,"geometry":{"type":"Point","coordinates":[-1.51217,52.40656]},"properties":{"name":"Coventry","tier":3,"start_year":1900,"end_year":1976,"fid":672}},{"type":"Feature","id":673,"geometry":{"type":"Point","coordinates":[23.816667,44.333333]},"properties":{"name":"Craiova","tier":3,"start_year":1900,"end_year":1901,"fid":673}},{"type":"Feature","id":674,"geometry":{"type":"Point","coordinates":[10.02797,45.13617]},"properties":{"name":"Cremona","tier":3,"start_year":1160,"end_year":1297,"fid":674}},{"type":"Feature","id":675,"geometry":{"type":"Point","coordinates":[10.02797,45.13617]},"properties":{"name":"Cremona","tier":2,"start_year":1297,"end_year":1300,"fid":675}},{"type":"Feature","id":676,"geometry":{"type":"Point","coordinates":[10.02797,45.13617]},"properties":{"name":"Cremona","tier":3,"start_year":1300,"end_year":1901,"fid":676}},{"type":"Feature","id":677,"geometry":{"type":"Point","coordinates":[-2.44161,53.09787]},"properties":{"name":"Crewe","tier":3,"start_year":1900,"end_year":1901,"fid":677}},{"type":"Feature","id":678,"geometry":{"type":"Point","coordinates":[17.12880422,39.08144536]},"properties":{"name":"Crotone","tier":2,"start_year":-430,"end_year":-429,"fid":678,"endonym":"Κρότων"}},{"type":"Feature","id":679,"geometry":{"type":"Point","coordinates":[44.58006701,33.09378746]},"properties":{"name":"Ctesiphon","tier":1,"start_year":300,"end_year":623,"fid":679,"endonym":"تیسفون"}},{"type":"Feature","id":680,"geometry":{"type":"Point","coordinates":[79.76436,11.74629]},"properties":{"name":"Cuddalore","tier":3,"start_year":1900,"end_year":1901,"fid":680,"endonym":"Kadalūr"}},{"type":"Feature","id":681,"geometry":{"type":"Point","coordinates":[-79.0153,-2.8992]},"properties":{"name":"Cuenca","tier":3,"start_year":1900,"end_year":1901,"fid":681}},{"type":"Feature","id":682,"geometry":{"type":"Point","coordinates":[-56.094894,-15.598917]},"properties":{"name":"Cuiaba","tier":3,"start_year":1900,"end_year":1901,"fid":682,"endonym":"Cuiabá"}},{"type":"Feature","id":683,"geometry":{"type":"Point","coordinates":[-49.27306,-25.42778]},"properties":{"name":"Curitiba","tier":3,"start_year":1900,"end_year":1938,"fid":683}},{"type":"Feature","id":684,"geometry":{"type":"Point","coordinates":[-49.27306,-25.42778]},"properties":{"name":"Curitiba","tier":2,"start_year":1938,"end_year":1953,"fid":684}},{"type":"Feature","id":685,"geometry":{"type":"Point","coordinates":[-49.27306,-25.42778]},"properties":{"name":"Curitiba","tier":3,"start_year":1953,"end_year":2025,"fid":685}},{"type":"Feature","id":686,"geometry":{"type":"Point","coordinates":[85.87927,20.46497]},"properties":{"name":"Cuttack","tier":1,"start_year":1215,"end_year":1371,"fid":686,"endonym":"Kaṭaka"}},{"type":"Feature","id":687,"geometry":{"type":"Point","coordinates":[85.87927,20.46497]},"properties":{"name":"Cuttack","tier":2,"start_year":1371,"end_year":1407,"fid":687,"endonym":"Kaṭaka"}},{"type":"Feature","id":688,"geometry":{"type":"Point","coordinates":[85.87927,20.46497]},"properties":{"name":"Cuttack","tier":1,"start_year":1407,"end_year":1559,"fid":688,"endonym":"Kaṭaka"}},{"type":"Feature","id":689,"geometry":{"type":"Point","coordinates":[85.87927,20.46497]},"properties":{"name":"Cuttack","tier":2,"start_year":1559,"end_year":1653,"fid":689,"endonym":"Kaṭaka"}},{"type":"Feature","id":690,"geometry":{"type":"Point","coordinates":[85.87927,20.46497]},"properties":{"name":"Cuttack","tier":3,"start_year":1653,"end_year":1901,"fid":690,"endonym":"Kaṭaka"}},{"type":"Feature","id":691,"geometry":{"type":"Point","coordinates":[-71.972222,-13.525]},"properties":{"name":"Cuzco","tier":3,"start_year":1438,"end_year":1482,"fid":691,"endonym":"Qusqu"}},{"type":"Feature","id":692,"geometry":{"type":"Point","coordinates":[-71.972222,-13.525]},"properties":{"name":"Cuzco","tier":2,"start_year":1482,"end_year":1515,"fid":692,"endonym":"Qusqu"}},{"type":"Feature","id":693,"geometry":{"type":"Point","coordinates":[-71.972222,-13.525]},"properties":{"name":"Cuzco","tier":3,"start_year":1515,"end_year":1851,"fid":693,"endonym":"Qusqu"}},{"type":"Feature","id":694,"geometry":{"type":"Point","coordinates":[21.85583296,32.81901498]},"properties":{"name":"Cyrene","tier":2,"start_year":-430,"end_year":-199,"fid":694,"endonym":"Κυρήνη"}},{"type":"Feature","id":695,"geometry":{"type":"Point","coordinates":[19.12409,50.79646]},"properties":{"name":"Czestochowa","tier":3,"start_year":1900,"end_year":1901,"fid":695,"endonym":"Częstochowa"}},{"type":"Feature","id":696,"geometry":{"type":"Point","coordinates":[108.214897,16.051571]},"properties":{"name":"Da Nang","tier":3,"start_year":1975,"end_year":1976,"fid":696,"endonym":"Đà Nẵng"}},{"type":"Feature","id":697,"geometry":{"type":"Point","coordinates":[128.601445,35.871435]},"properties":{"name":"Daegu","tier":3,"start_year":1950,"end_year":2000,"fid":697}},{"type":"Feature","id":698,"geometry":{"type":"Point","coordinates":[128.601445,35.871435]},"properties":{"name":"Daegu","tier":2,"start_year":2000,"end_year":2025,"fid":698}},{"type":"Feature","id":699,"geometry":{"type":"Point","coordinates":[127.384548,36.350412]},"properties":{"name":"Daejeon","tier":3,"start_year":1975,"end_year":2025,"fid":699}},{"type":"Feature","id":700,"geometry":{"type":"Point","coordinates":[-17.44406,14.6937]},"properties":{"name":"Dakar","tier":3,"start_year":1975,"end_year":2025,"fid":700}},{"type":"Feature","id":701,"geometry":{"type":"Point","coordinates":[100.267638,25.606486]},"properties":{"name":"Dali","tier":2,"start_year":621,"end_year":833,"fid":701,"endonym":"大理"}},{"type":"Feature","id":702,"geometry":{"type":"Point","coordinates":[100.267638,25.606486]},"properties":{"name":"Dali","tier":1,"start_year":833,"end_year":1270,"fid":702,"endonym":"大理"}},{"type":"Feature","id":703,"geometry":{"type":"Point","coordinates":[100.267638,25.606486]},"properties":{"name":"Dali","tier":2,"start_year":1270,"end_year":1353,"fid":703,"endonym":"大理"}},{"type":"Feature","id":704,"geometry":{"type":"Point","coordinates":[100.267638,25.606486]},"properties":{"name":"Dali","tier":3,"start_year":1353,"end_year":1901,"fid":704,"endonym":"大理"}},{"type":"Feature","id":705,"geometry":{"type":"Point","coordinates":[-96.800451,32.78014]},"properties":{"name":"Dallas","tier":3,"start_year":1900,"end_year":1970,"fid":705}},{"type":"Feature","id":706,"geometry":{"type":"Point","coordinates":[-96.800451,32.78014]},"properties":{"name":"Dallas","tier":2,"start_year":1970,"end_year":2000,"fid":706}},{"type":"Feature","id":707,"geometry":{"type":"Point","coordinates":[-96.800451,32.78014]},"properties":{"name":"Dallas","tier":3,"start_year":2000,"end_year":2025,"fid":707}},{"type":"Feature","id":708,"geometry":{"type":"Point","coordinates":[36.29128,33.5102]},"properties":{"name":"Damascus","tier":2,"start_year":-430,"end_year":630,"fid":708,"endonym":"دِمَشْق"}},{"type":"Feature","id":709,"geometry":{"type":"Point","coordinates":[36.29128,33.5102]},"properties":{"name":"Damascus","tier":1,"start_year":630,"end_year":874,"fid":709,"endonym":"دِمَشْق"}},{"type":"Feature","id":710,"geometry":{"type":"Point","coordinates":[36.29128,33.5102]},"properties":{"name":"Damascus","tier":2,"start_year":874,"end_year":1193,"fid":710,"endonym":"دِمَشْق"}},{"type":"Feature","id":711,"geometry":{"type":"Point","coordinates":[36.29128,33.5102]},"properties":{"name":"Damascus","tier":1,"start_year":1193,"end_year":1200,"fid":711,"endonym":"دِمَشْق"}},{"type":"Feature","id":712,"geometry":{"type":"Point","coordinates":[36.29128,33.5102]},"properties":{"name":"Damascus","tier":2,"start_year":1200,"end_year":1250,"fid":712,"endonym":"دِمَشْق"}},{"type":"Feature","id":713,"geometry":{"type":"Point","coordinates":[36.29128,33.5102]},"properties":{"name":"Damascus","tier":1,"start_year":1250,"end_year":1251,"fid":713,"endonym":"دِمَشْق"}},{"type":"Feature","id":714,"geometry":{"type":"Point","coordinates":[36.29128,33.5102]},"properties":{"name":"Damascus","tier":2,"start_year":1251,"end_year":1868,"fid":714,"endonym":"دِمَشْق"}},{"type":"Feature","id":715,"geometry":{"type":"Point","coordinates":[36.29128,33.5102]},"properties":{"name":"Damascus","tier":3,"start_year":1868,"end_year":2025,"fid":715,"endonym":"دِمَشْق"}},{"type":"Feature","id":716,"geometry":{"type":"Point","coordinates":[124.3833,40.1167]},"properties":{"name":"Dandong","tier":3,"start_year":1950,"end_year":1951,"fid":716,"endonym":"丹东"}},{"type":"Feature","id":717,"geometry":{"type":"Point","coordinates":[85.89707,26.15216]},"properties":{"name":"Darbhanga","tier":3,"start_year":1900,"end_year":1901,"fid":717,"endonym":"Darbhaṅgā"}},{"type":"Feature","id":718,"geometry":{"type":"Point","coordinates":[39.269661,-6.822921]},"properties":{"name":"Dar-es-Salaam","tier":3,"start_year":1975,"end_year":2025,"fid":718,"endonym":"دار السلام"}},{"type":"Feature","id":719,"geometry":{"type":"Point","coordinates":[-1.5526,54.527]},"properties":{"name":"Darlington","tier":3,"start_year":1900,"end_year":1901,"fid":719}},{"type":"Feature","id":720,"geometry":{"type":"Point","coordinates":[8.64944,49.87056]},"properties":{"name":"Darmstadt","tier":3,"start_year":1900,"end_year":1901,"fid":720}},{"type":"Feature","id":721,"geometry":{"type":"Point","coordinates":[113.3,40.083333]},"properties":{"name":"Datong","tier":1,"start_year":400,"end_year":1392,"fid":721,"endonym":"大同"}},{"type":"Feature","id":722,"geometry":{"type":"Point","coordinates":[113.3,40.083333]},"properties":{"name":"Datong","tier":2,"start_year":1392,"end_year":1658,"fid":722,"endonym":"大同"}},{"type":"Feature","id":723,"geometry":{"type":"Point","coordinates":[113.3,40.083333]},"properties":{"name":"Datong","tier":3,"start_year":1658,"end_year":1659,"fid":723,"endonym":"大同"}},{"type":"Feature","id":724,"geometry":{"type":"Point","coordinates":[113.3,40.083333]},"properties":{"name":"Datong","tier":2,"start_year":1659,"end_year":1661,"fid":724,"endonym":"大同"}},{"type":"Feature","id":725,"geometry":{"type":"Point","coordinates":[113.3,40.083333]},"properties":{"name":"Datong","tier":3,"start_year":1661,"end_year":2025,"fid":725,"endonym":"大同"}},{"type":"Feature","id":726,"geometry":{"type":"Point","coordinates":[26.535556,55.875]},"properties":{"name":"Daugavpils","tier":3,"start_year":1900,"end_year":1901,"fid":726,"endonym":"Двинск"}},{"type":"Feature","id":727,"geometry":{"type":"Point","coordinates":[75.213164,19.942724]},"properties":{"name":"Daulatabad","tier":3,"start_year":1192,"end_year":1902,"fid":727,"endonym":"Devagiri"}},{"type":"Feature","id":728,"geometry":{"type":"Point","coordinates":[-90.5908,41.5431]},"properties":{"name":"Davenport","tier":3,"start_year":1900,"end_year":1901,"fid":728}},{"type":"Feature","id":729,"geometry":{"type":"Point","coordinates":[-84.47272,39.11284]},"properties":{"name":"Dayton","tier":3,"start_year":1900,"end_year":1976,"fid":729}},{"type":"Feature","id":730,"geometry":{"type":"Point","coordinates":[21.63333,47.53333]},"properties":{"name":"Debrecen","tier":3,"start_year":1600,"end_year":1901,"fid":730}},{"type":"Feature","id":731,"geometry":{"type":"Point","coordinates":[4.35556,52.00667]},"properties":{"name":"Delft","tier":3,"start_year":1514,"end_year":1901,"fid":731}},{"type":"Feature","id":732,"geometry":{"type":"Point","coordinates":[77.22897,28.65381]},"properties":{"name":"Delhi","tier":3,"start_year":1052,"end_year":1194,"fid":732,"endonym":"دهلی"}},{"type":"Feature","id":733,"geometry":{"type":"Point","coordinates":[77.22897,28.65381]},"properties":{"name":"Delhi","tier":2,"start_year":1194,"end_year":1271,"fid":733,"endonym":"دهلی"}},{"type":"Feature","id":734,"geometry":{"type":"Point","coordinates":[77.22897,28.65381]},"properties":{"name":"Delhi","tier":1,"start_year":1271,"end_year":1307,"fid":734,"endonym":"دهلی"}},{"type":"Feature","id":735,"geometry":{"type":"Point","coordinates":[77.22897,28.65381]},"properties":{"name":"Delhi","tier":2,"start_year":1307,"end_year":1340,"fid":735,"endonym":"دهلی"}},{"type":"Feature","id":736,"geometry":{"type":"Point","coordinates":[77.22897,28.65381]},"properties":{"name":"Delhi","tier":1,"start_year":1340,"end_year":1427,"fid":736,"endonym":"دهلی"}},{"type":"Feature","id":737,"geometry":{"type":"Point","coordinates":[77.22897,28.65381]},"properties":{"name":"Delhi","tier":2,"start_year":1427,"end_year":1518,"fid":737,"endonym":"دهلی"}},{"type":"Feature","id":738,"geometry":{"type":"Point","coordinates":[77.22897,28.65381]},"properties":{"name":"Delhi","tier":1,"start_year":1518,"end_year":1555,"fid":738,"endonym":"دهلی"}},{"type":"Feature","id":739,"geometry":{"type":"Point","coordinates":[77.22897,28.65381]},"properties":{"name":"Delhi","tier":2,"start_year":1555,"end_year":1576,"fid":739,"endonym":"دهلی"}},{"type":"Feature","id":740,"geometry":{"type":"Point","coordinates":[77.22897,28.65381]},"properties":{"name":"Delhi","tier":3,"start_year":1576,"end_year":1604,"fid":740,"endonym":"دهلی"}},{"type":"Feature","id":741,"geometry":{"type":"Point","coordinates":[77.22897,28.65381]},"properties":{"name":"Delhi","tier":2,"start_year":1604,"end_year":1617,"fid":741,"endonym":"دهلی"}},{"type":"Feature","id":742,"geometry":{"type":"Point","coordinates":[77.22897,28.65381]},"properties":{"name":"Delhi","tier":1,"start_year":1617,"end_year":1678,"fid":742,"endonym":"دهلی"}},{"type":"Feature","id":743,"geometry":{"type":"Point","coordinates":[77.22897,28.65381]},"properties":{"name":"Delhi","tier":2,"start_year":1678,"end_year":1728,"fid":743,"endonym":"دهلی"}},{"type":"Feature","id":744,"geometry":{"type":"Point","coordinates":[77.22897,28.65381]},"properties":{"name":"Delhi","tier":1,"start_year":1728,"end_year":1792,"fid":744,"endonym":"دهلی"}},{"type":"Feature","id":745,"geometry":{"type":"Point","coordinates":[77.22897,28.65381]},"properties":{"name":"Delhi","tier":2,"start_year":1792,"end_year":1891,"fid":745,"endonym":"دهلی"}},{"type":"Feature","id":746,"geometry":{"type":"Point","coordinates":[77.22897,28.65381]},"properties":{"name":"Delhi","tier":3,"start_year":1891,"end_year":1892,"fid":746,"endonym":"دهلی"}},{"type":"Feature","id":747,"geometry":{"type":"Point","coordinates":[77.22897,28.65381]},"properties":{"name":"Delhi","tier":2,"start_year":1892,"end_year":1897,"fid":747,"endonym":"دهلی"}},{"type":"Feature","id":748,"geometry":{"type":"Point","coordinates":[77.22897,28.65381]},"properties":{"name":"Delhi","tier":3,"start_year":1897,"end_year":1928,"fid":748,"endonym":"دهلی"}},{"type":"Feature","id":749,"geometry":{"type":"Point","coordinates":[77.22897,28.65381]},"properties":{"name":"Delhi","tier":2,"start_year":1928,"end_year":1970,"fid":749,"endonym":"دهلی"}},{"type":"Feature","id":750,"geometry":{"type":"Point","coordinates":[77.22897,28.65381]},"properties":{"name":"Delhi","tier":1,"start_year":1970,"end_year":2025,"fid":750,"endonym":"دهلی"}},{"type":"Feature","id":751,"geometry":{"type":"Point","coordinates":[110.6396,-6.8909]},"properties":{"name":"Demak","tier":3,"start_year":1850,"end_year":1851,"fid":751}},{"type":"Feature","id":752,"geometry":{"type":"Point","coordinates":[-104.984718,39.737567]},"properties":{"name":"Denver","tier":3,"start_year":1900,"end_year":1976,"fid":752}},{"type":"Feature","id":753,"geometry":{"type":"Point","coordinates":[70.9024,31.83269]},"properties":{"name":"Dera Ismail Khan","tier":3,"start_year":1900,"end_year":1901,"fid":753,"endonym":"ڈیرہ اسماعیل خان"}},{"type":"Feature","id":754,"geometry":{"type":"Point","coordinates":[-1.474619,52.922531]},"properties":{"name":"Derby","tier":3,"start_year":1801,"end_year":1901,"fid":754}},{"type":"Feature","id":755,"geometry":{"type":"Point","coordinates":[70.637093,30.053049]},"properties":{"name":"Deri Ghazi Khan","tier":3,"start_year":1800,"end_year":1801,"fid":755,"endonym":"ڈیرہ غازی خان"}},{"type":"Feature","id":756,"geometry":{"type":"Point","coordinates":[-93.60911,41.60054]},"properties":{"name":"Des Moines","tier":3,"start_year":1900,"end_year":1901,"fid":756}},{"type":"Feature","id":757,"geometry":{"type":"Point","coordinates":[12.24555,51.83864]},"properties":{"name":"Dessau-Rosslau","tier":3,"start_year":1900,"end_year":1901,"fid":757,"endonym":"Dessau"}},{"type":"Feature","id":758,"geometry":{"type":"Point","coordinates":[-83.04575,42.33143]},"properties":{"name":"Detroit","tier":2,"start_year":1900,"end_year":1920,"fid":758}},{"type":"Feature","id":759,"geometry":{"type":"Point","coordinates":[-83.04575,42.33143]},"properties":{"name":"Detroit","tier":1,"start_year":1920,"end_year":1976,"fid":759}},{"type":"Feature","id":760,"geometry":{"type":"Point","coordinates":[-1.62907,53.69076]},"properties":{"name":"Dewsbury","tier":3,"start_year":1900,"end_year":1901,"fid":760}},{"type":"Feature","id":761,"geometry":{"type":"Point","coordinates":[90.407143,23.709921]},"properties":{"name":"Dhaka","tier":1,"start_year":1640,"end_year":1645,"fid":761,"endonym":"Ḍhākā"}},{"type":"Feature","id":762,"geometry":{"type":"Point","coordinates":[90.407143,23.709921]},"properties":{"name":"Dhaka","tier":2,"start_year":1645,"end_year":1679,"fid":762,"endonym":"Ḍhākā"}},{"type":"Feature","id":763,"geometry":{"type":"Point","coordinates":[90.407143,23.709921]},"properties":{"name":"Dhaka","tier":1,"start_year":1679,"end_year":1714,"fid":763,"endonym":"Ḍhākā"}},{"type":"Feature","id":764,"geometry":{"type":"Point","coordinates":[90.407143,23.709921]},"properties":{"name":"Dhaka","tier":2,"start_year":1714,"end_year":1827,"fid":764,"endonym":"Ḍhākā"}},{"type":"Feature","id":765,"geometry":{"type":"Point","coordinates":[90.407143,23.709921]},"properties":{"name":"Dhaka","tier":3,"start_year":1827,"end_year":1970,"fid":765,"endonym":"Ḍhākā"}},{"type":"Feature","id":766,"geometry":{"type":"Point","coordinates":[90.407143,23.709921]},"properties":{"name":"Dhaka","tier":2,"start_year":1970,"end_year":2025,"fid":766,"endonym":"Ḍhākā"}},{"type":"Feature","id":767,"geometry":{"type":"Point","coordinates":[86.44324,23.80199]},"properties":{"name":"Dhanbad","tier":3,"start_year":1975,"end_year":1976,"fid":767,"endonym":"Dhanabād"}},{"type":"Feature","id":768,"geometry":{"type":"Point","coordinates":[75.29774,22.59373]},"properties":{"name":"Dhar","tier":1,"start_year":1050,"end_year":1087,"fid":768,"endonym":"Dhār"}},{"type":"Feature","id":769,"geometry":{"type":"Point","coordinates":[75.29774,22.59373]},"properties":{"name":"Dhar","tier":2,"start_year":1087,"end_year":1192,"fid":769,"endonym":"Dhār"}},{"type":"Feature","id":770,"geometry":{"type":"Point","coordinates":[75.29774,22.59373]},"properties":{"name":"Dhar","tier":3,"start_year":1192,"end_year":1821,"fid":770,"endonym":"Dhār"}},{"type":"Feature","id":771,"geometry":{"type":"Point","coordinates":[75.123955,15.364708]},"properties":{"name":"Dharwad","tier":3,"start_year":1900,"end_year":1901,"fid":771,"endonym":"Dhāravāḍ"}},{"type":"Feature","id":772,"geometry":{"type":"Point","coordinates":[-16.350122,15.033366]},"properties":{"name":"Dienne","tier":2,"start_year":800,"end_year":900,"fid":772,"endonym":"Jɛnɛ"}},{"type":"Feature","id":773,"geometry":{"type":"Point","coordinates":[-16.350122,15.033366]},"properties":{"name":"Dienne","tier":3,"start_year":900,"end_year":1901,"fid":773,"endonym":"Jɛnɛ"}},{"type":"Feature","id":774,"geometry":{"type":"Point","coordinates":[1.077483,49.922992]},"properties":{"name":"Dieppe","tier":3,"start_year":1470,"end_year":1852,"fid":774}},{"type":"Feature","id":775,"geometry":{"type":"Point","coordinates":[5.01667,47.31667]},"properties":{"name":"Dijon","tier":3,"start_year":1300,"end_year":1901,"fid":775}},{"type":"Feature","id":776,"geometry":{"type":"Point","coordinates":[13.91646,12.02396]},"properties":{"name":"Dikwa","tier":3,"start_year":1900,"end_year":1901,"fid":776}},{"type":"Feature","id":777,"geometry":{"type":"Point","coordinates":[88.63779,25.62745]},"properties":{"name":"Dinajpur","tier":3,"start_year":1800,"end_year":1801,"fid":777,"endonym":"Dinājpur"}},{"type":"Feature","id":778,"geometry":{"type":"Point","coordinates":[76.091401,21.081554]},"properties":{"name":"Diu","tier":2,"start_year":1600,"end_year":1603,"fid":778,"endonym":"Dīv"}},{"type":"Feature","id":779,"geometry":{"type":"Point","coordinates":[76.091401,21.081554]},"properties":{"name":"Diu","tier":3,"start_year":1603,"end_year":1853,"fid":779,"endonym":"Dīv"}},{"type":"Feature","id":780,"geometry":{"type":"Point","coordinates":[40.230628,37.914411]},"properties":{"name":"Diyarbakir","tier":1,"start_year":500,"end_year":637,"fid":780,"endonym":"آمد"}},{"type":"Feature","id":781,"geometry":{"type":"Point","coordinates":[40.230628,37.914411]},"properties":{"name":"Diyarbakir","tier":2,"start_year":637,"end_year":1242,"fid":781,"endonym":"آمد"}},{"type":"Feature","id":782,"geometry":{"type":"Point","coordinates":[40.230628,37.914411]},"properties":{"name":"Diyarbakir","tier":3,"start_year":1242,"end_year":1857,"fid":782,"endonym":"آمد"}},{"type":"Feature","id":783,"geometry":{"type":"Point","coordinates":[35.046183,48.464717]},"properties":{"name":"Dnipropetrovsk","tier":3,"start_year":1900,"end_year":2025,"fid":783,"endonym":"Дніпропетровськ"}},{"type":"Feature","id":784,"geometry":{"type":"Point","coordinates":[37.80285,48.015883]},"properties":{"name":"Donetsk","tier":3,"start_year":1950,"end_year":1970,"fid":784,"endonym":"Донецьк"}},{"type":"Feature","id":785,"geometry":{"type":"Point","coordinates":[37.80285,48.015883]},"properties":{"name":"Donetsk","tier":2,"start_year":1970,"end_year":2000,"fid":785,"endonym":"Донецьк"}},{"type":"Feature","id":786,"geometry":{"type":"Point","coordinates":[37.80285,48.015883]},"properties":{"name":"Donetsk","tier":3,"start_year":2000,"end_year":2025,"fid":786,"endonym":"Донецьк"}},{"type":"Feature","id":787,"geometry":{"type":"Point","coordinates":[15.583889,-9.6625]},"properties":{"name":"Dongo","tier":3,"start_year":1600,"end_year":1601,"fid":787}},{"type":"Feature","id":788,"geometry":{"type":"Point","coordinates":[30.48333,19.16667]},"properties":{"name":"Dongola","tier":2,"start_year":975,"end_year":1000,"fid":788,"endonym":"Tungul"}},{"type":"Feature","id":789,"geometry":{"type":"Point","coordinates":[30.48333,19.16667]},"properties":{"name":"Dongola","tier":3,"start_year":1000,"end_year":1001,"fid":789,"endonym":"Tungul"}},{"type":"Feature","id":790,"geometry":{"type":"Point","coordinates":[30.48333,19.16667]},"properties":{"name":"Dongola","tier":2,"start_year":1001,"end_year":1100,"fid":790,"endonym":"Tungul"}},{"type":"Feature","id":791,"geometry":{"type":"Point","coordinates":[30.48333,19.16667]},"properties":{"name":"Dongola","tier":3,"start_year":1100,"end_year":1801,"fid":791,"endonym":"Tungul"}},{"type":"Feature","id":792,"geometry":{"type":"Point","coordinates":[4.67361,51.81]},"properties":{"name":"Dordrecht","tier":3,"start_year":1514,"end_year":1901,"fid":792}},{"type":"Feature","id":793,"geometry":{"type":"Point","coordinates":[7.466,51.51494]},"properties":{"name":"Dortmund","tier":3,"start_year":1900,"end_year":1951,"fid":793}},{"type":"Feature","id":794,"geometry":{"type":"Point","coordinates":[1.3,51.13333]},"properties":{"name":"Dover","tier":3,"start_year":1900,"end_year":1901,"fid":794}},{"type":"Feature","id":795,"geometry":{"type":"Point","coordinates":[13.73832,51.05089]},"properties":{"name":"Dresden","tier":3,"start_year":1489,"end_year":1737,"fid":795}},{"type":"Feature","id":796,"geometry":{"type":"Point","coordinates":[13.73832,51.05089]},"properties":{"name":"Dresden","tier":2,"start_year":1737,"end_year":1789,"fid":796}},{"type":"Feature","id":797,"geometry":{"type":"Point","coordinates":[13.73832,51.05089]},"properties":{"name":"Dresden","tier":3,"start_year":1789,"end_year":1805,"fid":797}},{"type":"Feature","id":798,"geometry":{"type":"Point","coordinates":[13.73832,51.05089]},"properties":{"name":"Dresden","tier":2,"start_year":1805,"end_year":1948,"fid":798}},{"type":"Feature","id":799,"geometry":{"type":"Point","coordinates":[13.73832,51.05089]},"properties":{"name":"Dresden","tier":3,"start_year":1948,"end_year":1976,"fid":799}},{"type":"Feature","id":800,"geometry":{"type":"Point","coordinates":[-6.24889,53.33306]},"properties":{"name":"Dublin","tier":3,"start_year":1050,"end_year":1661,"fid":800,"endonym":"Dublinn"}},{"type":"Feature","id":801,"geometry":{"type":"Point","coordinates":[-6.24889,53.33306]},"properties":{"name":"Dublin","tier":2,"start_year":1661,"end_year":1806,"fid":801,"endonym":"Dublinn"}},{"type":"Feature","id":802,"geometry":{"type":"Point","coordinates":[-6.24889,53.33306]},"properties":{"name":"Dublin","tier":1,"start_year":1806,"end_year":1832,"fid":802,"endonym":"Dublinn"}},{"type":"Feature","id":803,"geometry":{"type":"Point","coordinates":[-6.24889,53.33306]},"properties":{"name":"Dublin","tier":2,"start_year":1832,"end_year":1848,"fid":803,"endonym":"Dublinn"}},{"type":"Feature","id":804,"geometry":{"type":"Point","coordinates":[-6.24889,53.33306]},"properties":{"name":"Dublin","tier":1,"start_year":1848,"end_year":1853,"fid":804,"endonym":"Dublinn"}},{"type":"Feature","id":805,"geometry":{"type":"Point","coordinates":[-6.24889,53.33306]},"properties":{"name":"Dublin","tier":2,"start_year":1853,"end_year":1854,"fid":805,"endonym":"Dublinn"}},{"type":"Feature","id":806,"geometry":{"type":"Point","coordinates":[-6.24889,53.33306]},"properties":{"name":"Dublin","tier":1,"start_year":1854,"end_year":1857,"fid":806,"endonym":"Dublinn"}},{"type":"Feature","id":807,"geometry":{"type":"Point","coordinates":[-6.24889,53.33306]},"properties":{"name":"Dublin","tier":2,"start_year":1857,"end_year":1861,"fid":807,"endonym":"Dublinn"}},{"type":"Feature","id":808,"geometry":{"type":"Point","coordinates":[-6.24889,53.33306]},"properties":{"name":"Dublin","tier":1,"start_year":1861,"end_year":1864,"fid":808,"endonym":"Dublinn"}},{"type":"Feature","id":809,"geometry":{"type":"Point","coordinates":[-6.24889,53.33306]},"properties":{"name":"Dublin","tier":2,"start_year":1864,"end_year":1865,"fid":809,"endonym":"Dublinn"}},{"type":"Feature","id":810,"geometry":{"type":"Point","coordinates":[-6.24889,53.33306]},"properties":{"name":"Dublin","tier":1,"start_year":1865,"end_year":1868,"fid":810,"endonym":"Dublinn"}},{"type":"Feature","id":811,"geometry":{"type":"Point","coordinates":[-6.24889,53.33306]},"properties":{"name":"Dublin","tier":2,"start_year":1868,"end_year":1930,"fid":811,"endonym":"Dublinn"}},{"type":"Feature","id":812,"geometry":{"type":"Point","coordinates":[-6.24889,53.33306]},"properties":{"name":"Dublin","tier":3,"start_year":1930,"end_year":1976,"fid":812,"endonym":"Dublinn"}},{"type":"Feature","id":813,"geometry":{"type":"Point","coordinates":[-90.66457,42.50056]},"properties":{"name":"Dubuque","tier":3,"start_year":1900,"end_year":1901,"fid":813}},{"type":"Feature","id":814,"geometry":{"type":"Point","coordinates":[94.666667,40.15]},"properties":{"name":"Duhuang","tier":2,"start_year":-100,"end_year":-99,"fid":814,"endonym":"敦煌"}},{"type":"Feature","id":815,"geometry":{"type":"Point","coordinates":[-92.100485,46.786672]},"properties":{"name":"Duluth","tier":3,"start_year":1900,"end_year":1901,"fid":815}},{"type":"Feature","id":816,"geometry":{"type":"Point","coordinates":[31.81332,31.41648]},"properties":{"name":"Dumyat","tier":1,"start_year":1200,"end_year":1340,"fid":816,"endonym":"دمياط"}},{"type":"Feature","id":817,"geometry":{"type":"Point","coordinates":[31.81332,31.41648]},"properties":{"name":"Dumyat","tier":2,"start_year":1340,"end_year":1371,"fid":817,"endonym":"دمياط"}},{"type":"Feature","id":818,"geometry":{"type":"Point","coordinates":[31.81332,31.41648]},"properties":{"name":"Dumyat","tier":1,"start_year":1371,"end_year":1374,"fid":818,"endonym":"دمياط"}},{"type":"Feature","id":819,"geometry":{"type":"Point","coordinates":[31.81332,31.41648]},"properties":{"name":"Dumyat","tier":2,"start_year":1374,"end_year":1385,"fid":819,"endonym":"دمياط"}},{"type":"Feature","id":820,"geometry":{"type":"Point","coordinates":[31.81332,31.41648]},"properties":{"name":"Dumyat","tier":1,"start_year":1385,"end_year":1408,"fid":820,"endonym":"دمياط"}},{"type":"Feature","id":821,"geometry":{"type":"Point","coordinates":[31.81332,31.41648]},"properties":{"name":"Dumyat","tier":2,"start_year":1408,"end_year":1598,"fid":821,"endonym":"دمياط"}},{"type":"Feature","id":822,"geometry":{"type":"Point","coordinates":[31.81332,31.41648]},"properties":{"name":"Dumyat","tier":3,"start_year":1598,"end_year":1901,"fid":822,"endonym":"دمياط"}},{"type":"Feature","id":823,"geometry":{"type":"Point","coordinates":[-2.96667,56.5]},"properties":{"name":"Dundee","tier":3,"start_year":1651,"end_year":1901,"fid":823,"endonym":"Dùn Dèagh"}},{"type":"Feature","id":824,"geometry":{"type":"Point","coordinates":[170.50361,-45.87416]},"properties":{"name":"Dunedin","tier":3,"start_year":1900,"end_year":1901,"fid":824}},{"type":"Feature","id":825,"geometry":{"type":"Point","coordinates":[2.3775,51.0383]},"properties":{"name":"Dunkerque","tier":3,"start_year":1698,"end_year":1901,"fid":825}},{"type":"Feature","id":826,"geometry":{"type":"Point","coordinates":[-104.666667,24.016667]},"properties":{"name":"Durango","tier":3,"start_year":1900,"end_year":1901,"fid":826}},{"type":"Feature","id":827,"geometry":{"type":"Point","coordinates":[31.0292,-29.8579]},"properties":{"name":"Durban","tier":3,"start_year":1900,"end_year":1976,"fid":827}},{"type":"Feature","id":828,"geometry":{"type":"Point","coordinates":[44.20235367,33.35355825]},"properties":{"name":"Dur-Kurigalzu","tier":1,"start_year":-1360,"end_year":-1199,"fid":828}},{"type":"Feature","id":829,"geometry":{"type":"Point","coordinates":[6.77616,51.22172]},"properties":{"name":"Dusseldorf","tier":3,"start_year":1900,"end_year":1905,"fid":829,"endonym":"Düsseldorf"}},{"type":"Feature","id":830,"geometry":{"type":"Point","coordinates":[6.77616,51.22172]},"properties":{"name":"Dusseldorf","tier":2,"start_year":1905,"end_year":1907,"fid":830,"endonym":"Düsseldorf"}},{"type":"Feature","id":831,"geometry":{"type":"Point","coordinates":[6.77616,51.22172]},"properties":{"name":"Dusseldorf","tier":3,"start_year":1907,"end_year":1908,"fid":831,"endonym":"Düsseldorf"}},{"type":"Feature","id":832,"geometry":{"type":"Point","coordinates":[6.77616,51.22172]},"properties":{"name":"Dusseldorf","tier":2,"start_year":1908,"end_year":1938,"fid":832,"endonym":"Düsseldorf"}},{"type":"Feature","id":833,"geometry":{"type":"Point","coordinates":[6.77616,51.22172]},"properties":{"name":"Dusseldorf","tier":3,"start_year":1938,"end_year":1976,"fid":833,"endonym":"Düsseldorf"}},{"type":"Feature","id":834,"geometry":{"type":"Point","coordinates":[44.58376,40.01984]},"properties":{"name":"Dvin","tier":2,"start_year":622,"end_year":623,"fid":834}},{"type":"Feature","id":835,"geometry":{"type":"Point","coordinates":[-89.590453,21.091075]},"properties":{"name":"Dzibalchaltun","tier":2,"start_year":978,"end_year":979,"fid":835,"endonym":"Dzibilchaltún"}},{"type":"Feature","id":836,"geometry":{"type":"Point","coordinates":[13.4044,52.5186]},"properties":{"name":"East Berlin","tier":3,"start_year":1975,"end_year":1976,"fid":836,"endonym":"Ost-Berlin"}},{"type":"Feature","id":837,"geometry":{"type":"Point","coordinates":[0.28453,50.76871]},"properties":{"name":"Eastbourne","tier":3,"start_year":1900,"end_year":1901,"fid":837}},{"type":"Feature","id":838,"geometry":{"type":"Point","coordinates":[36.79872812,35.79839754]},"properties":{"name":"Ebla","tier":1,"start_year":-2500,"end_year":-1699,"fid":838}},{"type":"Feature","id":839,"geometry":{"type":"Point","coordinates":[48.51738769,34.8053317919]},"properties":{"name":"Ecbatana","tier":1,"start_year":-500,"end_year":-399,"fid":839,"endonym":"Hagmatāna"}},{"type":"Feature","id":840,"geometry":{"type":"Point","coordinates":[-5.0826,37.5422]},"properties":{"name":"Ecija","tier":3,"start_year":1587,"end_year":1851,"fid":840,"endonym":"Écija"}},{"type":"Feature","id":841,"geometry":{"type":"Point","coordinates":[38.8,37.15]},"properties":{"name":"Edessa","tier":1,"start_year":361,"end_year":591,"fid":841,"endonym":"Urhoy"}},{"type":"Feature","id":842,"geometry":{"type":"Point","coordinates":[38.8,37.15]},"properties":{"name":"Edessa","tier":2,"start_year":591,"end_year":1347,"fid":842,"endonym":"Urhoy"}},{"type":"Feature","id":843,"geometry":{"type":"Point","coordinates":[38.8,37.15]},"properties":{"name":"Edessa","tier":3,"start_year":1347,"end_year":1348,"fid":843,"endonym":"Urhoy"}},{"type":"Feature","id":844,"geometry":{"type":"Point","coordinates":[38.8,37.15]},"properties":{"name":"Edessa","tier":2,"start_year":1348,"end_year":1350,"fid":844,"endonym":"Urhoy"}},{"type":"Feature","id":845,"geometry":{"type":"Point","coordinates":[38.8,37.15]},"properties":{"name":"Edessa","tier":3,"start_year":1350,"end_year":1901,"fid":845,"endonym":"Urhoy"}},{"type":"Feature","id":846,"geometry":{"type":"Point","coordinates":[-3.19648,55.95206]},"properties":{"name":"Edinburgh","tier":3,"start_year":1327,"end_year":1743,"fid":846}},{"type":"Feature","id":847,"geometry":{"type":"Point","coordinates":[-3.19648,55.95206]},"properties":{"name":"Edinburgh","tier":2,"start_year":1743,"end_year":1931,"fid":847}},{"type":"Feature","id":848,"geometry":{"type":"Point","coordinates":[-3.19648,55.95206]},"properties":{"name":"Edinburgh","tier":3,"start_year":1931,"end_year":1976,"fid":848}},{"type":"Feature","id":849,"geometry":{"type":"Point","coordinates":[26.562269,41.681808]},"properties":{"name":"Edirne","tier":2,"start_year":812,"end_year":900,"fid":849,"endonym":"ادرنه"}},{"type":"Feature","id":850,"geometry":{"type":"Point","coordinates":[26.562269,41.681808]},"properties":{"name":"Edirne","tier":3,"start_year":900,"end_year":958,"fid":850,"endonym":"ادرنه"}},{"type":"Feature","id":851,"geometry":{"type":"Point","coordinates":[26.562269,41.681808]},"properties":{"name":"Edirne","tier":2,"start_year":958,"end_year":975,"fid":851,"endonym":"ادرنه"}},{"type":"Feature","id":852,"geometry":{"type":"Point","coordinates":[26.562269,41.681808]},"properties":{"name":"Edirne","tier":3,"start_year":975,"end_year":980,"fid":852,"endonym":"ادرنه"}},{"type":"Feature","id":853,"geometry":{"type":"Point","coordinates":[26.562269,41.681808]},"properties":{"name":"Edirne","tier":2,"start_year":980,"end_year":990,"fid":853,"endonym":"ادرنه"}},{"type":"Feature","id":854,"geometry":{"type":"Point","coordinates":[26.562269,41.681808]},"properties":{"name":"Edirne","tier":3,"start_year":990,"end_year":1407,"fid":854,"endonym":"ادرنه"}},{"type":"Feature","id":855,"geometry":{"type":"Point","coordinates":[26.562269,41.681808]},"properties":{"name":"Edirne","tier":2,"start_year":1407,"end_year":1447,"fid":855,"endonym":"ادرنه"}},{"type":"Feature","id":856,"geometry":{"type":"Point","coordinates":[26.562269,41.681808]},"properties":{"name":"Edirne","tier":1,"start_year":1447,"end_year":1635,"fid":856,"endonym":"ادرنه"}},{"type":"Feature","id":857,"geometry":{"type":"Point","coordinates":[26.562269,41.681808]},"properties":{"name":"Edirne","tier":2,"start_year":1635,"end_year":1845,"fid":857,"endonym":"ادرنه"}},{"type":"Feature","id":858,"geometry":{"type":"Point","coordinates":[26.562269,41.681808]},"properties":{"name":"Edirne","tier":3,"start_year":1845,"end_year":1901,"fid":858,"endonym":"ادرنه"}},{"type":"Feature","id":859,"geometry":{"type":"Point","coordinates":[-113.46871,53.55014]},"properties":{"name":"Edmonton","tier":3,"start_year":1975,"end_year":1976,"fid":859}},{"type":"Feature","id":860,"geometry":{"type":"Point","coordinates":[10.31522,50.9807]},"properties":{"name":"Eisenach","tier":3,"start_year":1900,"end_year":1901,"fid":860}},{"type":"Feature","id":861,"geometry":{"type":"Point","coordinates":[-106.4233,31.7903]},"properties":{"name":"El Paso","tier":3,"start_year":1950,"end_year":1951,"fid":861}},{"type":"Feature","id":862,"geometry":{"type":"Point","coordinates":[97.3782,20.4481]},"properties":{"name":"El Tajin","tier":2,"start_year":622,"end_year":1001,"fid":862,"endonym":"El Tajín"}},{"type":"Feature","id":863,"geometry":{"type":"Point","coordinates":[19.4,54.166667]},"properties":{"name":"Elblag","tier":3,"start_year":1900,"end_year":1901,"fid":863,"endonym":"Elbing"}},{"type":"Feature","id":864,"geometry":{"type":"Point","coordinates":[21.37348005,37.89189226]},"properties":{"name":"Elis","tier":2,"start_year":-430,"end_year":-429,"fid":864,"endonym":"Ἦλις"}},{"type":"Feature","id":865,"geometry":{"type":"Point","coordinates":[75.177641,20.026319]},"properties":{"name":"Ellora","tier":2,"start_year":800,"end_year":901,"fid":865,"endonym":"Eḷūra"}},{"type":"Feature","id":866,"geometry":{"type":"Point","coordinates":[-76.80773,42.0898]},"properties":{"name":"Elmira","tier":3,"start_year":1900,"end_year":1901,"fid":866}},{"type":"Feature","id":867,"geometry":{"type":"Point","coordinates":[-4.783611,36.5025]},"properties":{"name":"Elvira","tier":3,"start_year":1000,"end_year":1001,"fid":867,"endonym":"إلبيرة"}},{"type":"Feature","id":868,"geometry":{"type":"Point","coordinates":[27.34104109,37.94049284]},"properties":{"name":"Ephesus","tier":1,"start_year":-200,"end_year":601,"fid":868,"endonym":"Ἔφεσος"}},{"type":"Feature","id":869,"geometry":{"type":"Point","coordinates":[11.03283,50.9787]},"properties":{"name":"Erfurt","tier":3,"start_year":1200,"end_year":1901,"fid":869}},{"type":"Feature","id":870,"geometry":{"type":"Point","coordinates":[41.27694,39.90861]},"properties":{"name":"Erzurum","tier":3,"start_year":1700,"end_year":1820,"fid":870,"endonym":"أرضروم"}},{"type":"Feature","id":871,"geometry":{"type":"Point","coordinates":[41.27694,39.90861]},"properties":{"name":"Erzurum","tier":2,"start_year":1820,"end_year":1832,"fid":871,"endonym":"أرضروم"}},{"type":"Feature","id":872,"geometry":{"type":"Point","coordinates":[41.27694,39.90861]},"properties":{"name":"Erzurum","tier":3,"start_year":1832,"end_year":1901,"fid":872,"endonym":"أرضروم"}},{"type":"Feature","id":873,"geometry":{"type":"Point","coordinates":[51.679192,32.651389]},"properties":{"name":"Esfahan","tier":2,"start_year":800,"end_year":1000,"fid":873,"endonym":"اصفهان"}},{"type":"Feature","id":874,"geometry":{"type":"Point","coordinates":[51.679192,32.651389]},"properties":{"name":"Esfahan","tier":1,"start_year":1000,"end_year":1100,"fid":874,"endonym":"اصفهان"}},{"type":"Feature","id":875,"geometry":{"type":"Point","coordinates":[51.679192,32.651389]},"properties":{"name":"Esfahan","tier":2,"start_year":1100,"end_year":1532,"fid":875,"endonym":"اصفهان"}},{"type":"Feature","id":876,"geometry":{"type":"Point","coordinates":[51.679192,32.651389]},"properties":{"name":"Esfahan","tier":3,"start_year":1532,"end_year":1599,"fid":876,"endonym":"اصفهان"}},{"type":"Feature","id":877,"geometry":{"type":"Point","coordinates":[51.679192,32.651389]},"properties":{"name":"Esfahan","tier":2,"start_year":1599,"end_year":1601,"fid":877,"endonym":"اصفهان"}},{"type":"Feature","id":878,"geometry":{"type":"Point","coordinates":[51.679192,32.651389]},"properties":{"name":"Esfahan","tier":1,"start_year":1601,"end_year":1731,"fid":878,"endonym":"اصفهان"}},{"type":"Feature","id":879,"geometry":{"type":"Point","coordinates":[51.679192,32.651389]},"properties":{"name":"Esfahan","tier":2,"start_year":1731,"end_year":1744,"fid":879,"endonym":"اصفهان"}},{"type":"Feature","id":880,"geometry":{"type":"Point","coordinates":[51.679192,32.651389]},"properties":{"name":"Esfahan","tier":3,"start_year":1744,"end_year":2025,"fid":880,"endonym":"اصفهان"}},{"type":"Feature","id":881,"geometry":{"type":"Point","coordinates":[18.74148,47.7928]},"properties":{"name":"Esztergom","tier":3,"start_year":1200,"end_year":1851,"fid":881}},{"type":"Feature","id":882,"geometry":{"type":"Point","coordinates":[79.02159,26.7778]},"properties":{"name":"Etawah","tier":3,"start_year":1900,"end_year":1901,"fid":882,"endonym":"Iṭāwā"}},{"type":"Feature","id":883,"geometry":{"type":"Point","coordinates":[-87.55585,37.97476]},"properties":{"name":"Evansville","tier":3,"start_year":1900,"end_year":1901,"fid":883}},{"type":"Feature","id":884,"geometry":{"type":"Point","coordinates":[-7.9,38.56667]},"properties":{"name":"Evora","tier":3,"start_year":1500,"end_year":1869,"fid":884,"endonym":"Évora"}},{"type":"Feature","id":885,"geometry":{"type":"Point","coordinates":[-3.52751,50.7236]},"properties":{"name":"Exeter","tier":3,"start_year":1086,"end_year":1901,"fid":885}},{"type":"Feature","id":886,"geometry":{"type":"Point","coordinates":[73.08333,31.41667]},"properties":{"name":"Faisalabad","tier":3,"start_year":1975,"end_year":2000,"fid":886,"endonym":"فیصل آباد"}},{"type":"Feature","id":887,"geometry":{"type":"Point","coordinates":[73.08333,31.41667]},"properties":{"name":"Faisalabad","tier":2,"start_year":2000,"end_year":2025,"fid":887,"endonym":"فیصل آباد"}},{"type":"Feature","id":888,"geometry":{"type":"Point","coordinates":[30.844105,29.308374]},"properties":{"name":"Faiyum","tier":3,"start_year":1900,"end_year":1901,"fid":888,"endonym":"الفيوم"}},{"type":"Feature","id":889,"geometry":{"type":"Point","coordinates":[82.142169,26.779386]},"properties":{"name":"Faizabad","tier":2,"start_year":640,"end_year":1000,"fid":889,"endonym":"فیض آباد"}},{"type":"Feature","id":890,"geometry":{"type":"Point","coordinates":[82.142169,26.779386]},"properties":{"name":"Faizabad","tier":3,"start_year":1000,"end_year":1001,"fid":890,"endonym":"فیض آباد"}},{"type":"Feature","id":891,"geometry":{"type":"Point","coordinates":[82.142169,26.779386]},"properties":{"name":"Faizabad","tier":2,"start_year":1001,"end_year":1050,"fid":891,"endonym":"فیض آباد"}},{"type":"Feature","id":892,"geometry":{"type":"Point","coordinates":[82.142169,26.779386]},"properties":{"name":"Faizabad","tier":3,"start_year":1050,"end_year":1052,"fid":892,"endonym":"فیض آباد"}},{"type":"Feature","id":893,"geometry":{"type":"Point","coordinates":[82.142169,26.779386]},"properties":{"name":"Faizabad","tier":2,"start_year":1052,"end_year":1074,"fid":893,"endonym":"فیض آباد"}},{"type":"Feature","id":894,"geometry":{"type":"Point","coordinates":[82.142169,26.779386]},"properties":{"name":"Faizabad","tier":3,"start_year":1074,"end_year":1734,"fid":894,"endonym":"فیض آباد"}},{"type":"Feature","id":895,"geometry":{"type":"Point","coordinates":[82.142169,26.779386]},"properties":{"name":"Faizabad","tier":2,"start_year":1734,"end_year":1763,"fid":895,"endonym":"فیض آباد"}},{"type":"Feature","id":896,"geometry":{"type":"Point","coordinates":[82.142169,26.779386]},"properties":{"name":"Faizabad","tier":3,"start_year":1763,"end_year":1901,"fid":896,"endonym":"فیض آباد"}},{"type":"Feature","id":897,"geometry":{"type":"Point","coordinates":[-71.15505,41.70149]},"properties":{"name":"Fall River","tier":3,"start_year":1900,"end_year":1901,"fid":897}},{"type":"Feature","id":898,"geometry":{"type":"Point","coordinates":[79.58006,27.39048]},"properties":{"name":"Farrukhabad","tier":2,"start_year":1714,"end_year":1814,"fid":898,"endonym":"فرخ آباد"}},{"type":"Feature","id":899,"geometry":{"type":"Point","coordinates":[79.58006,27.39048]},"properties":{"name":"Farrukhabad","tier":3,"start_year":1814,"end_year":1901,"fid":899,"endonym":"فرخ آباد"}},{"type":"Feature","id":900,"geometry":{"type":"Point","coordinates":[77.66003,27.0937]},"properties":{"name":"Fatehpur Sikri","tier":3,"start_year":1848,"end_year":1854,"fid":900,"endonym":"فتح پور سیکری"}},{"type":"Feature","id":901,"geometry":{"type":"Point","coordinates":[35.379167,45.048889]},"properties":{"name":"Feodosia","tier":2,"start_year":1300,"end_year":1473,"fid":901,"endonym":"Caffa"}},{"type":"Feature","id":902,"geometry":{"type":"Point","coordinates":[35.379167,45.048889]},"properties":{"name":"Feodosia","tier":3,"start_year":1473,"end_year":1850,"fid":902,"endonym":"Caffa"}},{"type":"Feature","id":903,"geometry":{"type":"Point","coordinates":[11.62071,44.82678]},"properties":{"name":"Ferrara","tier":3,"start_year":1200,"end_year":1901,"fid":903}},{"type":"Feature","id":904,"geometry":{"type":"Point","coordinates":[-5.01,34.033333]},"properties":{"name":"Fez","tier":2,"start_year":808,"end_year":1087,"fid":904,"endonym":"فاس"}},{"type":"Feature","id":905,"geometry":{"type":"Point","coordinates":[-5.01,34.033333]},"properties":{"name":"Fez","tier":1,"start_year":1087,"end_year":1570,"fid":905,"endonym":"فاس"}},{"type":"Feature","id":906,"geometry":{"type":"Point","coordinates":[-5.01,34.033333]},"properties":{"name":"Fez","tier":2,"start_year":1570,"end_year":1572,"fid":906,"endonym":"فاس"}},{"type":"Feature","id":907,"geometry":{"type":"Point","coordinates":[-5.01,34.033333]},"properties":{"name":"Fez","tier":1,"start_year":1572,"end_year":1575,"fid":907,"endonym":"فاس"}},{"type":"Feature","id":908,"geometry":{"type":"Point","coordinates":[-5.01,34.033333]},"properties":{"name":"Fez","tier":2,"start_year":1575,"end_year":1800,"fid":908,"endonym":"فاس"}},{"type":"Feature","id":909,"geometry":{"type":"Point","coordinates":[-5.01,34.033333]},"properties":{"name":"Fez","tier":3,"start_year":1800,"end_year":1827,"fid":909,"endonym":"فاس"}},{"type":"Feature","id":910,"geometry":{"type":"Point","coordinates":[-5.01,34.033333]},"properties":{"name":"Fez","tier":2,"start_year":1827,"end_year":1845,"fid":910,"endonym":"فاس"}},{"type":"Feature","id":911,"geometry":{"type":"Point","coordinates":[-5.01,34.033333]},"properties":{"name":"Fez","tier":3,"start_year":1845,"end_year":1948,"fid":911,"endonym":"فاس"}},{"type":"Feature","id":912,"geometry":{"type":"Point","coordinates":[74.616113,30.918094]},"properties":{"name":"Firozpur","tier":3,"start_year":1900,"end_year":1901,"fid":912,"endonym":"فیروزپور"}},{"type":"Feature","id":913,"geometry":{"type":"Point","coordinates":[64.905956,34.099578]},"properties":{"name":"Firuzkoh","tier":2,"start_year":1086,"end_year":1201,"fid":913,"endonym":"فیروزکوه"}},{"type":"Feature","id":914,"geometry":{"type":"Point","coordinates":[-71.8023,42.58342]},"properties":{"name":"Fitchburg","tier":3,"start_year":1900,"end_year":1901,"fid":914}},{"type":"Feature","id":915,"geometry":{"type":"Point","coordinates":[9.43961,54.78431]},"properties":{"name":"Flensburg","tier":3,"start_year":1900,"end_year":1901,"fid":915}},{"type":"Feature","id":916,"geometry":{"type":"Point","coordinates":[11.248,43.771033]},"properties":{"name":"Florence","tier":3,"start_year":1198,"end_year":1246,"fid":916,"endonym":"Firenze"}},{"type":"Feature","id":917,"geometry":{"type":"Point","coordinates":[11.248,43.771033]},"properties":{"name":"Florence","tier":2,"start_year":1246,"end_year":1250,"fid":917,"endonym":"Firenze"}},{"type":"Feature","id":918,"geometry":{"type":"Point","coordinates":[11.248,43.771033]},"properties":{"name":"Florence","tier":3,"start_year":1250,"end_year":1251,"fid":918,"endonym":"Firenze"}},{"type":"Feature","id":919,"geometry":{"type":"Point","coordinates":[11.248,43.771033]},"properties":{"name":"Florence","tier":2,"start_year":1251,"end_year":1790,"fid":919,"endonym":"Firenze"}},{"type":"Feature","id":920,"geometry":{"type":"Point","coordinates":[11.248,43.771033]},"properties":{"name":"Florence","tier":3,"start_year":1790,"end_year":1801,"fid":920,"endonym":"Firenze"}},{"type":"Feature","id":921,"geometry":{"type":"Point","coordinates":[11.248,43.771033]},"properties":{"name":"Florence","tier":2,"start_year":1801,"end_year":1883,"fid":921,"endonym":"Firenze"}},{"type":"Feature","id":922,"geometry":{"type":"Point","coordinates":[11.248,43.771033]},"properties":{"name":"Florence","tier":3,"start_year":1883,"end_year":1976,"fid":922,"endonym":"Firenze"}},{"type":"Feature","id":923,"geometry":{"type":"Point","coordinates":[-48.54917,-27.59667]},"properties":{"name":"Florianopolis","tier":3,"start_year":1900,"end_year":1901,"fid":923,"endonym":"Florianópolis"}},{"type":"Feature","id":924,"geometry":{"type":"Point","coordinates":[15.54925,41.46093]},"properties":{"name":"Foggia","tier":3,"start_year":1900,"end_year":1901,"fid":924}},{"type":"Feature","id":925,"geometry":{"type":"Point","coordinates":[1.18333,51.08333]},"properties":{"name":"Folkestone","tier":3,"start_year":1900,"end_year":1901,"fid":925}},{"type":"Feature","id":926,"geometry":{"type":"Point","coordinates":[14.63971,51.73544]},"properties":{"name":"Forst","tier":3,"start_year":1900,"end_year":1901,"fid":926}},{"type":"Feature","id":927,"geometry":{"type":"Point","coordinates":[-85.12886,41.1306]},"properties":{"name":"Fort Wayne","tier":3,"start_year":1900,"end_year":1901,"fid":927}},{"type":"Feature","id":928,"geometry":{"type":"Point","coordinates":[-97.32085,32.72541]},"properties":{"name":"Fort Worth","tier":3,"start_year":1950,"end_year":1951,"fid":928}},{"type":"Feature","id":929,"geometry":{"type":"Point","coordinates":[-38.54306,-3.71722]},"properties":{"name":"Fortaleza","tier":3,"start_year":1900,"end_year":2000,"fid":929}},{"type":"Feature","id":930,"geometry":{"type":"Point","coordinates":[-38.54306,-3.71722]},"properties":{"name":"Fortaleza","tier":2,"start_year":2000,"end_year":2025,"fid":930}},{"type":"Feature","id":931,"geometry":{"type":"Point","coordinates":[8.682128,50.110922]},"properties":{"name":"Frankfurt am Main","tier":3,"start_year":1200,"end_year":1859,"fid":931}},{"type":"Feature","id":932,"geometry":{"type":"Point","coordinates":[8.682128,50.110922]},"properties":{"name":"Frankfurt am Main","tier":2,"start_year":1859,"end_year":1976,"fid":932}},{"type":"Feature","id":933,"geometry":{"type":"Point","coordinates":[14.538127,52.34249]},"properties":{"name":"Frankfurt/Oder","tier":3,"start_year":1900,"end_year":1901,"fid":933,"endonym":"Frankfurt an der Oder"}},{"type":"Feature","id":934,"geometry":{"type":"Point","coordinates":[-13.28972,8.43194]},"properties":{"name":"Freetown","tier":3,"start_year":1900,"end_year":1901,"fid":934}},{"type":"Feature","id":935,"geometry":{"type":"Point","coordinates":[13.33881,50.91089]},"properties":{"name":"Freiberg","tier":3,"start_year":1900,"end_year":1901,"fid":935}},{"type":"Feature","id":936,"geometry":{"type":"Point","coordinates":[7.85222,47.9959]},"properties":{"name":"Freiburg im Breisgau","tier":3,"start_year":1900,"end_year":1901,"fid":936}},{"type":"Feature","id":937,"geometry":{"type":"Point","coordinates":[29.960322,31.207161]},"properties":{"name":"Fua","tier":3,"start_year":1090,"end_year":1898,"fid":937,"endonym":"فوه"}},{"type":"Feature","id":938,"geometry":{"type":"Point","coordinates":[136.221527,36.065178]},"properties":{"name":"Fukui","tier":3,"start_year":1800,"end_year":1901,"fid":938,"endonym":"福井"}},{"type":"Feature","id":939,"geometry":{"type":"Point","coordinates":[10.988667,49.477117]},"properties":{"name":"Furth","tier":3,"start_year":1900,"end_year":1901,"fid":939,"endonym":"Fürth"}},{"type":"Feature","id":940,"geometry":{"type":"Point","coordinates":[123.92333,41.85583]},"properties":{"name":"Fushun","tier":3,"start_year":1950,"end_year":2025,"fid":940,"endonym":"撫順"}},{"type":"Feature","id":941,"geometry":{"type":"Point","coordinates":[119.306389,26.076111]},"properties":{"name":"Fuzhou","tier":2,"start_year":1000,"end_year":1446,"fid":941,"endonym":"福州"}},{"type":"Feature","id":942,"geometry":{"type":"Point","coordinates":[119.306389,26.076111]},"properties":{"name":"Fuzhou","tier":1,"start_year":1446,"end_year":1447,"fid":942,"endonym":"福州"}},{"type":"Feature","id":943,"geometry":{"type":"Point","coordinates":[119.306389,26.076111]},"properties":{"name":"Fuzhou","tier":2,"start_year":1447,"end_year":1494,"fid":943,"endonym":"福州"}},{"type":"Feature","id":944,"geometry":{"type":"Point","coordinates":[119.306389,26.076111]},"properties":{"name":"Fuzhou","tier":1,"start_year":1494,"end_year":1495,"fid":944,"endonym":"福州"}},{"type":"Feature","id":945,"geometry":{"type":"Point","coordinates":[119.306389,26.076111]},"properties":{"name":"Fuzhou","tier":2,"start_year":1495,"end_year":1905,"fid":945,"endonym":"福州"}},{"type":"Feature","id":946,"geometry":{"type":"Point","coordinates":[119.306389,26.076111]},"properties":{"name":"Fuzhou","tier":3,"start_year":1905,"end_year":2025,"fid":946,"endonym":"福州"}},{"type":"Feature","id":947,"geometry":{"type":"Point","coordinates":[28.031044,45.42572]},"properties":{"name":"Galati","tier":3,"start_year":1900,"end_year":1901,"fid":947,"endonym":"Galați"}},{"type":"Feature","id":948,"geometry":{"type":"Point","coordinates":[80.217,6.0367]},"properties":{"name":"Galle","tier":3,"start_year":1900,"end_year":1901,"fid":948,"endonym":"Gālla"}},{"type":"Feature","id":949,"geometry":{"type":"Point","coordinates":[-94.825833,29.281111]},"properties":{"name":"Galveston","tier":3,"start_year":1900,"end_year":1901,"fid":949}},{"type":"Feature","id":950,"geometry":{"type":"Point","coordinates":[79.367622,11.20718]},"properties":{"name":"Gangaikonda Cholapuram","tier":3,"start_year":1871,"end_year":1872,"fid":950,"endonym":"Kaṅkaikkoṇṭa Cōḻapuram"}},{"type":"Feature","id":951,"geometry":{"type":"Point","coordinates":[46.360556,40.682778]},"properties":{"name":"Ganja","tier":3,"start_year":1900,"end_year":1901,"fid":951,"endonym":"Gəncə"}},{"type":"Feature","id":952,"geometry":{"type":"Point","coordinates":[-0.04472,16.27167]},"properties":{"name":"Gao","tier":2,"start_year":800,"end_year":1200,"fid":952,"endonym":"كاوكاو"}},{"type":"Feature","id":953,"geometry":{"type":"Point","coordinates":[-0.04472,16.27167]},"properties":{"name":"Gao","tier":3,"start_year":1200,"end_year":1206,"fid":953,"endonym":"كاوكاو"}},{"type":"Feature","id":954,"geometry":{"type":"Point","coordinates":[-0.04472,16.27167]},"properties":{"name":"Gao","tier":2,"start_year":1206,"end_year":1208,"fid":954,"endonym":"كاوكاو"}},{"type":"Feature","id":955,"geometry":{"type":"Point","coordinates":[-0.04472,16.27167]},"properties":{"name":"Gao","tier":3,"start_year":1208,"end_year":1407,"fid":955,"endonym":"كاوكاو"}},{"type":"Feature","id":956,"geometry":{"type":"Point","coordinates":[-0.04472,16.27167]},"properties":{"name":"Gao","tier":2,"start_year":1407,"end_year":1592,"fid":956,"endonym":"كاوكاو"}},{"type":"Feature","id":957,"geometry":{"type":"Point","coordinates":[88.133333,24.866667]},"properties":{"name":"Gauda","tier":2,"start_year":1200,"end_year":1251,"fid":957,"endonym":"Gauḍa"}},{"type":"Feature","id":958,"geometry":{"type":"Point","coordinates":[88.133333,24.866667]},"properties":{"name":"Gauda","tier":1,"start_year":1251,"end_year":1326,"fid":958,"endonym":"Gauḍa"}},{"type":"Feature","id":959,"geometry":{"type":"Point","coordinates":[88.133333,24.866667]},"properties":{"name":"Gauda","tier":2,"start_year":1326,"end_year":1400,"fid":959,"endonym":"Gauḍa"}},{"type":"Feature","id":960,"geometry":{"type":"Point","coordinates":[88.133333,24.866667]},"properties":{"name":"Gauda","tier":3,"start_year":1400,"end_year":1401,"fid":960,"endonym":"Gauḍa"}},{"type":"Feature","id":961,"geometry":{"type":"Point","coordinates":[88.133333,24.866667]},"properties":{"name":"Gauda","tier":2,"start_year":1401,"end_year":1422,"fid":961,"endonym":"Gauḍa"}},{"type":"Feature","id":962,"geometry":{"type":"Point","coordinates":[88.133333,24.866667]},"properties":{"name":"Gauda","tier":1,"start_year":1422,"end_year":1565,"fid":962,"endonym":"Gauḍa"}},{"type":"Feature","id":963,"geometry":{"type":"Point","coordinates":[88.133333,24.866667]},"properties":{"name":"Gauda","tier":2,"start_year":1565,"end_year":1705,"fid":963,"endonym":"Gauḍa"}},{"type":"Feature","id":964,"geometry":{"type":"Point","coordinates":[88.133333,24.866667]},"properties":{"name":"Gauda","tier":3,"start_year":1705,"end_year":1873,"fid":964,"endonym":"Gauḍa"}},{"type":"Feature","id":965,"geometry":{"type":"Point","coordinates":[85.00385,24.79686]},"properties":{"name":"Gaya","tier":3,"start_year":1800,"end_year":1901,"fid":965,"endonym":"Gayā"}},{"type":"Feature","id":966,"geometry":{"type":"Point","coordinates":[18.64663,54.352025]},"properties":{"name":"Gdansk","tier":3,"start_year":1367,"end_year":1585,"fid":966,"endonym":"Gdańsk"}},{"type":"Feature","id":967,"geometry":{"type":"Point","coordinates":[18.64663,54.352025]},"properties":{"name":"Gdansk","tier":2,"start_year":1585,"end_year":1600,"fid":967,"endonym":"Gdańsk"}},{"type":"Feature","id":968,"geometry":{"type":"Point","coordinates":[18.64663,54.352025]},"properties":{"name":"Gdansk","tier":3,"start_year":1600,"end_year":1603,"fid":968,"endonym":"Gdańsk"}},{"type":"Feature","id":969,"geometry":{"type":"Point","coordinates":[18.64663,54.352025]},"properties":{"name":"Gdansk","tier":2,"start_year":1603,"end_year":1700,"fid":969,"endonym":"Gdańsk"}},{"type":"Feature","id":970,"geometry":{"type":"Point","coordinates":[18.64663,54.352025]},"properties":{"name":"Gdansk","tier":3,"start_year":1700,"end_year":1976,"fid":970,"endonym":"Gdańsk"}},{"type":"Feature","id":971,"geometry":{"type":"Point","coordinates":[14.23068,37.08034]},"properties":{"name":"Gela","tier":2,"start_year":-430,"end_year":-429,"fid":971,"endonym":"Γέλα"}},{"type":"Feature","id":972,"geometry":{"type":"Point","coordinates":[26.499992,40.333333]},"properties":{"name":"Gelibolu","tier":1,"start_year":1000,"end_year":1324,"fid":972,"endonym":"جلبولو"}},{"type":"Feature","id":973,"geometry":{"type":"Point","coordinates":[26.499992,40.333333]},"properties":{"name":"Gelibolu","tier":2,"start_year":1324,"end_year":1407,"fid":973,"endonym":"جلبولو"}},{"type":"Feature","id":974,"geometry":{"type":"Point","coordinates":[26.499992,40.333333]},"properties":{"name":"Gelibolu","tier":3,"start_year":1407,"end_year":1841,"fid":974,"endonym":"جلبولو"}},{"type":"Feature","id":975,"geometry":{"type":"Point","coordinates":[6.142297,46.198392]},"properties":{"name":"Geneva","tier":3,"start_year":1000,"end_year":1901,"fid":975,"endonym":"Genève"}},{"type":"Feature","id":976,"geometry":{"type":"Point","coordinates":[8.946256,44.40565]},"properties":{"name":"Genova","tier":3,"start_year":1000,"end_year":1208,"fid":976}},{"type":"Feature","id":977,"geometry":{"type":"Point","coordinates":[8.946256,44.40565]},"properties":{"name":"Genova","tier":2,"start_year":1208,"end_year":1800,"fid":977}},{"type":"Feature","id":978,"geometry":{"type":"Point","coordinates":[8.946256,44.40565]},"properties":{"name":"Genova","tier":3,"start_year":1800,"end_year":1801,"fid":978}},{"type":"Feature","id":979,"geometry":{"type":"Point","coordinates":[8.946256,44.40565]},"properties":{"name":"Genova","tier":2,"start_year":1801,"end_year":1905,"fid":979}},{"type":"Feature","id":980,"geometry":{"type":"Point","coordinates":[8.946256,44.40565]},"properties":{"name":"Genova","tier":3,"start_year":1905,"end_year":1948,"fid":980}},{"type":"Feature","id":981,"geometry":{"type":"Point","coordinates":[8.946256,44.40565]},"properties":{"name":"Genova","tier":2,"start_year":1948,"end_year":1953,"fid":981}},{"type":"Feature","id":982,"geometry":{"type":"Point","coordinates":[8.946256,44.40565]},"properties":{"name":"Genova","tier":3,"start_year":1953,"end_year":1976,"fid":982}},{"type":"Feature","id":983,"geometry":{"type":"Point","coordinates":[3.730378,51.053469]},"properties":{"name":"Gent","tier":3,"start_year":1100,"end_year":1271,"fid":983}},{"type":"Feature","id":984,"geometry":{"type":"Point","coordinates":[3.730378,51.053469]},"properties":{"name":"Gent","tier":2,"start_year":1271,"end_year":1581,"fid":984}},{"type":"Feature","id":985,"geometry":{"type":"Point","coordinates":[3.730378,51.053469]},"properties":{"name":"Gent","tier":3,"start_year":1581,"end_year":1686,"fid":985}},{"type":"Feature","id":986,"geometry":{"type":"Point","coordinates":[3.730378,51.053469]},"properties":{"name":"Gent","tier":2,"start_year":1686,"end_year":1696,"fid":986}},{"type":"Feature","id":987,"geometry":{"type":"Point","coordinates":[3.730378,51.053469]},"properties":{"name":"Gent","tier":3,"start_year":1696,"end_year":1813,"fid":987}},{"type":"Feature","id":988,"geometry":{"type":"Point","coordinates":[3.730378,51.053469]},"properties":{"name":"Gent","tier":2,"start_year":1813,"end_year":1877,"fid":988}},{"type":"Feature","id":989,"geometry":{"type":"Point","coordinates":[3.730378,51.053469]},"properties":{"name":"Gent","tier":3,"start_year":1877,"end_year":1878,"fid":989}},{"type":"Feature","id":990,"geometry":{"type":"Point","coordinates":[3.730378,51.053469]},"properties":{"name":"Gent","tier":2,"start_year":1878,"end_year":1880,"fid":990}},{"type":"Feature","id":991,"geometry":{"type":"Point","coordinates":[3.730378,51.053469]},"properties":{"name":"Gent","tier":3,"start_year":1880,"end_year":1951,"fid":991}},{"type":"Feature","id":992,"geometry":{"type":"Point","coordinates":[-58.166667,6.8]},"properties":{"name":"Georgetown","tier":3,"start_year":1900,"end_year":1901,"fid":992}},{"type":"Feature","id":993,"geometry":{"type":"Point","coordinates":[12.08187,50.88029]},"properties":{"name":"Gera","tier":3,"start_year":1900,"end_year":1901,"fid":993}},{"type":"Feature","id":994,"geometry":{"type":"Point","coordinates":[83.58058,25.58052]},"properties":{"name":"Ghazipur","tier":3,"start_year":1900,"end_year":1901,"fid":994,"endonym":"Ghāzīpur"}},{"type":"Feature","id":995,"geometry":{"type":"Point","coordinates":[68.42096,33.55391]},"properties":{"name":"Ghazni","tier":2,"start_year":990,"end_year":1100,"fid":995,"endonym":"غزنی"}},{"type":"Feature","id":996,"geometry":{"type":"Point","coordinates":[68.42096,33.55391]},"properties":{"name":"Ghazni","tier":3,"start_year":1100,"end_year":1809,"fid":996,"endonym":"غزنی"}},{"type":"Feature","id":997,"geometry":{"type":"Point","coordinates":[-5.35257,36.14474]},"properties":{"name":"Gibraltar","tier":3,"start_year":1900,"end_year":1901,"fid":997}},{"type":"Feature","id":998,"geometry":{"type":"Point","coordinates":[136.760654,35.423298]},"properties":{"name":"Gifu","tier":3,"start_year":1900,"end_year":1951,"fid":998,"endonym":"岐阜"}},{"type":"Feature","id":999,"geometry":{"type":"Point","coordinates":[-4.25763,55.86515]},"properties":{"name":"Glasgow","tier":3,"start_year":1300,"end_year":1789,"fid":999}},{"type":"Feature","id":1000,"geometry":{"type":"Point","coordinates":[-4.25763,55.86515]},"properties":{"name":"Glasgow","tier":2,"start_year":1789,"end_year":1830,"fid":1000}},{"type":"Feature","id":1001,"geometry":{"type":"Point","coordinates":[-4.25763,55.86515]},"properties":{"name":"Glasgow","tier":1,"start_year":1830,"end_year":1936,"fid":1001}},{"type":"Feature","id":1002,"geometry":{"type":"Point","coordinates":[-4.25763,55.86515]},"properties":{"name":"Glasgow","tier":2,"start_year":1936,"end_year":1976,"fid":1002}},{"type":"Feature","id":1003,"geometry":{"type":"Point","coordinates":[18.671384,50.294491]},"properties":{"name":"Gliwice","tier":2,"start_year":1900,"end_year":1901,"fid":1003,"endonym":"Gleiwitz"}},{"type":"Feature","id":1004,"geometry":{"type":"Point","coordinates":[-2.24,51.87]},"properties":{"name":"Gloucester","tier":3,"start_year":1900,"end_year":1901,"fid":1004}},{"type":"Feature","id":1005,"geometry":{"type":"Point","coordinates":[74.124,15.299333]},"properties":{"name":"Goa","tier":2,"start_year":1300,"end_year":1353,"fid":1005,"endonym":"Goṃy"}},{"type":"Feature","id":1006,"geometry":{"type":"Point","coordinates":[74.124,15.299333]},"properties":{"name":"Goa","tier":3,"start_year":1353,"end_year":1363,"fid":1006,"endonym":"Goṃy"}},{"type":"Feature","id":1007,"geometry":{"type":"Point","coordinates":[74.124,15.299333]},"properties":{"name":"Goa","tier":2,"start_year":1363,"end_year":1367,"fid":1007,"endonym":"Goṃy"}},{"type":"Feature","id":1008,"geometry":{"type":"Point","coordinates":[74.124,15.299333]},"properties":{"name":"Goa","tier":3,"start_year":1367,"end_year":1370,"fid":1008,"endonym":"Goṃy"}},{"type":"Feature","id":1009,"geometry":{"type":"Point","coordinates":[74.124,15.299333]},"properties":{"name":"Goa","tier":2,"start_year":1370,"end_year":1383,"fid":1009,"endonym":"Goṃy"}},{"type":"Feature","id":1010,"geometry":{"type":"Point","coordinates":[74.124,15.299333]},"properties":{"name":"Goa","tier":3,"start_year":1383,"end_year":1537,"fid":1010,"endonym":"Goṃy"}},{"type":"Feature","id":1011,"geometry":{"type":"Point","coordinates":[74.124,15.299333]},"properties":{"name":"Goa","tier":2,"start_year":1537,"end_year":1626,"fid":1011,"endonym":"Goṃy"}},{"type":"Feature","id":1012,"geometry":{"type":"Point","coordinates":[74.124,15.299333]},"properties":{"name":"Goa","tier":3,"start_year":1626,"end_year":1877,"fid":1012,"endonym":"Goṃy"}},{"type":"Feature","id":1013,"geometry":{"type":"Point","coordinates":[-49.25389,-16.67861]},"properties":{"name":"Goiania","tier":3,"start_year":1975,"end_year":2025,"fid":1013,"endonym":"Goiânia"}},{"type":"Feature","id":1014,"geometry":{"type":"Point","coordinates":[78.402003,17.382986]},"properties":{"name":"Golkonda","tier":3,"start_year":1550,"end_year":1586,"fid":1014,"endonym":"Gōlkoṇḍa"}},{"type":"Feature","id":1015,"geometry":{"type":"Point","coordinates":[30.984167,52.445278]},"properties":{"name":"Gomel","tier":3,"start_year":1900,"end_year":1901,"fid":1015,"endonym":"Гомель"}},{"type":"Feature","id":1016,"geometry":{"type":"Point","coordinates":[37.466669,12.600003]},"properties":{"name":"Gondar","tier":2,"start_year":1699,"end_year":1732,"fid":1016}},{"type":"Feature","id":1017,"geometry":{"type":"Point","coordinates":[37.466669,12.600003]},"properties":{"name":"Gondar","tier":3,"start_year":1732,"end_year":1856,"fid":1017}},{"type":"Feature","id":1018,"geometry":{"type":"Point","coordinates":[83.373168,26.760555]},"properties":{"name":"Gorakhpur","tier":3,"start_year":1800,"end_year":1901,"fid":1018}},{"type":"Feature","id":1019,"geometry":{"type":"Point","coordinates":[14.968707,51.150627]},"properties":{"name":"Gorlitz","tier":3,"start_year":1900,"end_year":1901,"fid":1019,"endonym":"Görlitz"}},{"type":"Feature","id":1020,"geometry":{"type":"Point","coordinates":[24.94680958,35.06262738]},"properties":{"name":"Gortyn","tier":2,"start_year":-100,"end_year":-99,"fid":1020,"endonym":"Γόρτυν"}},{"type":"Feature","id":1021,"geometry":{"type":"Point","coordinates":[11.97456,57.70887]},"properties":{"name":"Goteborg","tier":3,"start_year":1900,"end_year":1976,"fid":1021,"endonym":"Göteborg"}},{"type":"Feature","id":1022,"geometry":{"type":"Point","coordinates":[10.70193,50.94823]},"properties":{"name":"Gotha","tier":3,"start_year":1900,"end_year":1901,"fid":1022}},{"type":"Feature","id":1023,"geometry":{"type":"Point","coordinates":[9.93406,51.53933]},"properties":{"name":"Gottingen","tier":3,"start_year":1900,"end_year":1901,"fid":1023,"endonym":"Göttingen"}},{"type":"Feature","id":1024,"geometry":{"type":"Point","coordinates":[-3.598558,37.177336]},"properties":{"name":"Granada","tier":3,"start_year":1000,"end_year":1009,"fid":1024,"endonym":"غرناطة"}},{"type":"Feature","id":1025,"geometry":{"type":"Point","coordinates":[-3.598558,37.177336]},"properties":{"name":"Granada","tier":2,"start_year":1009,"end_year":1300,"fid":1025,"endonym":"غرناطة"}},{"type":"Feature","id":1026,"geometry":{"type":"Point","coordinates":[-3.598558,37.177336]},"properties":{"name":"Granada","tier":1,"start_year":1300,"end_year":1302,"fid":1026,"endonym":"غرناطة"}},{"type":"Feature","id":1027,"geometry":{"type":"Point","coordinates":[-3.598558,37.177336]},"properties":{"name":"Granada","tier":2,"start_year":1302,"end_year":1395,"fid":1027,"endonym":"غرناطة"}},{"type":"Feature","id":1028,"geometry":{"type":"Point","coordinates":[-3.598558,37.177336]},"properties":{"name":"Granada","tier":1,"start_year":1395,"end_year":1494,"fid":1028,"endonym":"غرناطة"}},{"type":"Feature","id":1029,"geometry":{"type":"Point","coordinates":[-3.598558,37.177336]},"properties":{"name":"Granada","tier":2,"start_year":1494,"end_year":1619,"fid":1029,"endonym":"غرناطة"}},{"type":"Feature","id":1030,"geometry":{"type":"Point","coordinates":[-3.598558,37.177336]},"properties":{"name":"Granada","tier":3,"start_year":1619,"end_year":1901,"fid":1030,"endonym":"غرناطة"}},{"type":"Feature","id":1031,"geometry":{"type":"Point","coordinates":[-85.66809,42.96336]},"properties":{"name":"Grand Rapids","tier":3,"start_year":1900,"end_year":1951,"fid":1031}},{"type":"Feature","id":1032,"geometry":{"type":"Point","coordinates":[15.45,47.06667]},"properties":{"name":"Graz","tier":3,"start_year":1598,"end_year":1951,"fid":1032}},{"type":"Feature","id":1033,"geometry":{"type":"Point","coordinates":[1.73052,52.60831]},"properties":{"name":"Great Yarmouth","tier":3,"start_year":1900,"end_year":1901,"fid":1033}},{"type":"Feature","id":1034,"geometry":{"type":"Point","coordinates":[-4.76121,55.94838]},"properties":{"name":"Greenock","tier":3,"start_year":1900,"end_year":1901,"fid":1034}},{"type":"Feature","id":1035,"geometry":{"type":"Point","coordinates":[5.71667,45.16667]},"properties":{"name":"Grenoble","tier":3,"start_year":1475,"end_year":1901,"fid":1035}},{"type":"Feature","id":1036,"geometry":{"type":"Point","coordinates":[112.65611,-7.15389]},"properties":{"name":"Gresik","tier":3,"start_year":1400,"end_year":1813,"fid":1036}},{"type":"Feature","id":1037,"geometry":{"type":"Point","coordinates":[-0.07553,53.56539]},"properties":{"name":"Grimsby","tier":3,"start_year":1900,"end_year":1901,"fid":1037}},{"type":"Feature","id":1038,"geometry":{"type":"Point","coordinates":[23.833333,53.666667]},"properties":{"name":"Grodno","tier":3,"start_year":1900,"end_year":1901,"fid":1038,"endonym":"Гродно"}},{"type":"Feature","id":1039,"geometry":{"type":"Point","coordinates":[6.56667,53.21917]},"properties":{"name":"Groningen","tier":3,"start_year":1796,"end_year":1901,"fid":1039}},{"type":"Feature","id":1040,"geometry":{"type":"Point","coordinates":[45.67228,43.30191]},"properties":{"name":"Groznyj","tier":3,"start_year":1950,"end_year":1951,"fid":1040,"endonym":"Грозный"}},{"type":"Feature","id":1041,"geometry":{"type":"Point","coordinates":[18.753565,53.483749]},"properties":{"name":"Grudziadz","tier":3,"start_year":1900,"end_year":1901,"fid":1041,"endonym":"Graudenz"}},{"type":"Feature","id":1042,"geometry":{"type":"Point","coordinates":[-103.343489,20.673819]},"properties":{"name":"Guadalajara","tier":3,"start_year":1700,"end_year":1976,"fid":1042}},{"type":"Feature","id":1043,"geometry":{"type":"Point","coordinates":[-101.2591,21.01858]},"properties":{"name":"Guanajuato","tier":3,"start_year":1554,"end_year":1901,"fid":1043}},{"type":"Feature","id":1044,"geometry":{"type":"Point","coordinates":[113.25,23.11667]},"properties":{"name":"Guangzhou","tier":1,"start_year":700,"end_year":944,"fid":1044,"endonym":"廣州"}},{"type":"Feature","id":1045,"geometry":{"type":"Point","coordinates":[113.25,23.11667]},"properties":{"name":"Guangzhou","tier":2,"start_year":944,"end_year":1160,"fid":1045,"endonym":"廣州"}},{"type":"Feature","id":1046,"geometry":{"type":"Point","coordinates":[113.25,23.11667]},"properties":{"name":"Guangzhou","tier":1,"start_year":1160,"end_year":1663,"fid":1046,"endonym":"廣州"}},{"type":"Feature","id":1047,"geometry":{"type":"Point","coordinates":[113.25,23.11667]},"properties":{"name":"Guangzhou","tier":2,"start_year":1663,"end_year":1671,"fid":1047,"endonym":"廣州"}},{"type":"Feature","id":1048,"geometry":{"type":"Point","coordinates":[113.25,23.11667]},"properties":{"name":"Guangzhou","tier":1,"start_year":1671,"end_year":1895,"fid":1048,"endonym":"廣州"}},{"type":"Feature","id":1049,"geometry":{"type":"Point","coordinates":[113.25,23.11667]},"properties":{"name":"Guangzhou","tier":2,"start_year":1895,"end_year":2025,"fid":1049,"endonym":"廣州"}},{"type":"Feature","id":1050,"geometry":{"type":"Point","coordinates":[-90.51327,14.64072]},"properties":{"name":"Guatemala City","tier":3,"start_year":1500,"end_year":2025,"fid":1050,"endonym":"Ciudad de Guatemala"}},{"type":"Feature","id":1051,"geometry":{"type":"Point","coordinates":[-79.89167,-2.18194]},"properties":{"name":"Guayaquil","tier":3,"start_year":1734,"end_year":2000,"fid":1051}},{"type":"Feature","id":1052,"geometry":{"type":"Point","coordinates":[-79.89167,-2.18194]},"properties":{"name":"Guayaquil","tier":2,"start_year":2000,"end_year":2025,"fid":1052}},{"type":"Feature","id":1053,"geometry":{"type":"Point","coordinates":[14.71447,51.94987]},"properties":{"name":"Guben","tier":3,"start_year":1900,"end_year":1901,"fid":1053}},{"type":"Feature","id":1054,"geometry":{"type":"Point","coordinates":[110.290195,25.273566]},"properties":{"name":"Guilin","tier":3,"start_year":1800,"end_year":1937,"fid":1054,"endonym":"桂林"}},{"type":"Feature","id":1055,"geometry":{"type":"Point","coordinates":[106.630154,26.647661]},"properties":{"name":"Guiyang","tier":3,"start_year":1400,"end_year":1792,"fid":1055,"endonym":"貴陽"}},{"type":"Feature","id":1056,"geometry":{"type":"Point","coordinates":[106.630154,26.647661]},"properties":{"name":"Guiyang","tier":2,"start_year":1792,"end_year":1835,"fid":1056,"endonym":"貴陽"}},{"type":"Feature","id":1057,"geometry":{"type":"Point","coordinates":[106.630154,26.647661]},"properties":{"name":"Guiyang","tier":3,"start_year":1835,"end_year":1837,"fid":1057,"endonym":"貴陽"}},{"type":"Feature","id":1058,"geometry":{"type":"Point","coordinates":[106.630154,26.647661]},"properties":{"name":"Guiyang","tier":2,"start_year":1837,"end_year":1839,"fid":1058,"endonym":"貴陽"}},{"type":"Feature","id":1059,"geometry":{"type":"Point","coordinates":[106.630154,26.647661]},"properties":{"name":"Guiyang","tier":3,"start_year":1839,"end_year":2000,"fid":1059,"endonym":"貴陽"}},{"type":"Feature","id":1060,"geometry":{"type":"Point","coordinates":[106.630154,26.647661]},"properties":{"name":"Guiyang","tier":2,"start_year":2000,"end_year":2025,"fid":1060,"endonym":"貴陽"}},{"type":"Feature","id":1061,"geometry":{"type":"Point","coordinates":[106.70741,26.598194]},"properties":{"name":"Guizhou","tier":3,"start_year":1900,"end_year":1901,"fid":1061,"endonym":"貴州"}},{"type":"Feature","id":1062,"geometry":{"type":"Point","coordinates":[76.83787,17.33764]},"properties":{"name":"Gulbarga","tier":2,"start_year":1350,"end_year":1363,"fid":1062,"endonym":"گلبرگہ"}},{"type":"Feature","id":1063,"geometry":{"type":"Point","coordinates":[76.83787,17.33764]},"properties":{"name":"Gulbarga","tier":1,"start_year":1363,"end_year":1450,"fid":1063,"endonym":"گلبرگہ"}},{"type":"Feature","id":1064,"geometry":{"type":"Point","coordinates":[76.83787,17.33764]},"properties":{"name":"Gulbarga","tier":2,"start_year":1450,"end_year":1667,"fid":1064,"endonym":"گلبرگہ"}},{"type":"Feature","id":1065,"geometry":{"type":"Point","coordinates":[76.83787,17.33764]},"properties":{"name":"Gulbarga","tier":3,"start_year":1667,"end_year":1882,"fid":1065,"endonym":"گلبرگہ"}},{"type":"Feature","id":1066,"geometry":{"type":"Point","coordinates":[-91.2667,14.7667]},"properties":{"name":"Gumarcaj","tier":3,"start_year":1400,"end_year":1525,"fid":1066,"endonym":"Q'umarkaj"}},{"type":"Feature","id":1067,"geometry":{"type":"Point","coordinates":[80.45729,16.29974]},"properties":{"name":"Guntur","tier":3,"start_year":1900,"end_year":1901,"fid":1067,"endonym":"Guṇṭūru"}},{"type":"Feature","id":1068,"geometry":{"type":"Point","coordinates":[77.026638,28.459497]},"properties":{"name":"Gurgaon","tier":3,"start_year":1600,"end_year":1658,"fid":1068,"endonym":"Guṛgāṃv"}},{"type":"Feature","id":1069,"geometry":{"type":"Point","coordinates":[77.026638,28.459497]},"properties":{"name":"Gurgaon","tier":2,"start_year":1658,"end_year":1663,"fid":1069,"endonym":"Guṛgāṃv"}},{"type":"Feature","id":1070,"geometry":{"type":"Point","coordinates":[78.17337,26.22982]},"properties":{"name":"Gwalior","tier":2,"start_year":1550,"end_year":1698,"fid":1070,"endonym":"Gvāliyar"}},{"type":"Feature","id":1071,"geometry":{"type":"Point","coordinates":[78.17337,26.22982]},"properties":{"name":"Gwalior","tier":3,"start_year":1698,"end_year":1951,"fid":1071,"endonym":"Gvāliyar"}},{"type":"Feature","id":1072,"geometry":{"type":"Point","coordinates":[126.916667,35.166667]},"properties":{"name":"Gwangju","tier":3,"start_year":1975,"end_year":2025,"fid":1072}},{"type":"Feature","id":1073,"geometry":{"type":"Point","coordinates":[129.224747,35.856172]},"properties":{"name":"Gyeongju","tier":3,"start_year":1430,"end_year":1431,"fid":1073}},{"type":"Feature","id":1074,"geometry":{"type":"Point","coordinates":[4.63683,52.38084]},"properties":{"name":"Haarlem","tier":3,"start_year":1427,"end_year":1951,"fid":1074}},{"type":"Feature","id":1075,"geometry":{"type":"Point","coordinates":[110.354149,20.003143]},"properties":{"name":"Haikou","tier":3,"start_year":1900,"end_year":1901,"fid":1075,"endonym":"海口"}},{"type":"Feature","id":1076,"geometry":{"type":"Point","coordinates":[120.683333,30.533333]},"properties":{"name":"Haining","tier":3,"start_year":1124,"end_year":1141,"fid":1076,"endonym":"海寧"}},{"type":"Feature","id":1077,"geometry":{"type":"Point","coordinates":[120.683333,30.533333]},"properties":{"name":"Haining","tier":2,"start_year":1141,"end_year":1201,"fid":1077,"endonym":"海寧"}},{"type":"Feature","id":1078,"geometry":{"type":"Point","coordinates":[106.68222,20.85611]},"properties":{"name":"Haiphong","tier":3,"start_year":1975,"end_year":1976,"fid":1078,"endonym":"Hải Phòng"}},{"type":"Feature","id":1079,"geometry":{"type":"Point","coordinates":[130.414722,33.591389]},"properties":{"name":"Fukuoka","tier":3,"start_year":1151,"end_year":1397,"fid":1079,"endonym":"福岡"}},{"type":"Feature","id":1080,"geometry":{"type":"Point","coordinates":[130.414722,33.591389]},"properties":{"name":"Fukuoka","tier":2,"start_year":1397,"end_year":1483,"fid":1080,"endonym":"福岡"}},{"type":"Feature","id":1081,"geometry":{"type":"Point","coordinates":[130.414722,33.591389]},"properties":{"name":"Fukuoka","tier":3,"start_year":1483,"end_year":1594,"fid":1081,"endonym":"福岡"}},{"type":"Feature","id":1082,"geometry":{"type":"Point","coordinates":[130.414722,33.591389]},"properties":{"name":"Fukuoka","tier":2,"start_year":1594,"end_year":1601,"fid":1082,"endonym":"福岡"}},{"type":"Feature","id":1083,"geometry":{"type":"Point","coordinates":[130.414722,33.591389]},"properties":{"name":"Fukuoka","tier":3,"start_year":1601,"end_year":2025,"fid":1083,"endonym":"福岡"}},{"type":"Feature","id":1084,"geometry":{"type":"Point","coordinates":[140.73667,41.77583]},"properties":{"name":"Hakodate","tier":3,"start_year":1900,"end_year":1951,"fid":1084,"endonym":"函館"}},{"type":"Feature","id":1085,"geometry":{"type":"Point","coordinates":[11.05622,51.89562]},"properties":{"name":"Halberstadt","tier":3,"start_year":1900,"end_year":1901,"fid":1085}},{"type":"Feature","id":1086,"geometry":{"type":"Point","coordinates":[76.640549,12.2591]},"properties":{"name":"Halebidu","tier":3,"start_year":1300,"end_year":1301,"fid":1086,"endonym":"Haḷēbīḍu"}},{"type":"Feature","id":1087,"geometry":{"type":"Point","coordinates":[-63.57239,44.64533]},"properties":{"name":"Halifax","tier":3,"start_year":1900,"end_year":1901,"fid":1087}},{"type":"Feature","id":1088,"geometry":{"type":"Point","coordinates":[-1.857539,53.727019]},"properties":{"name":"Halifax","tier":3,"start_year":1900,"end_year":1901,"fid":1088}},{"type":"Feature","id":1089,"geometry":{"type":"Point","coordinates":[11.9667,51.4833]},"properties":{"name":"Halle","tier":3,"start_year":1900,"end_year":1951,"fid":1089,"endonym":"Halle (Saale)"}},{"type":"Feature","id":1090,"geometry":{"type":"Point","coordinates":[36.75,35.133333]},"properties":{"name":"Hama","tier":2,"start_year":1150,"end_year":1175,"fid":1090,"endonym":"حماة"}},{"type":"Feature","id":1091,"geometry":{"type":"Point","coordinates":[36.75,35.133333]},"properties":{"name":"Hama","tier":3,"start_year":1175,"end_year":1180,"fid":1091,"endonym":"حماة"}},{"type":"Feature","id":1092,"geometry":{"type":"Point","coordinates":[36.75,35.133333]},"properties":{"name":"Hama","tier":2,"start_year":1180,"end_year":1189,"fid":1092,"endonym":"حماة"}},{"type":"Feature","id":1093,"geometry":{"type":"Point","coordinates":[36.75,35.133333]},"properties":{"name":"Hama","tier":3,"start_year":1189,"end_year":1192,"fid":1093,"endonym":"حماة"}},{"type":"Feature","id":1094,"geometry":{"type":"Point","coordinates":[36.75,35.133333]},"properties":{"name":"Hama","tier":2,"start_year":1192,"end_year":1200,"fid":1094,"endonym":"حماة"}},{"type":"Feature","id":1095,"geometry":{"type":"Point","coordinates":[36.75,35.133333]},"properties":{"name":"Hama","tier":3,"start_year":1200,"end_year":1201,"fid":1095,"endonym":"حماة"}},{"type":"Feature","id":1096,"geometry":{"type":"Point","coordinates":[36.75,35.133333]},"properties":{"name":"Hama","tier":2,"start_year":1201,"end_year":1215,"fid":1096,"endonym":"حماة"}},{"type":"Feature","id":1097,"geometry":{"type":"Point","coordinates":[36.75,35.133333]},"properties":{"name":"Hama","tier":3,"start_year":1215,"end_year":1232,"fid":1097,"endonym":"حماة"}},{"type":"Feature","id":1098,"geometry":{"type":"Point","coordinates":[36.75,35.133333]},"properties":{"name":"Hama","tier":2,"start_year":1232,"end_year":1237,"fid":1098,"endonym":"حماة"}},{"type":"Feature","id":1099,"geometry":{"type":"Point","coordinates":[36.75,35.133333]},"properties":{"name":"Hama","tier":3,"start_year":1237,"end_year":1851,"fid":1099,"endonym":"حماة"}},{"type":"Feature","id":1100,"geometry":{"type":"Point","coordinates":[48.51456,34.79922]},"properties":{"name":"Hamadan","tier":3,"start_year":1320,"end_year":1901,"fid":1100,"endonym":"همدان"}},{"type":"Feature","id":1101,"geometry":{"type":"Point","coordinates":[10.01534,53.57532]},"properties":{"name":"Hamburg","tier":3,"start_year":1311,"end_year":1676,"fid":1101}},{"type":"Feature","id":1102,"geometry":{"type":"Point","coordinates":[10.01534,53.57532]},"properties":{"name":"Hamburg","tier":2,"start_year":1676,"end_year":1871,"fid":1102}},{"type":"Feature","id":1103,"geometry":{"type":"Point","coordinates":[10.01534,53.57532]},"properties":{"name":"Hamburg","tier":1,"start_year":1871,"end_year":1873,"fid":1103}},{"type":"Feature","id":1104,"geometry":{"type":"Point","coordinates":[10.01534,53.57532]},"properties":{"name":"Hamburg","tier":2,"start_year":1873,"end_year":1876,"fid":1104}},{"type":"Feature","id":1105,"geometry":{"type":"Point","coordinates":[10.01534,53.57532]},"properties":{"name":"Hamburg","tier":1,"start_year":1876,"end_year":1947,"fid":1105}},{"type":"Feature","id":1106,"geometry":{"type":"Point","coordinates":[10.01534,53.57532]},"properties":{"name":"Hamburg","tier":2,"start_year":1947,"end_year":2025,"fid":1106}},{"type":"Feature","id":1107,"geometry":{"type":"Point","coordinates":[79.866092,43.250022]},"properties":{"name":"Hamilton","tier":3,"start_year":1975,"end_year":1976,"fid":1107}},{"type":"Feature","id":1108,"geometry":{"type":"Point","coordinates":[7.82089,51.68033]},"properties":{"name":"Hamm","tier":3,"start_year":1900,"end_year":1901,"fid":1108}},{"type":"Feature","id":1109,"geometry":{"type":"Point","coordinates":[114.483333,36.6]},"properties":{"name":"Handan","tier":1,"start_year":-500,"end_year":1900,"fid":1109,"endonym":"邯鄲"}},{"type":"Feature","id":1110,"geometry":{"type":"Point","coordinates":[114.483333,36.6]},"properties":{"name":"Handan","tier":2,"start_year":1900,"end_year":1944,"fid":1110,"endonym":"邯鄲"}},{"type":"Feature","id":1111,"geometry":{"type":"Point","coordinates":[114.483333,36.6]},"properties":{"name":"Handan","tier":3,"start_year":1944,"end_year":2025,"fid":1111,"endonym":"邯鄲"}},{"type":"Feature","id":1112,"geometry":{"type":"Point","coordinates":[120.166667,30.25]},"properties":{"name":"Hangzhou","tier":2,"start_year":591,"end_year":1069,"fid":1112,"endonym":"杭州"}},{"type":"Feature","id":1113,"geometry":{"type":"Point","coordinates":[120.166667,30.25]},"properties":{"name":"Hangzhou","tier":1,"start_year":1069,"end_year":1865,"fid":1113,"endonym":"杭州"}},{"type":"Feature","id":1114,"geometry":{"type":"Point","coordinates":[120.166667,30.25]},"properties":{"name":"Hangzhou","tier":2,"start_year":1865,"end_year":1925,"fid":1114,"endonym":"杭州"}},{"type":"Feature","id":1115,"geometry":{"type":"Point","coordinates":[120.166667,30.25]},"properties":{"name":"Hangzhou","tier":3,"start_year":1925,"end_year":2025,"fid":1115,"endonym":"杭州"}},{"type":"Feature","id":1116,"geometry":{"type":"Point","coordinates":[9.73322,52.37052]},"properties":{"name":"Hannover","tier":3,"start_year":1499,"end_year":1868,"fid":1116}},{"type":"Feature","id":1117,"geometry":{"type":"Point","coordinates":[9.73322,52.37052]},"properties":{"name":"Hannover","tier":2,"start_year":1868,"end_year":1928,"fid":1117}},{"type":"Feature","id":1118,"geometry":{"type":"Point","coordinates":[9.73322,52.37052]},"properties":{"name":"Hannover","tier":3,"start_year":1928,"end_year":1976,"fid":1118}},{"type":"Feature","id":1119,"geometry":{"type":"Point","coordinates":[105.85,21.033333]},"properties":{"name":"Hanoi","tier":2,"start_year":1350,"end_year":1505,"fid":1119,"endonym":"Hà Nội"}},{"type":"Feature","id":1120,"geometry":{"type":"Point","coordinates":[105.85,21.033333]},"properties":{"name":"Hanoi","tier":3,"start_year":1505,"end_year":2025,"fid":1120,"endonym":"Hà Nội"}},{"type":"Feature","id":1121,"geometry":{"type":"Point","coordinates":[107.016667,33.066667]},"properties":{"name":"Hanzhong","tier":3,"start_year":1800,"end_year":1901,"fid":1121,"endonym":"漢中"}},{"type":"Feature","id":1122,"geometry":{"type":"Point","coordinates":[42.132642,9.304648]},"properties":{"name":"Harar","tier":3,"start_year":1900,"end_year":1901,"fid":1122}},{"type":"Feature","id":1123,"geometry":{"type":"Point","coordinates":[31.029722,-17.863889]},"properties":{"name":"Harare","tier":3,"start_year":1975,"end_year":2025,"fid":1123}},{"type":"Feature","id":1124,"geometry":{"type":"Point","coordinates":[126.65,45.75]},"properties":{"name":"Harbin","tier":3,"start_year":1925,"end_year":1930,"fid":1124,"endonym":"哈爾濱"}},{"type":"Feature","id":1125,"geometry":{"type":"Point","coordinates":[126.65,45.75]},"properties":{"name":"Harbin","tier":2,"start_year":1930,"end_year":2025,"fid":1125,"endonym":"哈爾濱"}},{"type":"Feature","id":1126,"geometry":{"type":"Point","coordinates":[-76.884418,40.2737]},"properties":{"name":"Harrisburg","tier":3,"start_year":1900,"end_year":1901,"fid":1126}},{"type":"Feature","id":1127,"geometry":{"type":"Point","coordinates":[-72.6743,41.7627]},"properties":{"name":"Hartford","tier":3,"start_year":1900,"end_year":1976,"fid":1127}},{"type":"Feature","id":1128,"geometry":{"type":"Point","coordinates":[-1.2125,54.68611]},"properties":{"name":"Hartlepool","tier":3,"start_year":1900,"end_year":1901,"fid":1128}},{"type":"Feature","id":1129,"geometry":{"type":"Point","coordinates":[0.5729,50.8563]},"properties":{"name":"Hastings","tier":3,"start_year":1900,"end_year":1901,"fid":1129}},{"type":"Feature","id":1130,"geometry":{"type":"Point","coordinates":[78.05237,27.59621]},"properties":{"name":"Hathras","tier":3,"start_year":1900,"end_year":1901,"fid":1130,"endonym":"Hāthras"}},{"type":"Feature","id":1131,"geometry":{"type":"Point","coordinates":[34.609722,40.021111]},"properties":{"name":"Hattusa","tier":1,"start_year":-1600,"end_year":-1199,"fid":1131,"endonym":"Ḫattuša"}},{"type":"Feature","id":1132,"geometry":{"type":"Point","coordinates":[-82.38304,23.13302]},"properties":{"name":"Havana","tier":3,"start_year":1600,"end_year":1802,"fid":1132,"endonym":"La Habana"}},{"type":"Feature","id":1133,"geometry":{"type":"Point","coordinates":[-82.38304,23.13302]},"properties":{"name":"Havana","tier":2,"start_year":1802,"end_year":2025,"fid":1133,"endonym":"La Habana"}},{"type":"Feature","id":1134,"geometry":{"type":"Point","coordinates":[0.43891,52.08226]},"properties":{"name":"Haverhill","tier":3,"start_year":1900,"end_year":1901,"fid":1134}},{"type":"Feature","id":1135,"geometry":{"type":"Point","coordinates":[35.5685014,33.01745538]},"properties":{"name":"Hazor","tier":1,"start_year":-1800,"end_year":-1359,"fid":1135,"endonym":"Ḥāṣōr"}},{"type":"Feature","id":1136,"geometry":{"type":"Point","coordinates":[117.283333,31.866667]},"properties":{"name":"Hefei","tier":3,"start_year":1900,"end_year":2025,"fid":1136,"endonym":"合肥"}},{"type":"Feature","id":1137,"geometry":{"type":"Point","coordinates":[8.69079,49.40768]},"properties":{"name":"Heidelberg","tier":3,"start_year":1900,"end_year":1901,"fid":1137}},{"type":"Feature","id":1138,"geometry":{"type":"Point","coordinates":[9.22054,49.13995]},"properties":{"name":"Heilbronn","tier":3,"start_year":1900,"end_year":1901,"fid":1138}},{"type":"Feature","id":1139,"geometry":{"type":"Point","coordinates":[31.288889,30.129528]},"properties":{"name":"Heliopolis","tier":1,"start_year":-2400,"end_year":-999,"fid":1139,"endonym":"Iunu"}},{"type":"Feature","id":1140,"geometry":{"type":"Point","coordinates":[24.941025,60.173324]},"properties":{"name":"Helsinki","tier":3,"start_year":1900,"end_year":1976,"fid":1140}},{"type":"Feature","id":1141,"geometry":{"type":"Point","coordinates":[62.19967,34.34817]},"properties":{"name":"Herat","tier":2,"start_year":900,"end_year":1499,"fid":1141,"endonym":"هرات"}},{"type":"Feature","id":1142,"geometry":{"type":"Point","coordinates":[62.19967,34.34817]},"properties":{"name":"Herat","tier":3,"start_year":1499,"end_year":1951,"fid":1142,"endonym":"هرات"}},{"type":"Feature","id":1143,"geometry":{"type":"Point","coordinates":[9.95112,52.15077]},"properties":{"name":"Hildesheim","tier":3,"start_year":1900,"end_year":1901,"fid":1143}},{"type":"Feature","id":1144,"geometry":{"type":"Point","coordinates":[134.7,34.81667]},"properties":{"name":"Himeji","tier":3,"start_year":1800,"end_year":1951,"fid":1144,"endonym":"姫路"}},{"type":"Feature","id":1145,"geometry":{"type":"Point","coordinates":[35.65948301,32.77907253]},"properties":{"name":"Hippos","tier":2,"start_year":361,"end_year":362,"fid":1145,"endonym":"Ἱππος"}},{"type":"Feature","id":1146,"geometry":{"type":"Point","coordinates":[141.113822,38.986661]},"properties":{"name":"Hiraizumi","tier":2,"start_year":1100,"end_year":1151,"fid":1146,"endonym":"平泉"}},{"type":"Feature","id":1147,"geometry":{"type":"Point","coordinates":[140.4725,40.59306]},"properties":{"name":"Hirosaki","tier":3,"start_year":1900,"end_year":1901,"fid":1147,"endonym":"弘前"}},{"type":"Feature","id":1148,"geometry":{"type":"Point","coordinates":[132.460017,34.396775]},"properties":{"name":"Hiroshima","tier":3,"start_year":1619,"end_year":1630,"fid":1148,"endonym":"広島"}},{"type":"Feature","id":1149,"geometry":{"type":"Point","coordinates":[132.460017,34.396775]},"properties":{"name":"Hiroshima","tier":2,"start_year":1630,"end_year":1661,"fid":1149,"endonym":"広島"}},{"type":"Feature","id":1150,"geometry":{"type":"Point","coordinates":[132.460017,34.396775]},"properties":{"name":"Hiroshima","tier":3,"start_year":1661,"end_year":1684,"fid":1150,"endonym":"広島"}},{"type":"Feature","id":1151,"geometry":{"type":"Point","coordinates":[132.460017,34.396775]},"properties":{"name":"Hiroshima","tier":2,"start_year":1684,"end_year":1749,"fid":1151,"endonym":"広島"}},{"type":"Feature","id":1152,"geometry":{"type":"Point","coordinates":[132.460017,34.396775]},"properties":{"name":"Hiroshima","tier":3,"start_year":1749,"end_year":2025,"fid":1152,"endonym":"広島"}},{"type":"Feature","id":1153,"geometry":{"type":"Point","coordinates":[106.628767,10.823099]},"properties":{"name":"Ho Chi Minh","tier":3,"start_year":1850,"end_year":1928,"fid":1153,"endonym":"Sài Gòn"}},{"type":"Feature","id":1154,"geometry":{"type":"Point","coordinates":[106.628767,10.823099]},"properties":{"name":"Ho Chi Minh","tier":2,"start_year":1928,"end_year":1976,"fid":1154,"endonym":"Sài Gòn"}},{"type":"Feature","id":1155,"geometry":{"type":"Point","coordinates":[147.32941,-42.87936]},"properties":{"name":"Hobart","tier":3,"start_year":1900,"end_year":1901,"fid":1155}},{"type":"Feature","id":1156,"geometry":{"type":"Point","coordinates":[42.951111,14.802222]},"properties":{"name":"Hodeidah","tier":3,"start_year":1900,"end_year":1901,"fid":1156,"endonym":"الحديدة"}},{"type":"Feature","id":1157,"geometry":{"type":"Point","coordinates":[20.330032,46.418126]},"properties":{"name":"Hodmezovasarhely","tier":3,"start_year":1900,"end_year":1901,"fid":1157,"endonym":"Hódmezővásárhely"}},{"type":"Feature","id":1158,"geometry":{"type":"Point","coordinates":[11.912781,50.313539]},"properties":{"name":"Hof","tier":3,"start_year":1900,"end_year":1901,"fid":1158}},{"type":"Feature","id":1159,"geometry":{"type":"Point","coordinates":[49.583333,25.383333]},"properties":{"name":"Hofuf","tier":3,"start_year":1840,"end_year":1841,"fid":1159,"endonym":"الهُفُوف"}},{"type":"Feature","id":1160,"geometry":{"type":"Point","coordinates":[111.65222,40.81056]},"properties":{"name":"Hohhot","tier":3,"start_year":1975,"end_year":1976,"fid":1160,"endonym":"呼和浩特"}},{"type":"Feature","id":1161,"geometry":{"type":"Point","coordinates":[-72.6162,42.20426]},"properties":{"name":"Holyoke","tier":3,"start_year":1900,"end_year":1901,"fid":1161}},{"type":"Feature","id":1162,"geometry":{"type":"Point","coordinates":[36.72339,34.72682]},"properties":{"name":"Homs","tier":3,"start_year":1800,"end_year":1951,"fid":1162,"endonym":"حمص"}},{"type":"Feature","id":1163,"geometry":{"type":"Point","coordinates":[114.15769,22.28552]},"properties":{"name":"Hong Kong","tier":3,"start_year":1900,"end_year":1905,"fid":1163,"endonym":"香港"}},{"type":"Feature","id":1164,"geometry":{"type":"Point","coordinates":[114.15769,22.28552]},"properties":{"name":"Hong Kong","tier":2,"start_year":1905,"end_year":1938,"fid":1164,"endonym":"香港"}},{"type":"Feature","id":1165,"geometry":{"type":"Point","coordinates":[114.15769,22.28552]},"properties":{"name":"Hong Kong","tier":1,"start_year":1938,"end_year":1970,"fid":1165,"endonym":"香港"}},{"type":"Feature","id":1166,"geometry":{"type":"Point","coordinates":[114.15769,22.28552]},"properties":{"name":"Hong Kong","tier":2,"start_year":1970,"end_year":2000,"fid":1166,"endonym":"香港"}},{"type":"Feature","id":1167,"geometry":{"type":"Point","coordinates":[114.15769,22.28552]},"properties":{"name":"Hong Kong","tier":1,"start_year":2000,"end_year":2025,"fid":1167,"endonym":"香港"}},{"type":"Feature","id":1168,"geometry":{"type":"Point","coordinates":[-157.85833,21.30694]},"properties":{"name":"Honolulu","tier":3,"start_year":1900,"end_year":1976,"fid":1168}},{"type":"Feature","id":1169,"geometry":{"type":"Point","coordinates":[38.029633,48.3071]},"properties":{"name":"Horlivka","tier":3,"start_year":1950,"end_year":1951,"fid":1169,"endonym":"Горлівка"}},{"type":"Feature","id":1170,"geometry":{"type":"Point","coordinates":[56.45,27.1]},"properties":{"name":"Hormuz","tier":3,"start_year":1150,"end_year":1184,"fid":1170,"endonym":"هرمز"}},{"type":"Feature","id":1171,"geometry":{"type":"Point","coordinates":[56.45,27.1]},"properties":{"name":"Hormuz","tier":2,"start_year":1184,"end_year":1265,"fid":1171,"endonym":"هرمز"}},{"type":"Feature","id":1172,"geometry":{"type":"Point","coordinates":[56.45,27.1]},"properties":{"name":"Hormuz","tier":3,"start_year":1265,"end_year":1273,"fid":1172,"endonym":"هرمز"}},{"type":"Feature","id":1173,"geometry":{"type":"Point","coordinates":[56.45,27.1]},"properties":{"name":"Hormuz","tier":2,"start_year":1273,"end_year":1501,"fid":1173,"endonym":"هرمز"}},{"type":"Feature","id":1174,"geometry":{"type":"Point","coordinates":[-95.36939,29.760193]},"properties":{"name":"Houston","tier":3,"start_year":1900,"end_year":1936,"fid":1174}},{"type":"Feature","id":1175,"geometry":{"type":"Point","coordinates":[-95.36939,29.760193]},"properties":{"name":"Houston","tier":2,"start_year":1936,"end_year":2025,"fid":1175}},{"type":"Feature","id":1176,"geometry":{"type":"Point","coordinates":[113.034187,22.4583]},"properties":{"name":"Hsinhui","tier":3,"start_year":1900,"end_year":1901,"fid":1176,"endonym":"新會"}},{"type":"Feature","id":1177,"geometry":{"type":"Point","coordinates":[119.133333,33.5]},"properties":{"name":"Huai'an","tier":3,"start_year":1688,"end_year":1949,"fid":1177,"endonym":"淮安"}},{"type":"Feature","id":1178,"geometry":{"type":"Point","coordinates":[116.99694,32.62639]},"properties":{"name":"Huainan","tier":3,"start_year":1975,"end_year":2025,"fid":1178,"endonym":"淮南"}},{"type":"Feature","id":1179,"geometry":{"type":"Point","coordinates":[-74.97501,-12.78542]},"properties":{"name":"Huancavelica","tier":3,"start_year":1592,"end_year":1853,"fid":1179}},{"type":"Feature","id":1180,"geometry":{"type":"Point","coordinates":[75.13378,15.34776]},"properties":{"name":"Hubli","tier":3,"start_year":1900,"end_year":1901,"fid":1180,"endonym":"Hubballi"}},{"type":"Feature","id":1181,"geometry":{"type":"Point","coordinates":[-1.78416,53.64904]},"properties":{"name":"Huddersfield","tier":3,"start_year":1900,"end_year":1901,"fid":1181}},{"type":"Feature","id":1182,"geometry":{"type":"Point","coordinates":[107.6,16.46667]},"properties":{"name":"Hue","tier":2,"start_year":1600,"end_year":1604,"fid":1182,"endonym":"富春"}},{"type":"Feature","id":1183,"geometry":{"type":"Point","coordinates":[107.6,16.46667]},"properties":{"name":"Hue","tier":3,"start_year":1604,"end_year":1606,"fid":1183,"endonym":"富春"}},{"type":"Feature","id":1184,"geometry":{"type":"Point","coordinates":[107.6,16.46667]},"properties":{"name":"Hue","tier":2,"start_year":1606,"end_year":1641,"fid":1184,"endonym":"富春"}},{"type":"Feature","id":1185,"geometry":{"type":"Point","coordinates":[107.6,16.46667]},"properties":{"name":"Hue","tier":3,"start_year":1641,"end_year":1646,"fid":1185,"endonym":"富春"}},{"type":"Feature","id":1186,"geometry":{"type":"Point","coordinates":[107.6,16.46667]},"properties":{"name":"Hue","tier":2,"start_year":1646,"end_year":1647,"fid":1186,"endonym":"富春"}},{"type":"Feature","id":1187,"geometry":{"type":"Point","coordinates":[107.6,16.46667]},"properties":{"name":"Hue","tier":3,"start_year":1647,"end_year":1650,"fid":1187,"endonym":"富春"}},{"type":"Feature","id":1188,"geometry":{"type":"Point","coordinates":[107.6,16.46667]},"properties":{"name":"Hue","tier":2,"start_year":1650,"end_year":1652,"fid":1188,"endonym":"富春"}},{"type":"Feature","id":1189,"geometry":{"type":"Point","coordinates":[107.6,16.46667]},"properties":{"name":"Hue","tier":3,"start_year":1652,"end_year":1653,"fid":1189,"endonym":"富春"}},{"type":"Feature","id":1190,"geometry":{"type":"Point","coordinates":[107.6,16.46667]},"properties":{"name":"Hue","tier":2,"start_year":1653,"end_year":1786,"fid":1190,"endonym":"富春"}},{"type":"Feature","id":1191,"geometry":{"type":"Point","coordinates":[107.6,16.46667]},"properties":{"name":"Hue","tier":3,"start_year":1786,"end_year":1901,"fid":1191,"endonym":"富春"}},{"type":"Feature","id":1192,"geometry":{"type":"Point","coordinates":[88.39,22.9]},"properties":{"name":"Hugli-Chuchura","tier":2,"start_year":1600,"end_year":1673,"fid":1192,"endonym":"Hugli-Cũcuṛā"}},{"type":"Feature","id":1193,"geometry":{"type":"Point","coordinates":[88.39,22.9]},"properties":{"name":"Hugli-Chuchura","tier":3,"start_year":1673,"end_year":1873,"fid":1193,"endonym":"Hugli-Cũcuṛā"}},{"type":"Feature","id":1194,"geometry":{"type":"Point","coordinates":[114.4,23.0667]},"properties":{"name":"Huizhou","tier":3,"start_year":1900,"end_year":1901,"fid":1194,"endonym":"惠州"}},{"type":"Feature","id":1195,"geometry":{"type":"Point","coordinates":[-0.33525,53.7446]},"properties":{"name":"Hull","tier":3,"start_year":1792,"end_year":1861,"fid":1195,"endonym":"Kingston upon Hull"}},{"type":"Feature","id":1196,"geometry":{"type":"Point","coordinates":[-0.33525,53.7446]},"properties":{"name":"Hull","tier":2,"start_year":1861,"end_year":1900,"fid":1196,"endonym":"Kingston upon Hull"}},{"type":"Feature","id":1197,"geometry":{"type":"Point","coordinates":[-0.33525,53.7446]},"properties":{"name":"Hull","tier":3,"start_year":1900,"end_year":1951,"fid":1197,"endonym":"Kingston upon Hull"}},{"type":"Feature","id":1198,"geometry":{"type":"Point","coordinates":[78.45636,17.38405]},"properties":{"name":"Hyderabad","tier":3,"start_year":1500,"end_year":1545,"fid":1198,"endonym":"حیدرآباد"}},{"type":"Feature","id":1199,"geometry":{"type":"Point","coordinates":[78.45636,17.38405]},"properties":{"name":"Hyderabad","tier":2,"start_year":1545,"end_year":1711,"fid":1199,"endonym":"حیدرآباد"}},{"type":"Feature","id":1200,"geometry":{"type":"Point","coordinates":[78.45636,17.38405]},"properties":{"name":"Hyderabad","tier":1,"start_year":1711,"end_year":1837,"fid":1200,"endonym":"حیدرآباد"}},{"type":"Feature","id":1201,"geometry":{"type":"Point","coordinates":[78.45636,17.38405]},"properties":{"name":"Hyderabad","tier":2,"start_year":1837,"end_year":1840,"fid":1201,"endonym":"حیدرآباد"}},{"type":"Feature","id":1202,"geometry":{"type":"Point","coordinates":[78.45636,17.38405]},"properties":{"name":"Hyderabad","tier":1,"start_year":1840,"end_year":1844,"fid":1202,"endonym":"حیدرآباد"}},{"type":"Feature","id":1203,"geometry":{"type":"Point","coordinates":[78.45636,17.38405]},"properties":{"name":"Hyderabad","tier":2,"start_year":1844,"end_year":1870,"fid":1203,"endonym":"حیدرآباد"}},{"type":"Feature","id":1204,"geometry":{"type":"Point","coordinates":[78.45636,17.38405]},"properties":{"name":"Hyderabad","tier":1,"start_year":1870,"end_year":1875,"fid":1204,"endonym":"حیدرآباد"}},{"type":"Feature","id":1205,"geometry":{"type":"Point","coordinates":[78.45636,17.38405]},"properties":{"name":"Hyderabad","tier":2,"start_year":1875,"end_year":2025,"fid":1205,"endonym":"حیدرآباد"}},{"type":"Feature","id":1206,"geometry":{"type":"Point","coordinates":[3.0247,36.7567]},"properties":{"name":"Hydra","tier":3,"start_year":1800,"end_year":1801,"fid":1206,"endonym":"Ύδρα"}},{"type":"Feature","id":1207,"geometry":{"type":"Point","coordinates":[27.6,47.16667]},"properties":{"name":"Iasi","tier":3,"start_year":1750,"end_year":1901,"fid":1207,"endonym":"Iași"}},{"type":"Feature","id":1208,"geometry":{"type":"Point","coordinates":[3.89639,7.38778]},"properties":{"name":"Ibadan","tier":3,"start_year":1850,"end_year":1976,"fid":1208,"endonym":"Ìbàdàn"}},{"type":"Feature","id":1209,"geometry":{"type":"Point","coordinates":[4.55665,7.470706]},"properties":{"name":"Ife","tier":2,"start_year":1820,"end_year":1821,"fid":1209,"endonym":"Ilé-Ifẹ̀"}},{"type":"Feature","id":1210,"geometry":{"type":"Point","coordinates":[3.288544,6.684967]},"properties":{"name":"Ijaye","tier":3,"start_year":1850,"end_year":1856,"fid":1210}},{"type":"Feature","id":1211,"geometry":{"type":"Point","coordinates":[75.0226,14.135]},"properties":{"name":"Ikkeri","tier":3,"start_year":1600,"end_year":1601,"fid":1211}},{"type":"Feature","id":1212,"geometry":{"type":"Point","coordinates":[3.383333,8.666667]},"properties":{"name":"Ikoso","tier":2,"start_year":1510,"end_year":1641,"fid":1212}},{"type":"Feature","id":1213,"geometry":{"type":"Point","coordinates":[3.383333,8.666667]},"properties":{"name":"Ikoso","tier":3,"start_year":1641,"end_year":1881,"fid":1213}},{"type":"Feature","id":1214,"geometry":{"type":"Point","coordinates":[3.5333,6.5667]},"properties":{"name":"Ilade","tier":3,"start_year":1850,"end_year":1851,"fid":1214}},{"type":"Feature","id":1215,"geometry":{"type":"Point","coordinates":[4.55,8.5]},"properties":{"name":"Ilorin","tier":3,"start_year":1850,"end_year":1857,"fid":1215}},{"type":"Feature","id":1216,"geometry":{"type":"Point","coordinates":[93.9442,24.80805]},"properties":{"name":"Imphal","tier":3,"start_year":1900,"end_year":1901,"fid":1216}},{"type":"Feature","id":1217,"geometry":{"type":"Point","coordinates":[126.705206,37.456256]},"properties":{"name":"Incheon","tier":3,"start_year":1950,"end_year":2000,"fid":1217}},{"type":"Feature","id":1218,"geometry":{"type":"Point","coordinates":[126.705206,37.456256]},"properties":{"name":"Incheon","tier":2,"start_year":2000,"end_year":2025,"fid":1218}},{"type":"Feature","id":1219,"geometry":{"type":"Point","coordinates":[-86.15804,39.76838]},"properties":{"name":"Indianapolis","tier":3,"start_year":1900,"end_year":1976,"fid":1219}},{"type":"Feature","id":1220,"geometry":{"type":"Point","coordinates":[75.8333,22.71792]},"properties":{"name":"Indore","tier":3,"start_year":1800,"end_year":2025,"fid":1220,"endonym":"Indaur"}},{"type":"Feature","id":1221,"geometry":{"type":"Point","coordinates":[95.981936,21.857353]},"properties":{"name":"Inwa","tier":2,"start_year":1385,"end_year":1751,"fid":1221}},{"type":"Feature","id":1222,"geometry":{"type":"Point","coordinates":[95.981936,21.857353]},"properties":{"name":"Inwa","tier":3,"start_year":1751,"end_year":1760,"fid":1222}},{"type":"Feature","id":1223,"geometry":{"type":"Point","coordinates":[95.981936,21.857353]},"properties":{"name":"Inwa","tier":2,"start_year":1760,"end_year":1768,"fid":1223}},{"type":"Feature","id":1224,"geometry":{"type":"Point","coordinates":[95.981936,21.857353]},"properties":{"name":"Inwa","tier":1,"start_year":1768,"end_year":1774,"fid":1224}},{"type":"Feature","id":1225,"geometry":{"type":"Point","coordinates":[95.981936,21.857353]},"properties":{"name":"Inwa","tier":2,"start_year":1774,"end_year":1790,"fid":1225}},{"type":"Feature","id":1226,"geometry":{"type":"Point","coordinates":[95.981936,21.857353]},"properties":{"name":"Inwa","tier":3,"start_year":1790,"end_year":1818,"fid":1226}},{"type":"Feature","id":1227,"geometry":{"type":"Point","coordinates":[95.981936,21.857353]},"properties":{"name":"Inwa","tier":2,"start_year":1818,"end_year":1837,"fid":1227}},{"type":"Feature","id":1228,"geometry":{"type":"Point","coordinates":[20.853747,39.665028]},"properties":{"name":"Ioannina","tier":3,"start_year":1800,"end_year":1875,"fid":1228,"endonym":"Ἰωάννινα"}},{"type":"Feature","id":1229,"geometry":{"type":"Point","coordinates":[1.15545,52.05917]},"properties":{"name":"Ipswich","tier":3,"start_year":1900,"end_year":1901,"fid":1229}},{"type":"Feature","id":1230,"geometry":{"type":"Point","coordinates":[-70.13913,-20.22036]},"properties":{"name":"Iquique","tier":3,"start_year":1900,"end_year":1901,"fid":1230}},{"type":"Feature","id":1231,"geometry":{"type":"Point","coordinates":[25.144214,35.338736]},"properties":{"name":"Iraklion","tier":2,"start_year":827,"end_year":900,"fid":1231,"endonym":"ربض الخندق"}},{"type":"Feature","id":1232,"geometry":{"type":"Point","coordinates":[25.144214,35.338736]},"properties":{"name":"Iraklion","tier":3,"start_year":900,"end_year":903,"fid":1232,"endonym":"ربض الخندق"}},{"type":"Feature","id":1233,"geometry":{"type":"Point","coordinates":[25.144214,35.338736]},"properties":{"name":"Iraklion","tier":2,"start_year":903,"end_year":906,"fid":1233,"endonym":"ربض الخندق"}},{"type":"Feature","id":1234,"geometry":{"type":"Point","coordinates":[25.144214,35.338736]},"properties":{"name":"Iraklion","tier":3,"start_year":906,"end_year":1851,"fid":1234,"endonym":"ربض الخندق"}},{"type":"Feature","id":1235,"geometry":{"type":"Point","coordinates":[104.29639,52.29778]},"properties":{"name":"Irkutsk","tier":3,"start_year":1900,"end_year":1976,"fid":1235,"endonym":"Иркутск"}},{"type":"Feature","id":1236,"geometry":{"type":"Point","coordinates":[104.916667,11.55]},"properties":{"name":"Isanapura","tier":1,"start_year":622,"end_year":623,"fid":1236}},{"type":"Feature","id":1237,"geometry":{"type":"Point","coordinates":[3.6,7.966667]},"properties":{"name":"Iseyin","tier":3,"start_year":1853,"end_year":1901,"fid":1237}},{"type":"Feature","id":1238,"geometry":{"type":"Point","coordinates":[52.90898604,29.9797278]},"properties":{"name":"Istakhr","tier":2,"start_year":622,"end_year":623,"fid":1238,"endonym":"اِستَخر"}},{"type":"Feature","id":3468,"geometry":{"type":"Point","coordinates":[28.976944,41.005275]},"properties":{"name":"Byzantium","tier":2,"start_year":-100,"end_year":1,"fid":3468,"endonym":"Βυζάντιον"}},{"type":"Feature","id":3469,"geometry":{"type":"Point","coordinates":[28.976944,41.005275]},"properties":{"name":"Byzantium","tier":1,"start_year":1,"end_year":330,"fid":3469,"endonym":"Βυζάντιον"}},{"type":"Feature","id":3470,"geometry":{"type":"Point","coordinates":[28.976944,41.005275]},"properties":{"name":"Constantinople","tier":1,"start_year":330,"end_year":1337,"fid":3470,"endonym":"Κωνσταντινούπολις"}},{"type":"Feature","id":3471,"geometry":{"type":"Point","coordinates":[28.976944,41.005275]},"properties":{"name":"Constantinople","tier":2,"start_year":1337,"end_year":1453,"fid":3471,"endonym":"Κωνσταντινούπολις"}},{"type":"Feature","id":3472,"geometry":{"type":"Point","coordinates":[28.976944,41.005275]},"properties":{"name":"Istanbul","tier":2,"start_year":1453,"end_year":1473,"fid":3472,"endonym":"استانبول"}},{"type":"Feature","id":3473,"geometry":{"type":"Point","coordinates":[28.976944,41.005275]},"properties":{"name":"Istanbul","tier":1,"start_year":1473,"end_year":1922,"fid":3473,"endonym":"استانبول"}},{"type":"Feature","id":3474,"geometry":{"type":"Point","coordinates":[28.976944,41.005275]},"properties":{"name":"Istanbul","tier":2,"start_year":1922,"end_year":2000,"fid":3474,"endonym":"استانبول"}},{"type":"Feature","id":3475,"geometry":{"type":"Point","coordinates":[28.976944,41.005275]},"properties":{"name":"Istanbul","tier":1,"start_year":2000,"end_year":2025,"fid":3475,"endonym":"استانبول"}},{"type":"Feature","id":1245,"geometry":{"type":"Point","coordinates":[24.716667,48.916667]},"properties":{"name":"Ivano-Frankivs'k","tier":3,"start_year":1900,"end_year":1901,"fid":1245,"endonym":"Stanisławów"}},{"type":"Feature","id":1246,"geometry":{"type":"Point","coordinates":[40.9819,56.9967]},"properties":{"name":"Ivanovo","tier":3,"start_year":1900,"end_year":1951,"fid":1246,"endonym":"Иваново"}},{"type":"Feature","id":1247,"geometry":{"type":"Point","coordinates":[4.18333,7.63333]},"properties":{"name":"Iwo","tier":3,"start_year":1900,"end_year":1901,"fid":1247}},{"type":"Feature","id":1248,"geometry":{"type":"Point","coordinates":[-92.17999,14.92339814]},"properties":{"name":"Izapa","tier":2,"start_year":-200,"end_year":-199,"fid":1248}},{"type":"Feature","id":1249,"geometry":{"type":"Point","coordinates":[53.20448,56.84976]},"properties":{"name":"Izhevsk","tier":3,"start_year":1950,"end_year":1976,"fid":1249,"endonym":"Ижевск"}},{"type":"Feature","id":1250,"geometry":{"type":"Point","coordinates":[28.836389,45.351667]},"properties":{"name":"Izmail","tier":3,"start_year":1657,"end_year":1901,"fid":1250,"endonym":"إسماعيلية"}},{"type":"Feature","id":3476,"geometry":{"type":"Point","coordinates":[29.72111,40.42861]},"properties":{"name":"İznik","tier":2,"start_year":1800,"end_year":1827,"fid":3476,"endonym":"إزنيق"}},{"type":"Feature","id":3477,"geometry":{"type":"Point","coordinates":[29.72111,40.42861]},"properties":{"name":"İznik","tier":3,"start_year":1827,"end_year":1857,"fid":3477,"endonym":"إزنيق"}},{"type":"Feature","id":1253,"geometry":{"type":"Point","coordinates":[79.95006,23.16697]},"properties":{"name":"Jabalpur","tier":3,"start_year":1975,"end_year":1976,"fid":1253}},{"type":"Feature","id":1254,"geometry":{"type":"Point","coordinates":[-81.6614,30.3369]},"properties":{"name":"Jacksonville","tier":3,"start_year":1950,"end_year":1976,"fid":1254}},{"type":"Feature","id":1255,"geometry":{"type":"Point","coordinates":[-3.79028,37.76922]},"properties":{"name":"Jaen","tier":3,"start_year":1500,"end_year":1921,"fid":1255,"endonym":"Jaén"}},{"type":"Feature","id":1256,"geometry":{"type":"Point","coordinates":[80.00742,9.66845]},"properties":{"name":"Jaffna","tier":3,"start_year":1900,"end_year":1901,"fid":1256,"endonym":"Yāḻppāṇam"}},{"type":"Feature","id":1257,"geometry":{"type":"Point","coordinates":[75.78781,26.91962]},"properties":{"name":"Jaipur","tier":2,"start_year":1727,"end_year":1814,"fid":1257,"endonym":"Jayapur"}},{"type":"Feature","id":1258,"geometry":{"type":"Point","coordinates":[75.78781,26.91962]},"properties":{"name":"Jaipur","tier":3,"start_year":1814,"end_year":1838,"fid":1258,"endonym":"Jayapur"}},{"type":"Feature","id":1259,"geometry":{"type":"Point","coordinates":[75.78781,26.91962]},"properties":{"name":"Jaipur","tier":2,"start_year":1838,"end_year":1872,"fid":1259,"endonym":"Jayapur"}},{"type":"Feature","id":1260,"geometry":{"type":"Point","coordinates":[75.78781,26.91962]},"properties":{"name":"Jaipur","tier":3,"start_year":1872,"end_year":2025,"fid":1260,"endonym":"Jayapur"}},{"type":"Feature","id":1261,"geometry":{"type":"Point","coordinates":[106.84513,-6.21462]},"properties":{"name":"Jakarta","tier":3,"start_year":1673,"end_year":1930,"fid":1261}},{"type":"Feature","id":1262,"geometry":{"type":"Point","coordinates":[106.84513,-6.21462]},"properties":{"name":"Jakarta","tier":2,"start_year":1930,"end_year":1953,"fid":1262}},{"type":"Feature","id":1263,"geometry":{"type":"Point","coordinates":[106.84513,-6.21462]},"properties":{"name":"Jakarta","tier":1,"start_year":1953,"end_year":2025,"fid":1263}},{"type":"Feature","id":1264,"geometry":{"type":"Point","coordinates":[75.576183,31.326015]},"properties":{"name":"Jalandhar","tier":3,"start_year":1850,"end_year":1901,"fid":1264}},{"type":"Feature","id":1265,"geometry":{"type":"Point","coordinates":[74.86911,32.73569]},"properties":{"name":"Jammu","tier":3,"start_year":1850,"end_year":1901,"fid":1265,"endonym":"جموں"}},{"type":"Feature","id":1266,"geometry":{"type":"Point","coordinates":[70.06673,22.47292]},"properties":{"name":"Jamnagar","tier":3,"start_year":1900,"end_year":1901,"fid":1266,"endonym":"Jāmnagar"}},{"type":"Feature","id":1267,"geometry":{"type":"Point","coordinates":[86.18545,22.80278]},"properties":{"name":"Jamshedpur","tier":3,"start_year":1950,"end_year":1951,"fid":1267}},{"type":"Feature","id":1268,"geometry":{"type":"Point","coordinates":[79.95,23.1667]},"properties":{"name":"Japalpur","tier":3,"start_year":1900,"end_year":1901,"fid":1268,"endonym":"Jabalpur"}},{"type":"Feature","id":1269,"geometry":{"type":"Point","coordinates":[106.882743,-6.230702]},"properties":{"name":"Jatinegara","tier":3,"start_year":1900,"end_year":1901,"fid":1269}},{"type":"Feature","id":1270,"geometry":{"type":"Point","coordinates":[82.68361,25.75506]},"properties":{"name":"Jaunpur","tier":1,"start_year":1450,"end_year":1466,"fid":1270,"endonym":"جونپور"}},{"type":"Feature","id":1271,"geometry":{"type":"Point","coordinates":[82.68361,25.75506]},"properties":{"name":"Jaunpur","tier":2,"start_year":1466,"end_year":1537,"fid":1271,"endonym":"جونپور"}},{"type":"Feature","id":1272,"geometry":{"type":"Point","coordinates":[82.68361,25.75506]},"properties":{"name":"Jaunpur","tier":3,"start_year":1537,"end_year":1901,"fid":1272,"endonym":"جونپور"}},{"type":"Feature","id":1273,"geometry":{"type":"Point","coordinates":[39.172778,21.543333]},"properties":{"name":"Jeddah","tier":3,"start_year":1800,"end_year":1815,"fid":1273,"endonym":"جدة"}},{"type":"Feature","id":1274,"geometry":{"type":"Point","coordinates":[39.172778,21.543333]},"properties":{"name":"Jeddah","tier":2,"start_year":1815,"end_year":1930,"fid":1274,"endonym":"جدة"}},{"type":"Feature","id":1275,"geometry":{"type":"Point","coordinates":[39.172778,21.543333]},"properties":{"name":"Jeddah","tier":3,"start_year":1930,"end_year":2025,"fid":1275,"endonym":"جدة"}},{"type":"Feature","id":1276,"geometry":{"type":"Point","coordinates":[23.713889,56.648333]},"properties":{"name":"Jelgava","tier":3,"start_year":1900,"end_year":1901,"fid":1276}},{"type":"Feature","id":1277,"geometry":{"type":"Point","coordinates":[-6.132431,36.6936]},"properties":{"name":"Jerez de la Frontera","tier":3,"start_year":1000,"end_year":1911,"fid":1277,"endonym":"شريش"}},{"type":"Feature","id":1278,"geometry":{"type":"Point","coordinates":[35.21633,31.76904]},"properties":{"name":"Jerusalem","tier":1,"start_year":-800,"end_year":100,"fid":1278,"endonym":"Yerushalayim"}},{"type":"Feature","id":1279,"geometry":{"type":"Point","coordinates":[35.21633,31.76904]},"properties":{"name":"Jerusalem","tier":2,"start_year":100,"end_year":500,"fid":1279,"endonym":"Yerushalayim"}},{"type":"Feature","id":1280,"geometry":{"type":"Point","coordinates":[35.21633,31.76904]},"properties":{"name":"Jerusalem","tier":1,"start_year":500,"end_year":620,"fid":1280,"endonym":"Yerushalayim"}},{"type":"Feature","id":1281,"geometry":{"type":"Point","coordinates":[35.21633,31.76904]},"properties":{"name":"Jerusalem","tier":2,"start_year":620,"end_year":1232,"fid":1281,"endonym":"Yerushalayim"}},{"type":"Feature","id":1282,"geometry":{"type":"Point","coordinates":[35.21633,31.76904]},"properties":{"name":"Jerusalem","tier":3,"start_year":1232,"end_year":1901,"fid":1282,"endonym":"Yerushalayim"}},{"type":"Feature","id":1283,"geometry":{"type":"Point","coordinates":[78.58221,25.45446]},"properties":{"name":"Jhansi","tier":3,"start_year":1850,"end_year":1901,"fid":1283,"endonym":"Jhānsī"}},{"type":"Feature","id":1284,"geometry":{"type":"Point","coordinates":[125.32599,43.896536]},"properties":{"name":"Jilin","tier":3,"start_year":1711,"end_year":2025,"fid":1284,"endonym":"吉林"}},{"type":"Feature","id":1285,"geometry":{"type":"Point","coordinates":[117.120497,36.650997]},"properties":{"name":"Jinan","tier":3,"start_year":1660,"end_year":1667,"fid":1285,"endonym":"濟南"}},{"type":"Feature","id":1286,"geometry":{"type":"Point","coordinates":[117.120497,36.650997]},"properties":{"name":"Jinan","tier":2,"start_year":1667,"end_year":1668,"fid":1286,"endonym":"濟南"}},{"type":"Feature","id":1287,"geometry":{"type":"Point","coordinates":[117.120497,36.650997]},"properties":{"name":"Jinan","tier":3,"start_year":1668,"end_year":1671,"fid":1287,"endonym":"濟南"}},{"type":"Feature","id":1288,"geometry":{"type":"Point","coordinates":[117.120497,36.650997]},"properties":{"name":"Jinan","tier":2,"start_year":1671,"end_year":1808,"fid":1288,"endonym":"濟南"}},{"type":"Feature","id":1289,"geometry":{"type":"Point","coordinates":[117.120497,36.650997]},"properties":{"name":"Jinan","tier":3,"start_year":1808,"end_year":1811,"fid":1289,"endonym":"濟南"}},{"type":"Feature","id":1290,"geometry":{"type":"Point","coordinates":[117.120497,36.650997]},"properties":{"name":"Jinan","tier":2,"start_year":1811,"end_year":1812,"fid":1290,"endonym":"濟南"}},{"type":"Feature","id":1291,"geometry":{"type":"Point","coordinates":[117.120497,36.650997]},"properties":{"name":"Jinan","tier":3,"start_year":1812,"end_year":2000,"fid":1291,"endonym":"濟南"}},{"type":"Feature","id":1292,"geometry":{"type":"Point","coordinates":[117.120497,36.650997]},"properties":{"name":"Jinan","tier":2,"start_year":2000,"end_year":2025,"fid":1292,"endonym":"濟南"}},{"type":"Feature","id":1293,"geometry":{"type":"Point","coordinates":[117.17842,29.268836]},"properties":{"name":"Jingdezhen","tier":2,"start_year":1200,"end_year":1745,"fid":1293,"endonym":"景德鎮"}},{"type":"Feature","id":1294,"geometry":{"type":"Point","coordinates":[117.17842,29.268836]},"properties":{"name":"Jingdezhen","tier":1,"start_year":1745,"end_year":1750,"fid":1294,"endonym":"景德鎮"}},{"type":"Feature","id":1295,"geometry":{"type":"Point","coordinates":[117.17842,29.268836]},"properties":{"name":"Jingdezhen","tier":2,"start_year":1750,"end_year":1784,"fid":1295,"endonym":"景德鎮"}},{"type":"Feature","id":1296,"geometry":{"type":"Point","coordinates":[117.17842,29.268836]},"properties":{"name":"Jingdezhen","tier":1,"start_year":1784,"end_year":1785,"fid":1296,"endonym":"景德鎮"}},{"type":"Feature","id":1297,"geometry":{"type":"Point","coordinates":[117.17842,29.268836]},"properties":{"name":"Jingdezhen","tier":2,"start_year":1785,"end_year":1868,"fid":1297,"endonym":"景德鎮"}},{"type":"Feature","id":1298,"geometry":{"type":"Point","coordinates":[117.17842,29.268836]},"properties":{"name":"Jingdezhen","tier":3,"start_year":1868,"end_year":1949,"fid":1298,"endonym":"景德鎮"}},{"type":"Feature","id":1299,"geometry":{"type":"Point","coordinates":[112.2008,31.0436]},"properties":{"name":"Jingmen","tier":3,"start_year":1900,"end_year":2025,"fid":1299,"endonym":"荆门"}},{"type":"Feature","id":1300,"geometry":{"type":"Point","coordinates":[121.1416667,41.1077778]},"properties":{"name":"Jinzhou","tier":3,"start_year":1975,"end_year":1976,"fid":1300,"endonym":"锦州"}},{"type":"Feature","id":1301,"geometry":{"type":"Point","coordinates":[115.987222,29.705078]},"properties":{"name":"Jiujiang","tier":3,"start_year":1412,"end_year":1901,"fid":1301,"endonym":"九江"}},{"type":"Feature","id":1302,"geometry":{"type":"Point","coordinates":[73.00594,26.26841]},"properties":{"name":"Jodhpur","tier":3,"start_year":1500,"end_year":1521,"fid":1302}},{"type":"Feature","id":1303,"geometry":{"type":"Point","coordinates":[73.00594,26.26841]},"properties":{"name":"Jodhpur","tier":2,"start_year":1521,"end_year":1556,"fid":1303}},{"type":"Feature","id":1304,"geometry":{"type":"Point","coordinates":[73.00594,26.26841]},"properties":{"name":"Jodhpur","tier":3,"start_year":1556,"end_year":1564,"fid":1304}},{"type":"Feature","id":1305,"geometry":{"type":"Point","coordinates":[73.00594,26.26841]},"properties":{"name":"Jodhpur","tier":2,"start_year":1564,"end_year":1578,"fid":1305}},{"type":"Feature","id":1306,"geometry":{"type":"Point","coordinates":[73.00594,26.26841]},"properties":{"name":"Jodhpur","tier":3,"start_year":1578,"end_year":1580,"fid":1306}},{"type":"Feature","id":1307,"geometry":{"type":"Point","coordinates":[73.00594,26.26841]},"properties":{"name":"Jodhpur","tier":2,"start_year":1580,"end_year":1582,"fid":1307}},{"type":"Feature","id":1308,"geometry":{"type":"Point","coordinates":[73.00594,26.26841]},"properties":{"name":"Jodhpur","tier":3,"start_year":1582,"end_year":1583,"fid":1308}},{"type":"Feature","id":1309,"geometry":{"type":"Point","coordinates":[73.00594,26.26841]},"properties":{"name":"Jodhpur","tier":2,"start_year":1583,"end_year":1585,"fid":1309}},{"type":"Feature","id":1310,"geometry":{"type":"Point","coordinates":[73.00594,26.26841]},"properties":{"name":"Jodhpur","tier":3,"start_year":1585,"end_year":1593,"fid":1310}},{"type":"Feature","id":1311,"geometry":{"type":"Point","coordinates":[73.00594,26.26841]},"properties":{"name":"Jodhpur","tier":2,"start_year":1593,"end_year":1594,"fid":1311}},{"type":"Feature","id":1312,"geometry":{"type":"Point","coordinates":[73.00594,26.26841]},"properties":{"name":"Jodhpur","tier":3,"start_year":1594,"end_year":1618,"fid":1312}},{"type":"Feature","id":1313,"geometry":{"type":"Point","coordinates":[73.00594,26.26841]},"properties":{"name":"Jodhpur","tier":2,"start_year":1618,"end_year":1674,"fid":1313}},{"type":"Feature","id":1314,"geometry":{"type":"Point","coordinates":[73.00594,26.26841]},"properties":{"name":"Jodhpur","tier":3,"start_year":1674,"end_year":1711,"fid":1314}},{"type":"Feature","id":1315,"geometry":{"type":"Point","coordinates":[73.00594,26.26841]},"properties":{"name":"Jodhpur","tier":2,"start_year":1711,"end_year":1815,"fid":1315}},{"type":"Feature","id":1316,"geometry":{"type":"Point","coordinates":[73.00594,26.26841]},"properties":{"name":"Jodhpur","tier":3,"start_year":1815,"end_year":1901,"fid":1316}},{"type":"Feature","id":1317,"geometry":{"type":"Point","coordinates":[28.04363,-26.20227]},"properties":{"name":"Johannesburg","tier":3,"start_year":1900,"end_year":1910,"fid":1317}},{"type":"Feature","id":1318,"geometry":{"type":"Point","coordinates":[28.04363,-26.20227]},"properties":{"name":"Johannesburg","tier":2,"start_year":1910,"end_year":1976,"fid":1318}},{"type":"Feature","id":1319,"geometry":{"type":"Point","coordinates":[-106.486944,31.739444]},"properties":{"name":"Juarez","tier":3,"start_year":1975,"end_year":1976,"fid":1319,"endonym":"Ciudad Juárez"}},{"type":"Feature","id":1320,"geometry":{"type":"Point","coordinates":[69.17233,34.52813]},"properties":{"name":"Kabul","tier":3,"start_year":1500,"end_year":2025,"fid":1320,"endonym":"کابل"}},{"type":"Feature","id":1321,"geometry":{"type":"Point","coordinates":[126.55444,37.97083]},"properties":{"name":"Kaesong","tier":2,"start_year":927,"end_year":1180,"fid":1321,"endonym":"開城"}},{"type":"Feature","id":1322,"geometry":{"type":"Point","coordinates":[126.55444,37.97083]},"properties":{"name":"Kaesong","tier":3,"start_year":1180,"end_year":1901,"fid":1322,"endonym":"開城"}},{"type":"Feature","id":1323,"geometry":{"type":"Point","coordinates":[130.557183,31.5966]},"properties":{"name":"Kagoshima","tier":3,"start_year":1401,"end_year":1696,"fid":1323,"endonym":"鹿児島"}},{"type":"Feature","id":1324,"geometry":{"type":"Point","coordinates":[130.557183,31.5966]},"properties":{"name":"Kagoshima","tier":2,"start_year":1696,"end_year":1828,"fid":1324,"endonym":"鹿児島"}},{"type":"Feature","id":1325,"geometry":{"type":"Point","coordinates":[130.557183,31.5966]},"properties":{"name":"Kagoshima","tier":3,"start_year":1828,"end_year":1951,"fid":1325,"endonym":"鹿児島"}},{"type":"Feature","id":1326,"geometry":{"type":"Point","coordinates":[36.9333,37.5833]},"properties":{"name":"Kahramanmaras","tier":3,"start_year":1900,"end_year":1901,"fid":1326,"endonym":"مرعش"}},{"type":"Feature","id":1327,"geometry":{"type":"Point","coordinates":[114.30742,34.7986]},"properties":{"name":"Kaifeng","tier":1,"start_year":-500,"end_year":709,"fid":1327,"endonym":"開封"}},{"type":"Feature","id":1328,"geometry":{"type":"Point","coordinates":[114.30742,34.7986]},"properties":{"name":"Kaifeng","tier":2,"start_year":709,"end_year":782,"fid":1328,"endonym":"開封"}},{"type":"Feature","id":1329,"geometry":{"type":"Point","coordinates":[114.30742,34.7986]},"properties":{"name":"Kaifeng","tier":1,"start_year":782,"end_year":1250,"fid":1329,"endonym":"開封"}},{"type":"Feature","id":1330,"geometry":{"type":"Point","coordinates":[114.30742,34.7986]},"properties":{"name":"Kaifeng","tier":2,"start_year":1250,"end_year":1258,"fid":1330,"endonym":"開封"}},{"type":"Feature","id":1331,"geometry":{"type":"Point","coordinates":[114.30742,34.7986]},"properties":{"name":"Kaifeng","tier":1,"start_year":1258,"end_year":1437,"fid":1331,"endonym":"開封"}},{"type":"Feature","id":1332,"geometry":{"type":"Point","coordinates":[114.30742,34.7986]},"properties":{"name":"Kaifeng","tier":2,"start_year":1437,"end_year":1848,"fid":1332,"endonym":"開封"}},{"type":"Feature","id":1333,"geometry":{"type":"Point","coordinates":[114.30742,34.7986]},"properties":{"name":"Kaifeng","tier":3,"start_year":1848,"end_year":1976,"fid":1333,"endonym":"開封"}},{"type":"Feature","id":1334,"geometry":{"type":"Point","coordinates":[10.101667,35.674444]},"properties":{"name":"Kairouan","tier":2,"start_year":670,"end_year":874,"fid":1334,"endonym":"القيروان"}},{"type":"Feature","id":1335,"geometry":{"type":"Point","coordinates":[10.101667,35.674444]},"properties":{"name":"Kairouan","tier":1,"start_year":874,"end_year":968,"fid":1335,"endonym":"القيروان"}},{"type":"Feature","id":1336,"geometry":{"type":"Point","coordinates":[10.101667,35.674444]},"properties":{"name":"Kairouan","tier":2,"start_year":968,"end_year":1300,"fid":1336,"endonym":"القيروان"}},{"type":"Feature","id":1337,"geometry":{"type":"Point","coordinates":[10.101667,35.674444]},"properties":{"name":"Kairouan","tier":3,"start_year":1300,"end_year":1854,"fid":1337,"endonym":"القيروان"}},{"type":"Feature","id":1338,"geometry":{"type":"Point","coordinates":[7.77161,49.443]},"properties":{"name":"Kaiserslautern","tier":3,"start_year":1900,"end_year":1901,"fid":1338}},{"type":"Feature","id":1339,"geometry":{"type":"Point","coordinates":[82.33,16.93]},"properties":{"name":"Kakinada","tier":3,"start_year":1900,"end_year":1901,"fid":1339,"endonym":"Kākināḍa"}},{"type":"Feature","id":1340,"geometry":{"type":"Point","coordinates":[0.328333,35.580556]},"properties":{"name":"Kalaa","tier":2,"start_year":1050,"end_year":1051,"fid":1340,"endonym":"القلعة"}},{"type":"Feature","id":1341,"geometry":{"type":"Point","coordinates":[80.472977,25.011586]},"properties":{"name":"Kalinjar","tier":2,"start_year":1200,"end_year":1350,"fid":1341,"endonym":"Kālinjara"}},{"type":"Feature","id":1342,"geometry":{"type":"Point","coordinates":[80.472977,25.011586]},"properties":{"name":"Kalinjar","tier":3,"start_year":1350,"end_year":1873,"fid":1342,"endonym":"Kālinjara"}},{"type":"Feature","id":1343,"geometry":{"type":"Point","coordinates":[36.27542,54.5293]},"properties":{"name":"Kaluga","tier":3,"start_year":1745,"end_year":1901,"fid":1343,"endonym":"Калуга"}},{"type":"Feature","id":1344,"geometry":{"type":"Point","coordinates":[73.13554,19.2437]},"properties":{"name":"Kalyan","tier":1,"start_year":1100,"end_year":1401,"fid":1344,"endonym":"Kalyāṇ"}},{"type":"Feature","id":1345,"geometry":{"type":"Point","coordinates":[73.13554,19.2437]},"properties":{"name":"Kalyan","tier":2,"start_year":1401,"end_year":1638,"fid":1345,"endonym":"Kalyāṇ"}},{"type":"Feature","id":1346,"geometry":{"type":"Point","coordinates":[73.13554,19.2437]},"properties":{"name":"Kalyan","tier":3,"start_year":1638,"end_year":1902,"fid":1346,"endonym":"Kalyāṇ"}},{"type":"Feature","id":1347,"geometry":{"type":"Point","coordinates":[139.55028,35.30889]},"properties":{"name":"Kamakura","tier":1,"start_year":1200,"end_year":1301,"fid":1347,"endonym":"鎌倉"}},{"type":"Feature","id":1348,"geometry":{"type":"Point","coordinates":[91.733333,26.183333]},"properties":{"name":"Kamarupa","tier":2,"start_year":622,"end_year":623,"fid":1348,"endonym":"Kāmarūpa"}},{"type":"Feature","id":1349,"geometry":{"type":"Point","coordinates":[26.583333,48.683333]},"properties":{"name":"Kamianets-Podilskyi","tier":3,"start_year":1900,"end_year":1901,"fid":1349,"endonym":"Кам'янець-Подільський"}},{"type":"Feature","id":1350,"geometry":{"type":"Point","coordinates":[89.370833,26.158333]},"properties":{"name":"Kamtapur","tier":3,"start_year":1498,"end_year":1499,"fid":1350,"endonym":"Kāmatāpur"}},{"type":"Feature","id":1351,"geometry":{"type":"Point","coordinates":[79.91808,27.05519]},"properties":{"name":"Kanauji","tier":1,"start_year":622,"end_year":765,"fid":1351,"endonym":"Kānyakubja"}},{"type":"Feature","id":1352,"geometry":{"type":"Point","coordinates":[79.91808,27.05519]},"properties":{"name":"Kanauji","tier":2,"start_year":765,"end_year":1123,"fid":1352,"endonym":"Kānyakubja"}},{"type":"Feature","id":1353,"geometry":{"type":"Point","coordinates":[79.91808,27.05519]},"properties":{"name":"Kanauji","tier":1,"start_year":1123,"end_year":1193,"fid":1353,"endonym":"Kānyakubja"}},{"type":"Feature","id":1354,"geometry":{"type":"Point","coordinates":[79.91808,27.05519]},"properties":{"name":"Kanauji","tier":2,"start_year":1193,"end_year":1572,"fid":1354,"endonym":"Kānyakubja"}},{"type":"Feature","id":1355,"geometry":{"type":"Point","coordinates":[79.91808,27.05519]},"properties":{"name":"Kanauji","tier":3,"start_year":1572,"end_year":1849,"fid":1355,"endonym":"Kānyakubja"}},{"type":"Feature","id":1356,"geometry":{"type":"Point","coordinates":[136.656206,36.561325]},"properties":{"name":"Kanazawa","tier":2,"start_year":1600,"end_year":1793,"fid":1356,"endonym":"金沢"}},{"type":"Feature","id":1357,"geometry":{"type":"Point","coordinates":[136.656206,36.561325]},"properties":{"name":"Kanazawa","tier":3,"start_year":1793,"end_year":1803,"fid":1357,"endonym":"金沢"}},{"type":"Feature","id":1358,"geometry":{"type":"Point","coordinates":[136.656206,36.561325]},"properties":{"name":"Kanazawa","tier":2,"start_year":1803,"end_year":1859,"fid":1358,"endonym":"金沢"}},{"type":"Feature","id":1359,"geometry":{"type":"Point","coordinates":[136.656206,36.561325]},"properties":{"name":"Kanazawa","tier":3,"start_year":1859,"end_year":1951,"fid":1359,"endonym":"金沢"}},{"type":"Feature","id":1360,"geometry":{"type":"Point","coordinates":[79.70364,12.834173]},"properties":{"name":"Kanchipuram","tier":2,"start_year":622,"end_year":627,"fid":1360,"endonym":"Kāñcipuram"}},{"type":"Feature","id":1361,"geometry":{"type":"Point","coordinates":[79.70364,12.834173]},"properties":{"name":"Kanchipuram","tier":1,"start_year":627,"end_year":671,"fid":1361,"endonym":"Kāñcipuram"}},{"type":"Feature","id":1362,"geometry":{"type":"Point","coordinates":[79.70364,12.834173]},"properties":{"name":"Kanchipuram","tier":2,"start_year":671,"end_year":1466,"fid":1362,"endonym":"Kāñcipuram"}},{"type":"Feature","id":1363,"geometry":{"type":"Point","coordinates":[79.70364,12.834173]},"properties":{"name":"Kanchipuram","tier":3,"start_year":1466,"end_year":1473,"fid":1363,"endonym":"Kāñcipuram"}},{"type":"Feature","id":1364,"geometry":{"type":"Point","coordinates":[79.70364,12.834173]},"properties":{"name":"Kanchipuram","tier":2,"start_year":1473,"end_year":1505,"fid":1364,"endonym":"Kāñcipuram"}},{"type":"Feature","id":1365,"geometry":{"type":"Point","coordinates":[79.70364,12.834173]},"properties":{"name":"Kanchipuram","tier":3,"start_year":1505,"end_year":1901,"fid":1365,"endonym":"Kāñcipuram"}},{"type":"Feature","id":1366,"geometry":{"type":"Point","coordinates":[65.71013,31.61332]},"properties":{"name":"Kandahar","tier":3,"start_year":1738,"end_year":1744,"fid":1366,"endonym":"قندهار"}},{"type":"Feature","id":1367,"geometry":{"type":"Point","coordinates":[65.71013,31.61332]},"properties":{"name":"Kandahar","tier":2,"start_year":1744,"end_year":1774,"fid":1367,"endonym":"قندهار"}},{"type":"Feature","id":1368,"geometry":{"type":"Point","coordinates":[65.71013,31.61332]},"properties":{"name":"Kandahar","tier":1,"start_year":1774,"end_year":1775,"fid":1368,"endonym":"قندهار"}},{"type":"Feature","id":1369,"geometry":{"type":"Point","coordinates":[65.71013,31.61332]},"properties":{"name":"Kandahar","tier":2,"start_year":1775,"end_year":1788,"fid":1369,"endonym":"قندهار"}},{"type":"Feature","id":1370,"geometry":{"type":"Point","coordinates":[65.71013,31.61332]},"properties":{"name":"Kandahar","tier":3,"start_year":1788,"end_year":1901,"fid":1370,"endonym":"قندهار"}},{"type":"Feature","id":1371,"geometry":{"type":"Point","coordinates":[101.964722,30.055278]},"properties":{"name":"Kangding","tier":3,"start_year":1900,"end_year":1901,"fid":1371,"endonym":"康定"}},{"type":"Feature","id":1372,"geometry":{"type":"Point","coordinates":[8.51672,12.00012]},"properties":{"name":"Kano","tier":3,"start_year":1150,"end_year":1437,"fid":1372,"endonym":"كانو"}},{"type":"Feature","id":1373,"geometry":{"type":"Point","coordinates":[8.51672,12.00012]},"properties":{"name":"Kano","tier":2,"start_year":1437,"end_year":1596,"fid":1373,"endonym":"كانو"}},{"type":"Feature","id":1374,"geometry":{"type":"Point","coordinates":[8.51672,12.00012]},"properties":{"name":"Kano","tier":3,"start_year":1596,"end_year":1901,"fid":1374,"endonym":"كانو"}},{"type":"Feature","id":1375,"geometry":{"type":"Point","coordinates":[80.34627,26.4478]},"properties":{"name":"Kanpur","tier":2,"start_year":1848,"end_year":1875,"fid":1375,"endonym":"Kānpur"}},{"type":"Feature","id":1376,"geometry":{"type":"Point","coordinates":[80.34627,26.4478]},"properties":{"name":"Kanpur","tier":3,"start_year":1875,"end_year":1950,"fid":1376,"endonym":"Kānpur"}},{"type":"Feature","id":1377,"geometry":{"type":"Point","coordinates":[80.34627,26.4478]},"properties":{"name":"Kanpur","tier":2,"start_year":1950,"end_year":1970,"fid":1377,"endonym":"Kānpur"}},{"type":"Feature","id":1378,"geometry":{"type":"Point","coordinates":[80.34627,26.4478]},"properties":{"name":"Kanpur","tier":3,"start_year":1970,"end_year":2000,"fid":1378,"endonym":"Kānpur"}},{"type":"Feature","id":1379,"geometry":{"type":"Point","coordinates":[80.34627,26.4478]},"properties":{"name":"Kanpur","tier":2,"start_year":2000,"end_year":2025,"fid":1379,"endonym":"Kānpur"}},{"type":"Feature","id":1380,"geometry":{"type":"Point","coordinates":[-94.62746,39.11417]},"properties":{"name":"Kansas City","tier":3,"start_year":1900,"end_year":1905,"fid":1380}},{"type":"Feature","id":1381,"geometry":{"type":"Point","coordinates":[-94.62746,39.11417]},"properties":{"name":"Kansas City","tier":2,"start_year":1905,"end_year":1970,"fid":1381}},{"type":"Feature","id":1382,"geometry":{"type":"Point","coordinates":[-94.62746,39.11417]},"properties":{"name":"Kansas City","tier":3,"start_year":1970,"end_year":1976,"fid":1382}},{"type":"Feature","id":1383,"geometry":{"type":"Point","coordinates":[120.31333,22.61626]},"properties":{"name":"Kaohsiung","tier":3,"start_year":1950,"end_year":2000,"fid":1383,"endonym":"高雄"}},{"type":"Feature","id":1384,"geometry":{"type":"Point","coordinates":[120.31333,22.61626]},"properties":{"name":"Kaohsiung","tier":2,"start_year":2000,"end_year":2025,"fid":1384,"endonym":"高雄"}},{"type":"Feature","id":1385,"geometry":{"type":"Point","coordinates":[67.0822,24.9056]},"properties":{"name":"Karachi","tier":3,"start_year":1900,"end_year":1935,"fid":1385,"endonym":"کراچی"}},{"type":"Feature","id":1386,"geometry":{"type":"Point","coordinates":[67.0822,24.9056]},"properties":{"name":"Karachi","tier":2,"start_year":1935,"end_year":1975,"fid":1386,"endonym":"کراچی"}},{"type":"Feature","id":1387,"geometry":{"type":"Point","coordinates":[67.0822,24.9056]},"properties":{"name":"Karachi","tier":1,"start_year":1975,"end_year":2025,"fid":1387,"endonym":"کراچی"}},{"type":"Feature","id":1388,"geometry":{"type":"Point","coordinates":[73.166667,49.833333]},"properties":{"name":"Karaganda","tier":3,"start_year":1950,"end_year":1976,"fid":1388,"endonym":"Карагандá"}},{"type":"Feature","id":1389,"geometry":{"type":"Point","coordinates":[33.215,37.18111]},"properties":{"name":"Karaman","tier":2,"start_year":1400,"end_year":1622,"fid":1389,"endonym":"قرامان"}},{"type":"Feature","id":1390,"geometry":{"type":"Point","coordinates":[33.215,37.18111]},"properties":{"name":"Karaman","tier":3,"start_year":1622,"end_year":1893,"fid":1390,"endonym":"قرامان"}},{"type":"Feature","id":1391,"geometry":{"type":"Point","coordinates":[44.02483,32.6143]},"properties":{"name":"Karbala","tier":3,"start_year":1900,"end_year":1901,"fid":1391,"endonym":"كربلاء"}},{"type":"Feature","id":1392,"geometry":{"type":"Point","coordinates":[8.38583,49.00472]},"properties":{"name":"Karlsruhe","tier":3,"start_year":1900,"end_year":1901,"fid":1392}},{"type":"Feature","id":1393,"geometry":{"type":"Point","coordinates":[51.43644,33.98308]},"properties":{"name":"Kashan","tier":3,"start_year":1900,"end_year":1901,"fid":1393,"endonym":"کاشان"}},{"type":"Feature","id":1394,"geometry":{"type":"Point","coordinates":[75.989756,39.4704]},"properties":{"name":"Kashi","tier":2,"start_year":622,"end_year":1353,"fid":1394,"endonym":"Kāśī"}},{"type":"Feature","id":1395,"geometry":{"type":"Point","coordinates":[75.989756,39.4704]},"properties":{"name":"Kashi","tier":3,"start_year":1353,"end_year":1513,"fid":1395,"endonym":"Kāśī"}},{"type":"Feature","id":1396,"geometry":{"type":"Point","coordinates":[75.989756,39.4704]},"properties":{"name":"Kashi","tier":2,"start_year":1513,"end_year":1633,"fid":1396,"endonym":"Kāśī"}},{"type":"Feature","id":1397,"geometry":{"type":"Point","coordinates":[75.989756,39.4704]},"properties":{"name":"Kashi","tier":3,"start_year":1633,"end_year":1634,"fid":1397,"endonym":"Kāśī"}},{"type":"Feature","id":1398,"geometry":{"type":"Point","coordinates":[75.989756,39.4704]},"properties":{"name":"Kashi","tier":2,"start_year":1634,"end_year":1639,"fid":1398,"endonym":"Kāśī"}},{"type":"Feature","id":1399,"geometry":{"type":"Point","coordinates":[75.989756,39.4704]},"properties":{"name":"Kashi","tier":3,"start_year":1639,"end_year":1901,"fid":1399,"endonym":"Kāśī"}},{"type":"Feature","id":1400,"geometry":{"type":"Point","coordinates":[85.333333,27.7]},"properties":{"name":"Kathmandu","tier":2,"start_year":630,"end_year":1000,"fid":1400,"endonym":"Yala Rājya"}},{"type":"Feature","id":1401,"geometry":{"type":"Point","coordinates":[85.333333,27.7]},"properties":{"name":"Kathmandu","tier":3,"start_year":1000,"end_year":1001,"fid":1401,"endonym":"Yala Rājya"}},{"type":"Feature","id":1402,"geometry":{"type":"Point","coordinates":[85.333333,27.7]},"properties":{"name":"Kathmandu","tier":2,"start_year":1001,"end_year":1009,"fid":1402,"endonym":"Yala Rājya"}},{"type":"Feature","id":1403,"geometry":{"type":"Point","coordinates":[85.333333,27.7]},"properties":{"name":"Kathmandu","tier":3,"start_year":1009,"end_year":1906,"fid":1403,"endonym":"Yala Rājya"}},{"type":"Feature","id":1404,"geometry":{"type":"Point","coordinates":[19.02754,50.25842]},"properties":{"name":"Katowice","tier":2,"start_year":1925,"end_year":1976,"fid":1404}},{"type":"Feature","id":1405,"geometry":{"type":"Point","coordinates":[7.60063,12.98943]},"properties":{"name":"Katsina","tier":3,"start_year":1560,"end_year":1582,"fid":1405}},{"type":"Feature","id":1406,"geometry":{"type":"Point","coordinates":[7.60063,12.98943]},"properties":{"name":"Katsina","tier":2,"start_year":1582,"end_year":1805,"fid":1406}},{"type":"Feature","id":1407,"geometry":{"type":"Point","coordinates":[7.60063,12.98943]},"properties":{"name":"Katsina","tier":3,"start_year":1805,"end_year":1851,"fid":1407}},{"type":"Feature","id":1408,"geometry":{"type":"Point","coordinates":[23.903563,54.898535]},"properties":{"name":"Kaunas","tier":3,"start_year":1900,"end_year":1901,"fid":1408}},{"type":"Feature","id":1409,"geometry":{"type":"Point","coordinates":[78.116389,8.566389]},"properties":{"name":"Kayalpatam","tier":2,"start_year":1300,"end_year":1301,"fid":1409,"endonym":"Kāyalpaṭṭaṇam"}},{"type":"Feature","id":1410,"geometry":{"type":"Point","coordinates":[35.48528,38.73222]},"properties":{"name":"Kayseri","tier":1,"start_year":200,"end_year":300,"fid":1410,"endonym":"Καισάρεια"}},{"type":"Feature","id":1411,"geometry":{"type":"Point","coordinates":[35.48528,38.73222]},"properties":{"name":"Kayseri","tier":2,"start_year":300,"end_year":1437,"fid":1411,"endonym":"Καισάρεια"}},{"type":"Feature","id":1412,"geometry":{"type":"Point","coordinates":[35.48528,38.73222]},"properties":{"name":"Kayseri","tier":3,"start_year":1437,"end_year":1901,"fid":1412,"endonym":"Καισάρεια"}},{"type":"Feature","id":1413,"geometry":{"type":"Point","coordinates":[49.134722,55.790278]},"properties":{"name":"Kazan","tier":3,"start_year":932,"end_year":2025,"fid":1413,"endonym":"Казань"}},{"type":"Feature","id":1414,"geometry":{"type":"Point","coordinates":[4.069544,11.678125]},"properties":{"name":"Kebbi","tier":3,"start_year":1800,"end_year":1801,"fid":1414}},{"type":"Feature","id":1415,"geometry":{"type":"Point","coordinates":[19.69128,46.90618]},"properties":{"name":"Kecskemet","tier":3,"start_year":1900,"end_year":1901,"fid":1415,"endonym":"Kecskemét"}},{"type":"Feature","id":1416,"geometry":{"type":"Point","coordinates":[86.08333,55.33333]},"properties":{"name":"Kemerovo","tier":3,"start_year":1950,"end_year":1951,"fid":1416,"endonym":"Кемерово"}},{"type":"Feature","id":1417,"geometry":{"type":"Point","coordinates":[19.866667,39.583333]},"properties":{"name":"Kerkira","tier":2,"start_year":-430,"end_year":-429,"fid":1417,"endonym":"Κέρκυρα"}},{"type":"Feature","id":1418,"geometry":{"type":"Point","coordinates":[57.07879,30.28321]},"properties":{"name":"Kerman","tier":1,"start_year":1100,"end_year":1123,"fid":1418,"endonym":"کرمان"}},{"type":"Feature","id":1419,"geometry":{"type":"Point","coordinates":[57.07879,30.28321]},"properties":{"name":"Kerman","tier":2,"start_year":1123,"end_year":1197,"fid":1419,"endonym":"کرمان"}},{"type":"Feature","id":1420,"geometry":{"type":"Point","coordinates":[57.07879,30.28321]},"properties":{"name":"Kerman","tier":3,"start_year":1197,"end_year":1215,"fid":1420,"endonym":"کرمان"}},{"type":"Feature","id":1421,"geometry":{"type":"Point","coordinates":[57.07879,30.28321]},"properties":{"name":"Kerman","tier":2,"start_year":1215,"end_year":1353,"fid":1421,"endonym":"کرمان"}},{"type":"Feature","id":1422,"geometry":{"type":"Point","coordinates":[57.07879,30.28321]},"properties":{"name":"Kerman","tier":3,"start_year":1353,"end_year":1374,"fid":1422,"endonym":"کرمان"}},{"type":"Feature","id":1423,"geometry":{"type":"Point","coordinates":[57.07879,30.28321]},"properties":{"name":"Kerman","tier":2,"start_year":1374,"end_year":1375,"fid":1423,"endonym":"کرمان"}},{"type":"Feature","id":1424,"geometry":{"type":"Point","coordinates":[57.07879,30.28321]},"properties":{"name":"Kerman","tier":3,"start_year":1375,"end_year":1901,"fid":1424,"endonym":"کرمان"}},{"type":"Feature","id":1425,"geometry":{"type":"Point","coordinates":[47.065,34.31417]},"properties":{"name":"Kermanshah","tier":3,"start_year":1798,"end_year":1901,"fid":1425,"endonym":"کرمانشاه"}},{"type":"Feature","id":1426,"geometry":{"type":"Point","coordinates":[135.08379,48.48272]},"properties":{"name":"Khabarovsk","tier":3,"start_year":1950,"end_year":1976,"fid":1426,"endonym":"Хабаровск"}},{"type":"Feature","id":1427,"geometry":{"type":"Point","coordinates":[79.93344,24.8478]},"properties":{"name":"Khajuraho","tier":2,"start_year":1000,"end_year":1001,"fid":1427,"endonym":"Khajurāho"}},{"type":"Feature","id":1428,"geometry":{"type":"Point","coordinates":[36.230384,49.9935]},"properties":{"name":"Kharkiv","tier":3,"start_year":1900,"end_year":1931,"fid":1428,"endonym":"Харків"}},{"type":"Feature","id":1429,"geometry":{"type":"Point","coordinates":[36.230384,49.9935]},"properties":{"name":"Kharkiv","tier":2,"start_year":1931,"end_year":2000,"fid":1429,"endonym":"Харків"}},{"type":"Feature","id":1430,"geometry":{"type":"Point","coordinates":[36.230384,49.9935]},"properties":{"name":"Kharkiv","tier":3,"start_year":2000,"end_year":2025,"fid":1430,"endonym":"Харків"}},{"type":"Feature","id":1431,"geometry":{"type":"Point","coordinates":[32.53241,15.55177]},"properties":{"name":"Khartoum","tier":3,"start_year":1950,"end_year":1976,"fid":1431,"endonym":"الخرطوم"}},{"type":"Feature","id":1432,"geometry":{"type":"Point","coordinates":[32.616867,46.635417]},"properties":{"name":"Kherson","tier":2,"start_year":800,"end_year":1000,"fid":1432,"endonym":"Χερσών"}},{"type":"Feature","id":1433,"geometry":{"type":"Point","coordinates":[32.616867,46.635417]},"properties":{"name":"Kherson","tier":3,"start_year":1000,"end_year":1001,"fid":1433,"endonym":"Χερσών"}},{"type":"Feature","id":1434,"geometry":{"type":"Point","coordinates":[32.616867,46.635417]},"properties":{"name":"Kherson","tier":2,"start_year":1001,"end_year":1042,"fid":1434,"endonym":"Χερσών"}},{"type":"Feature","id":1435,"geometry":{"type":"Point","coordinates":[32.616867,46.635417]},"properties":{"name":"Kherson","tier":3,"start_year":1042,"end_year":1901,"fid":1435,"endonym":"Χερσών"}},{"type":"Feature","id":1436,"geometry":{"type":"Point","coordinates":[60.35964994,41.3784494711]},"properties":{"name":"Khiva","tier":3,"start_year":1800,"end_year":1801,"fid":1436,"endonym":"خيوه"}},{"type":"Feature","id":1437,"geometry":{"type":"Point","coordinates":[91.640556,48.004167]},"properties":{"name":"Khovd","tier":3,"start_year":1890,"end_year":1891,"fid":1437,"endonym":"Ховд"}},{"type":"Feature","id":1438,"geometry":{"type":"Point","coordinates":[69.633333,40.283333]},"properties":{"name":"Khujand","tier":3,"start_year":1900,"end_year":1901,"fid":1438,"endonym":"Хуҷанд"}},{"type":"Feature","id":1439,"geometry":{"type":"Point","coordinates":[44.952222,38.5525]},"properties":{"name":"Khvoy","tier":3,"start_year":1800,"end_year":1901,"fid":1439,"endonym":"خوی"}},{"type":"Feature","id":1440,"geometry":{"type":"Point","coordinates":[10.13489,54.32133]},"properties":{"name":"Kiel","tier":3,"start_year":1900,"end_year":1951,"fid":1440}},{"type":"Feature","id":1441,"geometry":{"type":"Point","coordinates":[30.5238,50.45466]},"properties":{"name":"Kyiv","tier":2,"start_year":1000,"end_year":1180,"fid":1441,"endonym":"Київ"}},{"type":"Feature","id":1442,"geometry":{"type":"Point","coordinates":[30.5238,50.45466]},"properties":{"name":"Kyiv","tier":3,"start_year":1180,"end_year":1871,"fid":1442,"endonym":"Київ"}},{"type":"Feature","id":1443,"geometry":{"type":"Point","coordinates":[30.5238,50.45466]},"properties":{"name":"Kyiv","tier":2,"start_year":1871,"end_year":2025,"fid":1443,"endonym":"Київ"}},{"type":"Feature","id":1444,"geometry":{"type":"Point","coordinates":[-4.49581,55.61171]},"properties":{"name":"Kilmarnock","tier":3,"start_year":1900,"end_year":1901,"fid":1444}},{"type":"Feature","id":1445,"geometry":{"type":"Point","coordinates":[38.987675,-9.149644]},"properties":{"name":"Kilwa","tier":3,"start_year":1200,"end_year":1651,"fid":1445}},{"type":"Feature","id":1446,"geometry":{"type":"Point","coordinates":[-76.8,17.992731]},"properties":{"name":"Kingston","tier":3,"start_year":1774,"end_year":1976,"fid":1446}},{"type":"Feature","id":1447,"geometry":{"type":"Point","coordinates":[15.3222,-4.325]},"properties":{"name":"Kinshasa","tier":3,"start_year":1950,"end_year":1970,"fid":1447}},{"type":"Feature","id":1448,"geometry":{"type":"Point","coordinates":[15.3222,-4.325]},"properties":{"name":"Kinshasa","tier":2,"start_year":1970,"end_year":2025,"fid":1448}},{"type":"Feature","id":1449,"geometry":{"type":"Point","coordinates":[-3.16149,56.10982]},"properties":{"name":"Kirkcaldy","tier":3,"start_year":1900,"end_year":1901,"fid":1449}},{"type":"Feature","id":1450,"geometry":{"type":"Point","coordinates":[32.262317,48.507933]},"properties":{"name":"Kirovohrad","tier":3,"start_year":1900,"end_year":1901,"fid":1450,"endonym":"Єлисаветград"}},{"type":"Feature","id":1451,"geometry":{"type":"Point","coordinates":[44.5856425,32.55217989]},"properties":{"name":"Kish","tier":1,"start_year":-2800,"end_year":-430,"fid":1451,"endonym":"Kiš"}},{"type":"Feature","id":1452,"geometry":{"type":"Point","coordinates":[44.5856425,32.55217989]},"properties":{"name":"Kish","tier":2,"start_year":-430,"end_year":1201,"fid":1452,"endonym":"Kiš"}},{"type":"Feature","id":1453,"geometry":{"type":"Point","coordinates":[19.84458,46.71213]},"properties":{"name":"Kiskunfelegyhaza","tier":3,"start_year":1900,"end_year":1901,"fid":1453,"endonym":"Kiskunfélegyháza"}},{"type":"Feature","id":1454,"geometry":{"type":"Point","coordinates":[130.83333,33.83333]},"properties":{"name":"Kitakyushu","tier":3,"start_year":1975,"end_year":2025,"fid":1454,"endonym":"北九州"}},{"type":"Feature","id":1455,"geometry":{"type":"Point","coordinates":[25.16329744,35.2979516]},"properties":{"name":"Knossos","tier":1,"start_year":-1700,"end_year":-1359,"fid":1455}},{"type":"Feature","id":1456,"geometry":{"type":"Point","coordinates":[-83.99769,35.972778]},"properties":{"name":"Knoxville","tier":3,"start_year":1900,"end_year":1901,"fid":1456}},{"type":"Feature","id":1457,"geometry":{"type":"Point","coordinates":[135.183072,34.691269]},"properties":{"name":"Kobe","tier":3,"start_year":1716,"end_year":1889,"fid":1457,"endonym":"神戸"}},{"type":"Feature","id":1458,"geometry":{"type":"Point","coordinates":[135.183072,34.691269]},"properties":{"name":"Kobe","tier":2,"start_year":1889,"end_year":1970,"fid":1458,"endonym":"神戸"}},{"type":"Feature","id":1459,"geometry":{"type":"Point","coordinates":[135.183072,34.691269]},"properties":{"name":"Kobe","tier":3,"start_year":1970,"end_year":2025,"fid":1459,"endonym":"神戸"}},{"type":"Feature","id":1460,"geometry":{"type":"Point","coordinates":[7.589907,50.360025]},"properties":{"name":"Koblenz am Rhein","tier":3,"start_year":1900,"end_year":1901,"fid":1460}},{"type":"Feature","id":1461,"geometry":{"type":"Point","coordinates":[133.531167,33.558803]},"properties":{"name":"Kochi","tier":3,"start_year":1800,"end_year":1901,"fid":1461}},{"type":"Feature","id":1462,"geometry":{"type":"Point","coordinates":[138.567574,35.655625]},"properties":{"name":"Kofu","tier":3,"start_year":1900,"end_year":1901,"fid":1462,"endonym":"甲府"}},{"type":"Feature","id":1463,"geometry":{"type":"Point","coordinates":[71.44929,33.58196]},"properties":{"name":"Kohat","tier":3,"start_year":1900,"end_year":1901,"fid":1463,"endonym":"کوهاټ"}},{"type":"Feature","id":1464,"geometry":{"type":"Point","coordinates":[70.932342,40.533261]},"properties":{"name":"Kokand","tier":3,"start_year":1800,"end_year":1901,"fid":1464,"endonym":"قوقان"}},{"type":"Feature","id":1465,"geometry":{"type":"Point","coordinates":[78.12917,13.13671]},"properties":{"name":"Kolar","tier":2,"start_year":1100,"end_year":1466,"fid":1465,"endonym":"Kōlāra"}},{"type":"Feature","id":1466,"geometry":{"type":"Point","coordinates":[78.12917,13.13671]},"properties":{"name":"Kolar","tier":3,"start_year":1466,"end_year":1475,"fid":1466,"endonym":"Kōlāra"}},{"type":"Feature","id":1467,"geometry":{"type":"Point","coordinates":[78.12917,13.13671]},"properties":{"name":"Kolar","tier":2,"start_year":1475,"end_year":1506,"fid":1467,"endonym":"Kōlāra"}},{"type":"Feature","id":1468,"geometry":{"type":"Point","coordinates":[78.12917,13.13671]},"properties":{"name":"Kolar","tier":3,"start_year":1506,"end_year":1901,"fid":1468,"endonym":"Kōlāra"}},{"type":"Feature","id":1469,"geometry":{"type":"Point","coordinates":[74.23167,16.69563]},"properties":{"name":"Kolhapur","tier":3,"start_year":1900,"end_year":1901,"fid":1469,"endonym":"Kolhāpūr"}},{"type":"Feature","id":1470,"geometry":{"type":"Point","coordinates":[25.040278,48.530556]},"properties":{"name":"Kolomyia","tier":3,"start_year":1900,"end_year":1901,"fid":1470,"endonym":"Kołomyja"}},{"type":"Feature","id":1471,"geometry":{"type":"Point","coordinates":[20.516667,54.716667]},"properties":{"name":"Konigsberg","tier":3,"start_year":1455,"end_year":1926,"fid":1471,"endonym":"Königsberg"}},{"type":"Feature","id":1472,"geometry":{"type":"Point","coordinates":[32.48464,37.87135]},"properties":{"name":"Konya","tier":2,"start_year":1090,"end_year":1239,"fid":1472,"endonym":"قونیه"}},{"type":"Feature","id":1473,"geometry":{"type":"Point","coordinates":[32.48464,37.87135]},"properties":{"name":"Konya","tier":1,"start_year":1239,"end_year":1258,"fid":1473,"endonym":"قونیه"}},{"type":"Feature","id":1474,"geometry":{"type":"Point","coordinates":[32.48464,37.87135]},"properties":{"name":"Konya","tier":2,"start_year":1258,"end_year":1302,"fid":1474,"endonym":"قونیه"}},{"type":"Feature","id":1475,"geometry":{"type":"Point","coordinates":[32.48464,37.87135]},"properties":{"name":"Konya","tier":3,"start_year":1302,"end_year":1851,"fid":1475,"endonym":"قونیه"}},{"type":"Feature","id":1476,"geometry":{"type":"Point","coordinates":[59.15,42.333333]},"properties":{"name":"Konye-Urgench","tier":3,"start_year":1200,"end_year":1201,"fid":1476,"endonym":"گرگانج"}},{"type":"Feature","id":1477,"geometry":{"type":"Point","coordinates":[3.264464,50.83053]},"properties":{"name":"Kortrijk","tier":3,"start_year":1900,"end_year":1901,"fid":1477}},{"type":"Feature","id":1478,"geometry":{"type":"Point","coordinates":[81.392899,25.338984]},"properties":{"name":"Kosambi","tier":2,"start_year":622,"end_year":623,"fid":1478,"endonym":"Kauśāmbī"}},{"type":"Feature","id":1479,"geometry":{"type":"Point","coordinates":[21.2578,48.721005]},"properties":{"name":"Kosice","tier":3,"start_year":1900,"end_year":1901,"fid":1479,"endonym":"Kassa"}},{"type":"Feature","id":1480,"geometry":{"type":"Point","coordinates":[40.92686,57.76647]},"properties":{"name":"Kostroma","tier":3,"start_year":1900,"end_year":1901,"fid":1480,"endonym":"Кострома"}},{"type":"Feature","id":1481,"geometry":{"type":"Point","coordinates":[75.83,25.18]},"properties":{"name":"Kota","tier":3,"start_year":1800,"end_year":1901,"fid":1481}},{"type":"Feature","id":1482,"geometry":{"type":"Point","coordinates":[19.93658,50.06143]},"properties":{"name":"Krakow","tier":3,"start_year":1300,"end_year":1976,"fid":1482,"endonym":"Kraków"}},{"type":"Feature","id":1483,"geometry":{"type":"Point","coordinates":[38.960626,45.006247]},"properties":{"name":"Krasnodar","tier":3,"start_year":1900,"end_year":1976,"fid":1483,"endonym":"Краснодар"}},{"type":"Feature","id":1484,"geometry":{"type":"Point","coordinates":[92.86717,56.01839]},"properties":{"name":"Krasnoyarsk","tier":3,"start_year":1900,"end_year":1976,"fid":1484,"endonym":"Красноярск"}},{"type":"Feature","id":1485,"geometry":{"type":"Point","coordinates":[6.58615,51.33921]},"properties":{"name":"Krefeld","tier":3,"start_year":1900,"end_year":1901,"fid":1485}},{"type":"Feature","id":1486,"geometry":{"type":"Point","coordinates":[33.410033,49.065783]},"properties":{"name":"Kremenchuk","tier":3,"start_year":1900,"end_year":1901,"fid":1486,"endonym":"Кременчуг"}},{"type":"Feature","id":1487,"geometry":{"type":"Point","coordinates":[33.391783,47.910483]},"properties":{"name":"Krivoi Rog","tier":3,"start_year":1950,"end_year":1976,"fid":1487,"endonym":"Кривой Рог"}},{"type":"Feature","id":1488,"geometry":{"type":"Point","coordinates":[101.68653,3.1412]},"properties":{"name":"Kuala Lumpur","tier":3,"start_year":1900,"end_year":2025,"fid":1488}},{"type":"Feature","id":1489,"geometry":{"type":"Point","coordinates":[110.8405,-6.8048]},"properties":{"name":"Kudus","tier":3,"start_year":1900,"end_year":1901,"fid":1489}},{"type":"Feature","id":1490,"geometry":{"type":"Point","coordinates":[44.4,32.033333]},"properties":{"name":"Kufa","tier":1,"start_year":671,"end_year":927,"fid":1490,"endonym":"الكوفة"}},{"type":"Feature","id":1491,"geometry":{"type":"Point","coordinates":[44.4,32.033333]},"properties":{"name":"Kufa","tier":2,"start_year":927,"end_year":1001,"fid":1491,"endonym":"الكوفة"}},{"type":"Feature","id":1492,"geometry":{"type":"Point","coordinates":[13.566667,12.916667]},"properties":{"name":"Kukawa","tier":3,"start_year":1845,"end_year":1872,"fid":1492}},{"type":"Feature","id":1493,"geometry":{"type":"Point","coordinates":[111.749181,40.842585]},"properties":{"name":"Kukukhoto","tier":2,"start_year":1690,"end_year":1727,"fid":1493,"endonym":"歸化城"}},{"type":"Feature","id":1494,"geometry":{"type":"Point","coordinates":[111.749181,40.842585]},"properties":{"name":"Kukukhoto","tier":3,"start_year":1727,"end_year":1901,"fid":1494,"endonym":"歸化城"}},{"type":"Feature","id":1495,"geometry":{"type":"Point","coordinates":[130.741574,32.78983]},"properties":{"name":"Kumamoto","tier":3,"start_year":1800,"end_year":1951,"fid":1495,"endonym":"熊本"}},{"type":"Feature","id":1496,"geometry":{"type":"Point","coordinates":[-1.62443,6.68848]},"properties":{"name":"Kumasi","tier":3,"start_year":1800,"end_year":1851,"fid":1496}},{"type":"Feature","id":1497,"geometry":{"type":"Point","coordinates":[79.39124,10.96209]},"properties":{"name":"Kumbakonam","tier":3,"start_year":1800,"end_year":1901,"fid":1497}},{"type":"Feature","id":1498,"geometry":{"type":"Point","coordinates":[68.857,36.72896]},"properties":{"name":"Kunduz","tier":3,"start_year":1834,"end_year":1835,"fid":1498,"endonym":"کندز"}},{"type":"Feature","id":1499,"geometry":{"type":"Point","coordinates":[102.71833,25.03889]},"properties":{"name":"Kunming","tier":2,"start_year":1100,"end_year":1601,"fid":1499,"endonym":"昆明"}},{"type":"Feature","id":1500,"geometry":{"type":"Point","coordinates":[102.71833,25.03889]},"properties":{"name":"Kunming","tier":3,"start_year":1601,"end_year":2025,"fid":1500,"endonym":"昆明"}},{"type":"Feature","id":1501,"geometry":{"type":"Point","coordinates":[132.56667,34.23333]},"properties":{"name":"Kure","tier":3,"start_year":1900,"end_year":1951,"fid":1501,"endonym":"呉"}},{"type":"Feature","id":1502,"geometry":{"type":"Point","coordinates":[36.18735,51.73733]},"properties":{"name":"Kursk","tier":3,"start_year":1782,"end_year":1901,"fid":1502,"endonym":"Курск"}},{"type":"Feature","id":1503,"geometry":{"type":"Point","coordinates":[31.84,18.53]},"properties":{"name":"Kush","tier":2,"start_year":800,"end_year":1500,"fid":1503}},{"type":"Feature","id":1504,"geometry":{"type":"Point","coordinates":[31.84,18.53]},"properties":{"name":"Kush","tier":3,"start_year":1500,"end_year":1501,"fid":1504}},{"type":"Feature","id":1505,"geometry":{"type":"Point","coordinates":[31.84,18.53]},"properties":{"name":"Kush","tier":2,"start_year":1501,"end_year":1503,"fid":1505}},{"type":"Feature","id":1506,"geometry":{"type":"Point","coordinates":[31.84,18.53]},"properties":{"name":"Kush","tier":3,"start_year":1503,"end_year":1886,"fid":1506}},{"type":"Feature","id":1507,"geometry":{"type":"Point","coordinates":[29.983333,39.416667]},"properties":{"name":"Kutahya","tier":3,"start_year":1800,"end_year":1801,"fid":1507,"endonym":"كوتاهيه"}},{"type":"Feature","id":1508,"geometry":{"type":"Point","coordinates":[42.7,42.25]},"properties":{"name":"Kutaisi","tier":3,"start_year":1900,"end_year":1901,"fid":1508}},{"type":"Feature","id":1509,"geometry":{"type":"Point","coordinates":[47.978324,29.369721]},"properties":{"name":"Kuwait","tier":3,"start_year":1975,"end_year":1976,"fid":1509,"endonym":"الكويت"}},{"type":"Feature","id":1510,"geometry":{"type":"Point","coordinates":[135.75385,35.02107]},"properties":{"name":"Kyoto","tier":1,"start_year":800,"end_year":1215,"fid":1510,"endonym":"京都"}},{"type":"Feature","id":1511,"geometry":{"type":"Point","coordinates":[135.75385,35.02107]},"properties":{"name":"Kyoto","tier":2,"start_year":1215,"end_year":1344,"fid":1511,"endonym":"京都"}},{"type":"Feature","id":1512,"geometry":{"type":"Point","coordinates":[135.75385,35.02107]},"properties":{"name":"Kyoto","tier":1,"start_year":1344,"end_year":1488,"fid":1512,"endonym":"京都"}},{"type":"Feature","id":1513,"geometry":{"type":"Point","coordinates":[135.75385,35.02107]},"properties":{"name":"Kyoto","tier":2,"start_year":1488,"end_year":1500,"fid":1513,"endonym":"京都"}},{"type":"Feature","id":1514,"geometry":{"type":"Point","coordinates":[135.75385,35.02107]},"properties":{"name":"Kyoto","tier":3,"start_year":1500,"end_year":1502,"fid":1514,"endonym":"京都"}},{"type":"Feature","id":1515,"geometry":{"type":"Point","coordinates":[135.75385,35.02107]},"properties":{"name":"Kyoto","tier":2,"start_year":1502,"end_year":1539,"fid":1515,"endonym":"京都"}},{"type":"Feature","id":1516,"geometry":{"type":"Point","coordinates":[135.75385,35.02107]},"properties":{"name":"Kyoto","tier":1,"start_year":1539,"end_year":1881,"fid":1516,"endonym":"京都"}},{"type":"Feature","id":1517,"geometry":{"type":"Point","coordinates":[135.75385,35.02107]},"properties":{"name":"Kyoto","tier":2,"start_year":1881,"end_year":1970,"fid":1517,"endonym":"京都"}},{"type":"Feature","id":1518,"geometry":{"type":"Point","coordinates":[135.75385,35.02107]},"properties":{"name":"Kyoto","tier":3,"start_year":1970,"end_year":2025,"fid":1518,"endonym":"京都"}},{"type":"Feature","id":1519,"geometry":{"type":"Point","coordinates":[6.821634,47.097872]},"properties":{"name":"La Chaux de Fonds","tier":3,"start_year":1900,"end_year":1901,"fid":1519,"endonym":"La Chaux-de-Fonds"}},{"type":"Feature","id":1520,"geometry":{"type":"Point","coordinates":[-68.15,-16.5]},"properties":{"name":"La Paz","tier":3,"start_year":1574,"end_year":1976,"fid":1520}},{"type":"Feature","id":1521,"geometry":{"type":"Point","coordinates":[-57.95453,-34.92145]},"properties":{"name":"La Plata","tier":3,"start_year":1900,"end_year":1976,"fid":1521}},{"type":"Feature","id":1522,"geometry":{"type":"Point","coordinates":[-1.15,46.16667]},"properties":{"name":"La Rochelle","tier":3,"start_year":1550,"end_year":1857,"fid":1522}},{"type":"Feature","id":1523,"geometry":{"type":"Point","coordinates":[9.824083,44.10245]},"properties":{"name":"La Spezia","tier":3,"start_year":1900,"end_year":1901,"fid":1523}},{"type":"Feature","id":1524,"geometry":{"type":"Point","coordinates":[3.379206,6.524379]},"properties":{"name":"Lagos","tier":3,"start_year":1900,"end_year":2025,"fid":1524,"endonym":"Èkó"}},{"type":"Feature","id":1525,"geometry":{"type":"Point","coordinates":[74.34361,31.54972]},"properties":{"name":"Lahore","tier":2,"start_year":1100,"end_year":1169,"fid":1525,"endonym":"لاہور"}},{"type":"Feature","id":1526,"geometry":{"type":"Point","coordinates":[74.34361,31.54972]},"properties":{"name":"Lahore","tier":1,"start_year":1169,"end_year":1598,"fid":1526,"endonym":"لاہور"}},{"type":"Feature","id":1527,"geometry":{"type":"Point","coordinates":[74.34361,31.54972]},"properties":{"name":"Lahore","tier":2,"start_year":1598,"end_year":1600,"fid":1527,"endonym":"لاہور"}},{"type":"Feature","id":1528,"geometry":{"type":"Point","coordinates":[74.34361,31.54972]},"properties":{"name":"Lahore","tier":3,"start_year":1600,"end_year":1601,"fid":1528,"endonym":"لاہور"}},{"type":"Feature","id":1529,"geometry":{"type":"Point","coordinates":[74.34361,31.54972]},"properties":{"name":"Lahore","tier":2,"start_year":1601,"end_year":1604,"fid":1529,"endonym":"لاہور"}},{"type":"Feature","id":1530,"geometry":{"type":"Point","coordinates":[74.34361,31.54972]},"properties":{"name":"Lahore","tier":1,"start_year":1604,"end_year":1631,"fid":1530,"endonym":"لاہور"}},{"type":"Feature","id":1531,"geometry":{"type":"Point","coordinates":[74.34361,31.54972]},"properties":{"name":"Lahore","tier":2,"start_year":1631,"end_year":1635,"fid":1531,"endonym":"لاہور"}},{"type":"Feature","id":1532,"geometry":{"type":"Point","coordinates":[74.34361,31.54972]},"properties":{"name":"Lahore","tier":1,"start_year":1635,"end_year":1688,"fid":1532,"endonym":"لاہور"}},{"type":"Feature","id":1533,"geometry":{"type":"Point","coordinates":[74.34361,31.54972]},"properties":{"name":"Lahore","tier":2,"start_year":1688,"end_year":1851,"fid":1533,"endonym":"لاہور"}},{"type":"Feature","id":1534,"geometry":{"type":"Point","coordinates":[74.34361,31.54972]},"properties":{"name":"Lahore","tier":3,"start_year":1851,"end_year":1953,"fid":1534,"endonym":"لاہور"}},{"type":"Feature","id":1535,"geometry":{"type":"Point","coordinates":[74.34361,31.54972]},"properties":{"name":"Lahore","tier":2,"start_year":1953,"end_year":2000,"fid":1535,"endonym":"لاہور"}},{"type":"Feature","id":1536,"geometry":{"type":"Point","coordinates":[74.34361,31.54972]},"properties":{"name":"Lahore","tier":1,"start_year":2000,"end_year":2025,"fid":1536,"endonym":"لاہور"}},{"type":"Feature","id":1537,"geometry":{"type":"Point","coordinates":[75.716929,15.389314]},"properties":{"name":"Lakkundi","tier":3,"start_year":1200,"end_year":1201,"fid":1537,"endonym":"Lakkuṇḍi"}},{"type":"Feature","id":1538,"geometry":{"type":"Point","coordinates":[99.008722,18.574461]},"properties":{"name":"Lamphun","tier":3,"start_year":1900,"end_year":1901,"fid":1538}},{"type":"Feature","id":1539,"geometry":{"type":"Point","coordinates":[-2.83333,54.06667]},"properties":{"name":"Lancaster","tier":3,"start_year":1900,"end_year":1901,"fid":1539}},{"type":"Feature","id":1540,"geometry":{"type":"Point","coordinates":[-76.304444,40.039722]},"properties":{"name":"Lancaster","tier":3,"start_year":1900,"end_year":1901,"fid":1540}},{"type":"Feature","id":1541,"geometry":{"type":"Point","coordinates":[10.898889,48.047778]},"properties":{"name":"Landsberg am Lech","tier":3,"start_year":1900,"end_year":1901,"fid":1541}},{"type":"Feature","id":1542,"geometry":{"type":"Point","coordinates":[103.834304,36.061089]},"properties":{"name":"Lanzhou","tier":2,"start_year":750,"end_year":900,"fid":1542,"endonym":"蘭州"}},{"type":"Feature","id":1543,"geometry":{"type":"Point","coordinates":[103.834304,36.061089]},"properties":{"name":"Lanzhou","tier":3,"start_year":900,"end_year":903,"fid":1543,"endonym":"蘭州"}},{"type":"Feature","id":1544,"geometry":{"type":"Point","coordinates":[103.834304,36.061089]},"properties":{"name":"Lanzhou","tier":2,"start_year":903,"end_year":968,"fid":1544,"endonym":"蘭州"}},{"type":"Feature","id":1545,"geometry":{"type":"Point","coordinates":[103.834304,36.061089]},"properties":{"name":"Lanzhou","tier":3,"start_year":968,"end_year":1778,"fid":1545,"endonym":"蘭州"}},{"type":"Feature","id":1546,"geometry":{"type":"Point","coordinates":[103.834304,36.061089]},"properties":{"name":"Lanzhou","tier":2,"start_year":1778,"end_year":1855,"fid":1546,"endonym":"蘭州"}},{"type":"Feature","id":1547,"geometry":{"type":"Point","coordinates":[103.834304,36.061089]},"properties":{"name":"Lanzhou","tier":3,"start_year":1855,"end_year":1970,"fid":1547,"endonym":"蘭州"}},{"type":"Feature","id":1548,"geometry":{"type":"Point","coordinates":[103.834304,36.061089]},"properties":{"name":"Lanzhou","tier":2,"start_year":1970,"end_year":2025,"fid":1548,"endonym":"蘭州"}},{"type":"Feature","id":1549,"geometry":{"type":"Point","coordinates":[3.61667,49.56667]},"properties":{"name":"Laon","tier":2,"start_year":947,"end_year":1000,"fid":1549}},{"type":"Feature","id":1550,"geometry":{"type":"Point","coordinates":[3.61667,49.56667]},"properties":{"name":"Laon","tier":3,"start_year":1000,"end_year":1001,"fid":1550}},{"type":"Feature","id":1551,"geometry":{"type":"Point","coordinates":[3.61667,49.56667]},"properties":{"name":"Laon","tier":2,"start_year":1001,"end_year":1034,"fid":1551}},{"type":"Feature","id":1552,"geometry":{"type":"Point","coordinates":[3.61667,49.56667]},"properties":{"name":"Laon","tier":3,"start_year":1034,"end_year":1842,"fid":1552}},{"type":"Feature","id":1553,"geometry":{"type":"Point","coordinates":[-15.416667,28.15]},"properties":{"name":"Las Palmas","tier":3,"start_year":1900,"end_year":1901,"fid":1553}},{"type":"Feature","id":1554,"geometry":{"type":"Point","coordinates":[6.63282,46.516]},"properties":{"name":"Lausanne","tier":3,"start_year":1900,"end_year":1901,"fid":1554}},{"type":"Feature","id":1555,"geometry":{"type":"Point","coordinates":[-95.2353,38.9717]},"properties":{"name":"Lawrence","tier":3,"start_year":1900,"end_year":1901,"fid":1555}},{"type":"Feature","id":1556,"geometry":{"type":"Point","coordinates":[0.107931,49.494369]},"properties":{"name":"Le Havre","tier":3,"start_year":1700,"end_year":1901,"fid":1556}},{"type":"Feature","id":1557,"geometry":{"type":"Point","coordinates":[0.199556,48.00611]},"properties":{"name":"Le Mans","tier":3,"start_year":1900,"end_year":1901,"fid":1557}},{"type":"Feature","id":1558,"geometry":{"type":"Point","coordinates":[18.17202,40.35703]},"properties":{"name":"Lecce","tier":3,"start_year":1532,"end_year":1862,"fid":1558}},{"type":"Feature","id":1559,"geometry":{"type":"Point","coordinates":[-1.54785,53.79648]},"properties":{"name":"Leeds","tier":3,"start_year":1771,"end_year":1808,"fid":1559}},{"type":"Feature","id":1560,"geometry":{"type":"Point","coordinates":[-1.54785,53.79648]},"properties":{"name":"Leeds","tier":2,"start_year":1808,"end_year":1936,"fid":1560}},{"type":"Feature","id":1561,"geometry":{"type":"Point","coordinates":[-1.54785,53.79648]},"properties":{"name":"Leeds","tier":3,"start_year":1936,"end_year":1970,"fid":1561}},{"type":"Feature","id":1562,"geometry":{"type":"Point","coordinates":[-1.54785,53.79648]},"properties":{"name":"Leeds","tier":2,"start_year":1970,"end_year":1976,"fid":1562}},{"type":"Feature","id":1563,"geometry":{"type":"Point","coordinates":[10.310579,43.55]},"properties":{"name":"Leghorn","tier":3,"start_year":1563,"end_year":1901,"fid":1563,"endonym":"Livorno"}},{"type":"Feature","id":1564,"geometry":{"type":"Point","coordinates":[16.160278,51.208333]},"properties":{"name":"Legnica","tier":3,"start_year":1900,"end_year":1901,"fid":1564,"endonym":"Liegnitz"}},{"type":"Feature","id":1565,"geometry":{"type":"Point","coordinates":[-1.13169,52.6386]},"properties":{"name":"Leicester","tier":3,"start_year":1801,"end_year":1951,"fid":1565}},{"type":"Feature","id":1566,"geometry":{"type":"Point","coordinates":[4.49306,52.15833]},"properties":{"name":"Leiden","tier":3,"start_year":1502,"end_year":1633,"fid":1566}},{"type":"Feature","id":1567,"geometry":{"type":"Point","coordinates":[4.49306,52.15833]},"properties":{"name":"Leiden","tier":2,"start_year":1633,"end_year":1714,"fid":1567}},{"type":"Feature","id":1568,"geometry":{"type":"Point","coordinates":[4.49306,52.15833]},"properties":{"name":"Leiden","tier":3,"start_year":1714,"end_year":1729,"fid":1568}},{"type":"Feature","id":1569,"geometry":{"type":"Point","coordinates":[4.49306,52.15833]},"properties":{"name":"Leiden","tier":2,"start_year":1729,"end_year":1735,"fid":1569}},{"type":"Feature","id":1570,"geometry":{"type":"Point","coordinates":[4.49306,52.15833]},"properties":{"name":"Leiden","tier":3,"start_year":1735,"end_year":1901,"fid":1570}},{"type":"Feature","id":1571,"geometry":{"type":"Point","coordinates":[12.37129,51.33962]},"properties":{"name":"Leipzig","tier":3,"start_year":1189,"end_year":1860,"fid":1571}},{"type":"Feature","id":1572,"geometry":{"type":"Point","coordinates":[12.37129,51.33962]},"properties":{"name":"Leipzig","tier":2,"start_year":1860,"end_year":1950,"fid":1572}},{"type":"Feature","id":1573,"geometry":{"type":"Point","coordinates":[12.37129,51.33962]},"properties":{"name":"Leipzig","tier":3,"start_year":1950,"end_year":1976,"fid":1573}},{"type":"Feature","id":1574,"geometry":{"type":"Point","coordinates":[-101.672675,21.1292]},"properties":{"name":"Leon","tier":3,"start_year":1900,"end_year":1901,"fid":1574,"endonym":"León"}},{"type":"Feature","id":1575,"geometry":{"type":"Point","coordinates":[-5.57,42.605556]},"properties":{"name":"Leon","tier":2,"start_year":1200,"end_year":1250,"fid":1575,"endonym":"León"}},{"type":"Feature","id":1576,"geometry":{"type":"Point","coordinates":[-5.57,42.605556]},"properties":{"name":"Leon","tier":3,"start_year":1250,"end_year":1901,"fid":1576,"endonym":"León"}},{"type":"Feature","id":1577,"geometry":{"type":"Point","coordinates":[14.29232884,32.63777029]},"properties":{"name":"Leptis","tier":2,"start_year":361,"end_year":362,"fid":1577}},{"type":"Feature","id":1578,"geometry":{"type":"Point","coordinates":[103.765568,29.552106]},"properties":{"name":"Leshan","tier":3,"start_year":1900,"end_year":2025,"fid":1578,"endonym":"乐山"}},{"type":"Feature","id":1579,"geometry":{"type":"Point","coordinates":[-70.1925,44.0975]},"properties":{"name":"Lewiston","tier":3,"start_year":1900,"end_year":1901,"fid":1579}},{"type":"Feature","id":1580,"geometry":{"type":"Point","coordinates":[-84.503716,38.040584]},"properties":{"name":"Lexington","tier":3,"start_year":1900,"end_year":1901,"fid":1580}},{"type":"Feature","id":1581,"geometry":{"type":"Point","coordinates":[91.140749,29.645563]},"properties":{"name":"Lhasa","tier":1,"start_year":765,"end_year":900,"fid":1581,"endonym":"Lha sa"}},{"type":"Feature","id":1582,"geometry":{"type":"Point","coordinates":[91.140749,29.645563]},"properties":{"name":"Lhasa","tier":2,"start_year":900,"end_year":906,"fid":1582,"endonym":"Lha sa"}},{"type":"Feature","id":1583,"geometry":{"type":"Point","coordinates":[91.140749,29.645563]},"properties":{"name":"Lhasa","tier":1,"start_year":906,"end_year":1000,"fid":1583,"endonym":"Lha sa"}},{"type":"Feature","id":1584,"geometry":{"type":"Point","coordinates":[91.140749,29.645563]},"properties":{"name":"Lhasa","tier":2,"start_year":1000,"end_year":1015,"fid":1584,"endonym":"Lha sa"}},{"type":"Feature","id":1585,"geometry":{"type":"Point","coordinates":[91.140749,29.645563]},"properties":{"name":"Lhasa","tier":1,"start_year":1015,"end_year":1203,"fid":1585,"endonym":"Lha sa"}},{"type":"Feature","id":1586,"geometry":{"type":"Point","coordinates":[91.140749,29.645563]},"properties":{"name":"Lhasa","tier":2,"start_year":1203,"end_year":1208,"fid":1586,"endonym":"Lha sa"}},{"type":"Feature","id":1587,"geometry":{"type":"Point","coordinates":[91.140749,29.645563]},"properties":{"name":"Lhasa","tier":1,"start_year":1208,"end_year":1215,"fid":1587,"endonym":"Lha sa"}},{"type":"Feature","id":1588,"geometry":{"type":"Point","coordinates":[91.140749,29.645563]},"properties":{"name":"Lhasa","tier":2,"start_year":1215,"end_year":1259,"fid":1588,"endonym":"Lha sa"}},{"type":"Feature","id":1589,"geometry":{"type":"Point","coordinates":[91.140749,29.645563]},"properties":{"name":"Lhasa","tier":1,"start_year":1259,"end_year":1277,"fid":1589,"endonym":"Lha sa"}},{"type":"Feature","id":1590,"geometry":{"type":"Point","coordinates":[91.140749,29.645563]},"properties":{"name":"Lhasa","tier":2,"start_year":1277,"end_year":1288,"fid":1590,"endonym":"Lha sa"}},{"type":"Feature","id":1591,"geometry":{"type":"Point","coordinates":[91.140749,29.645563]},"properties":{"name":"Lhasa","tier":1,"start_year":1288,"end_year":1297,"fid":1591,"endonym":"Lha sa"}},{"type":"Feature","id":1592,"geometry":{"type":"Point","coordinates":[91.140749,29.645563]},"properties":{"name":"Lhasa","tier":2,"start_year":1297,"end_year":1302,"fid":1592,"endonym":"Lha sa"}},{"type":"Feature","id":1593,"geometry":{"type":"Point","coordinates":[91.140749,29.645563]},"properties":{"name":"Lhasa","tier":1,"start_year":1302,"end_year":1344,"fid":1593,"endonym":"Lha sa"}},{"type":"Feature","id":1594,"geometry":{"type":"Point","coordinates":[91.140749,29.645563]},"properties":{"name":"Lhasa","tier":2,"start_year":1344,"end_year":1350,"fid":1594,"endonym":"Lha sa"}},{"type":"Feature","id":1595,"geometry":{"type":"Point","coordinates":[91.140749,29.645563]},"properties":{"name":"Lhasa","tier":1,"start_year":1350,"end_year":1385,"fid":1595,"endonym":"Lha sa"}},{"type":"Feature","id":1596,"geometry":{"type":"Point","coordinates":[91.140749,29.645563]},"properties":{"name":"Lhasa","tier":2,"start_year":1385,"end_year":1392,"fid":1596,"endonym":"Lha sa"}},{"type":"Feature","id":1597,"geometry":{"type":"Point","coordinates":[91.140749,29.645563]},"properties":{"name":"Lhasa","tier":1,"start_year":1392,"end_year":1395,"fid":1597,"endonym":"Lha sa"}},{"type":"Feature","id":1598,"geometry":{"type":"Point","coordinates":[91.140749,29.645563]},"properties":{"name":"Lhasa","tier":2,"start_year":1395,"end_year":1408,"fid":1598,"endonym":"Lha sa"}},{"type":"Feature","id":1599,"geometry":{"type":"Point","coordinates":[91.140749,29.645563]},"properties":{"name":"Lhasa","tier":1,"start_year":1408,"end_year":1414,"fid":1599,"endonym":"Lha sa"}},{"type":"Feature","id":1600,"geometry":{"type":"Point","coordinates":[91.140749,29.645563]},"properties":{"name":"Lhasa","tier":2,"start_year":1414,"end_year":1416,"fid":1600,"endonym":"Lha sa"}},{"type":"Feature","id":1601,"geometry":{"type":"Point","coordinates":[91.140749,29.645563]},"properties":{"name":"Lhasa","tier":1,"start_year":1416,"end_year":1467,"fid":1601,"endonym":"Lha sa"}},{"type":"Feature","id":1602,"geometry":{"type":"Point","coordinates":[91.140749,29.645563]},"properties":{"name":"Lhasa","tier":2,"start_year":1467,"end_year":1470,"fid":1602,"endonym":"Lha sa"}},{"type":"Feature","id":1603,"geometry":{"type":"Point","coordinates":[91.140749,29.645563]},"properties":{"name":"Lhasa","tier":1,"start_year":1470,"end_year":1499,"fid":1603,"endonym":"Lha sa"}},{"type":"Feature","id":1604,"geometry":{"type":"Point","coordinates":[91.140749,29.645563]},"properties":{"name":"Lhasa","tier":2,"start_year":1499,"end_year":1747,"fid":1604,"endonym":"Lha sa"}},{"type":"Feature","id":1605,"geometry":{"type":"Point","coordinates":[91.140749,29.645563]},"properties":{"name":"Lhasa","tier":3,"start_year":1747,"end_year":1911,"fid":1605,"endonym":"Lha sa"}},{"type":"Feature","id":1606,"geometry":{"type":"Point","coordinates":[121.5,40.5]},"properties":{"name":"Liaotung","tier":2,"start_year":361,"end_year":623,"fid":1606,"endonym":"遼東"}},{"type":"Feature","id":1607,"geometry":{"type":"Point","coordinates":[123.183333,41.266667]},"properties":{"name":"Liaoyang","tier":2,"start_year":928,"end_year":1197,"fid":1607,"endonym":"遼陽"}},{"type":"Feature","id":1608,"geometry":{"type":"Point","coordinates":[123.183333,41.266667]},"properties":{"name":"Liaoyang","tier":3,"start_year":1197,"end_year":1909,"fid":1608,"endonym":"遼陽"}},{"type":"Feature","id":1609,"geometry":{"type":"Point","coordinates":[15.066667,50.716667]},"properties":{"name":"Liberec","tier":3,"start_year":1900,"end_year":1901,"fid":1609,"endonym":"Reichenberg"}},{"type":"Feature","id":1610,"geometry":{"type":"Point","coordinates":[5.56749,50.63373]},"properties":{"name":"Liege","tier":3,"start_year":978,"end_year":1845,"fid":1610,"endonym":"Liège"}},{"type":"Feature","id":1611,"geometry":{"type":"Point","coordinates":[5.56749,50.63373]},"properties":{"name":"Liege","tier":2,"start_year":1845,"end_year":1846,"fid":1611,"endonym":"Liège"}},{"type":"Feature","id":1612,"geometry":{"type":"Point","coordinates":[5.56749,50.63373]},"properties":{"name":"Liege","tier":3,"start_year":1846,"end_year":1851,"fid":1612,"endonym":"Liège"}},{"type":"Feature","id":1613,"geometry":{"type":"Point","coordinates":[5.56749,50.63373]},"properties":{"name":"Liege","tier":2,"start_year":1851,"end_year":1910,"fid":1613,"endonym":"Liège"}},{"type":"Feature","id":1614,"geometry":{"type":"Point","coordinates":[5.56749,50.63373]},"properties":{"name":"Liege","tier":3,"start_year":1910,"end_year":1976,"fid":1614,"endonym":"Liège"}},{"type":"Feature","id":1615,"geometry":{"type":"Point","coordinates":[21.011906,56.505634]},"properties":{"name":"Liepaja","tier":3,"start_year":1900,"end_year":1901,"fid":1615,"endonym":"Libau"}},{"type":"Feature","id":1616,"geometry":{"type":"Point","coordinates":[3.054975,50.628442]},"properties":{"name":"Lille","tier":3,"start_year":1144,"end_year":1651,"fid":1616}},{"type":"Feature","id":1617,"geometry":{"type":"Point","coordinates":[3.054975,50.628442]},"properties":{"name":"Lille","tier":2,"start_year":1651,"end_year":1721,"fid":1617}},{"type":"Feature","id":1618,"geometry":{"type":"Point","coordinates":[3.054975,50.628442]},"properties":{"name":"Lille","tier":3,"start_year":1721,"end_year":1723,"fid":1618}},{"type":"Feature","id":1619,"geometry":{"type":"Point","coordinates":[3.054975,50.628442]},"properties":{"name":"Lille","tier":2,"start_year":1723,"end_year":1727,"fid":1619}},{"type":"Feature","id":1620,"geometry":{"type":"Point","coordinates":[3.054975,50.628442]},"properties":{"name":"Lille","tier":3,"start_year":1727,"end_year":1728,"fid":1620}},{"type":"Feature","id":1621,"geometry":{"type":"Point","coordinates":[3.054975,50.628442]},"properties":{"name":"Lille","tier":2,"start_year":1728,"end_year":1792,"fid":1621}},{"type":"Feature","id":1622,"geometry":{"type":"Point","coordinates":[3.054975,50.628442]},"properties":{"name":"Lille","tier":3,"start_year":1792,"end_year":1817,"fid":1622}},{"type":"Feature","id":1623,"geometry":{"type":"Point","coordinates":[3.054975,50.628442]},"properties":{"name":"Lille","tier":2,"start_year":1817,"end_year":1953,"fid":1623}},{"type":"Feature","id":1624,"geometry":{"type":"Point","coordinates":[3.054975,50.628442]},"properties":{"name":"Lille","tier":3,"start_year":1953,"end_year":1976,"fid":1624}},{"type":"Feature","id":1625,"geometry":{"type":"Point","coordinates":[-77.02824,-12.04318]},"properties":{"name":"Lima","tier":3,"start_year":1599,"end_year":1912,"fid":1625}},{"type":"Feature","id":1626,"geometry":{"type":"Point","coordinates":[-77.02824,-12.04318]},"properties":{"name":"Lima","tier":2,"start_year":1912,"end_year":2000,"fid":1626}},{"type":"Feature","id":1627,"geometry":{"type":"Point","coordinates":[-77.02824,-12.04318]},"properties":{"name":"Lima","tier":1,"start_year":2000,"end_year":2025,"fid":1627}},{"type":"Feature","id":1628,"geometry":{"type":"Point","coordinates":[-8.630497,52.6653]},"properties":{"name":"Limerick","tier":3,"start_year":1584,"end_year":1901,"fid":1628,"endonym":"Luimneach"}},{"type":"Feature","id":1629,"geometry":{"type":"Point","coordinates":[1.2578,45.83153]},"properties":{"name":"Limoges","tier":3,"start_year":1250,"end_year":1907,"fid":1629}},{"type":"Feature","id":1630,"geometry":{"type":"Point","coordinates":[-0.540583,53.230689]},"properties":{"name":"Lincoln","tier":3,"start_year":1900,"end_year":1901,"fid":1630}},{"type":"Feature","id":1631,"geometry":{"type":"Point","coordinates":[-96.685198,40.825763]},"properties":{"name":"Lincoln","tier":3,"start_year":1900,"end_year":1901,"fid":1631}},{"type":"Feature","id":1632,"geometry":{"type":"Point","coordinates":[115.706111,36.849444]},"properties":{"name":"Linqing","tier":3,"start_year":1900,"end_year":1954,"fid":1632,"endonym":"臨清"}},{"type":"Feature","id":1633,"geometry":{"type":"Point","coordinates":[14.28611,48.30639]},"properties":{"name":"Linz","tier":3,"start_year":1900,"end_year":1901,"fid":1633}},{"type":"Feature","id":1634,"geometry":{"type":"Point","coordinates":[-9.13333,38.71667]},"properties":{"name":"Lisbon","tier":2,"start_year":700,"end_year":900,"fid":1634,"endonym":"Lisboa"}},{"type":"Feature","id":1635,"geometry":{"type":"Point","coordinates":[-9.13333,38.71667]},"properties":{"name":"Lisbon","tier":3,"start_year":900,"end_year":903,"fid":1635,"endonym":"Lisboa"}},{"type":"Feature","id":1636,"geometry":{"type":"Point","coordinates":[-9.13333,38.71667]},"properties":{"name":"Lisbon","tier":2,"start_year":903,"end_year":927,"fid":1636,"endonym":"Lisboa"}},{"type":"Feature","id":1637,"geometry":{"type":"Point","coordinates":[-9.13333,38.71667]},"properties":{"name":"Lisbon","tier":3,"start_year":927,"end_year":1325,"fid":1637,"endonym":"Lisboa"}},{"type":"Feature","id":1638,"geometry":{"type":"Point","coordinates":[-9.13333,38.71667]},"properties":{"name":"Lisbon","tier":2,"start_year":1325,"end_year":1628,"fid":1638,"endonym":"Lisboa"}},{"type":"Feature","id":1639,"geometry":{"type":"Point","coordinates":[-9.13333,38.71667]},"properties":{"name":"Lisbon","tier":1,"start_year":1628,"end_year":1840,"fid":1639,"endonym":"Lisboa"}},{"type":"Feature","id":1640,"geometry":{"type":"Point","coordinates":[-9.13333,38.71667]},"properties":{"name":"Lisbon","tier":2,"start_year":1840,"end_year":1847,"fid":1640,"endonym":"Lisboa"}},{"type":"Feature","id":1641,"geometry":{"type":"Point","coordinates":[-9.13333,38.71667]},"properties":{"name":"Lisbon","tier":1,"start_year":1847,"end_year":1848,"fid":1641,"endonym":"Lisboa"}},{"type":"Feature","id":1642,"geometry":{"type":"Point","coordinates":[-9.13333,38.71667]},"properties":{"name":"Lisbon","tier":2,"start_year":1848,"end_year":1976,"fid":1642,"endonym":"Lisboa"}},{"type":"Feature","id":1643,"geometry":{"type":"Point","coordinates":[-92.28959,34.74648]},"properties":{"name":"Little Rock","tier":3,"start_year":1900,"end_year":1901,"fid":1643}},{"type":"Feature","id":1644,"geometry":{"type":"Point","coordinates":[-2.991572,53.408372]},"properties":{"name":"Liverpool","tier":3,"start_year":1700,"end_year":1791,"fid":1644}},{"type":"Feature","id":1645,"geometry":{"type":"Point","coordinates":[-2.991572,53.408372]},"properties":{"name":"Liverpool","tier":2,"start_year":1791,"end_year":1829,"fid":1645}},{"type":"Feature","id":1646,"geometry":{"type":"Point","coordinates":[-2.991572,53.408372]},"properties":{"name":"Liverpool","tier":1,"start_year":1829,"end_year":1931,"fid":1646}},{"type":"Feature","id":1647,"geometry":{"type":"Point","coordinates":[-2.991572,53.408372]},"properties":{"name":"Liverpool","tier":2,"start_year":1931,"end_year":1976,"fid":1647}},{"type":"Feature","id":1648,"geometry":{"type":"Point","coordinates":[14.508064,46.056456]},"properties":{"name":"Ljubljana","tier":3,"start_year":1900,"end_year":1901,"fid":1648}},{"type":"Feature","id":1649,"geometry":{"type":"Point","coordinates":[11.835006,-4.630225]},"properties":{"name":"Loango","tier":3,"start_year":1700,"end_year":1701,"fid":1649,"endonym":"Mbansa Loango"}},{"type":"Feature","id":1650,"geometry":{"type":"Point","coordinates":[19.46667,51.75]},"properties":{"name":"Lodz","tier":2,"start_year":1900,"end_year":1953,"fid":1650,"endonym":"Łódź"}},{"type":"Feature","id":1651,"geometry":{"type":"Point","coordinates":[19.46667,51.75]},"properties":{"name":"Lodz","tier":3,"start_year":1953,"end_year":1976,"fid":1651,"endonym":"Łódź"}},{"type":"Feature","id":1652,"geometry":{"type":"Point","coordinates":[-0.119825,51.511214]},"properties":{"name":"London","tier":2,"start_year":-100,"end_year":1565,"fid":1652,"endonym":"Londinium"}},{"type":"Feature","id":1653,"geometry":{"type":"Point","coordinates":[-0.119825,51.511214]},"properties":{"name":"London","tier":1,"start_year":1565,"end_year":2025,"fid":1653,"endonym":"Londinium"}},{"type":"Feature","id":1654,"geometry":{"type":"Point","coordinates":[-81.23304,42.98339]},"properties":{"name":"London","tier":3,"start_year":1900,"end_year":1901,"fid":1654,"endonym":"Londinium"}},{"type":"Feature","id":1655,"geometry":{"type":"Point","coordinates":[-71.37395,42.86509]},"properties":{"name":"Londonderry","tier":3,"start_year":1900,"end_year":1901,"fid":1655}},{"type":"Feature","id":1656,"geometry":{"type":"Point","coordinates":[-1.7017,37.67119]},"properties":{"name":"Lorca","tier":3,"start_year":1800,"end_year":1901,"fid":1656}},{"type":"Feature","id":1657,"geometry":{"type":"Point","coordinates":[-3.36667,47.75]},"properties":{"name":"Lorient","tier":3,"start_year":1900,"end_year":1901,"fid":1657}},{"type":"Feature","id":1658,"geometry":{"type":"Point","coordinates":[-118.243685,34.052234]},"properties":{"name":"Los Angeles","tier":3,"start_year":1900,"end_year":1907,"fid":1658}},{"type":"Feature","id":1659,"geometry":{"type":"Point","coordinates":[-118.243685,34.052234]},"properties":{"name":"Los Angeles","tier":2,"start_year":1907,"end_year":1922,"fid":1659}},{"type":"Feature","id":1660,"geometry":{"type":"Point","coordinates":[-118.243685,34.052234]},"properties":{"name":"Los Angeles","tier":1,"start_year":1922,"end_year":2000,"fid":1660}},{"type":"Feature","id":1661,"geometry":{"type":"Point","coordinates":[-118.243685,34.052234]},"properties":{"name":"Los Angeles","tier":2,"start_year":2000,"end_year":2025,"fid":1661}},{"type":"Feature","id":1662,"geometry":{"type":"Point","coordinates":[-85.758367,38.252563]},"properties":{"name":"Louisville","tier":3,"start_year":1800,"end_year":1888,"fid":1662}},{"type":"Feature","id":1663,"geometry":{"type":"Point","coordinates":[-85.758367,38.252563]},"properties":{"name":"Louisville","tier":2,"start_year":1888,"end_year":1900,"fid":1663}},{"type":"Feature","id":1664,"geometry":{"type":"Point","coordinates":[-85.758367,38.252563]},"properties":{"name":"Louisville","tier":3,"start_year":1900,"end_year":1976,"fid":1664}},{"type":"Feature","id":1665,"geometry":{"type":"Point","coordinates":[4.704328,50.877572]},"properties":{"name":"Louveigne","tier":3,"start_year":1200,"end_year":1901,"fid":1665}},{"type":"Feature","id":1666,"geometry":{"type":"Point","coordinates":[-71.316172,42.633425]},"properties":{"name":"Lowell","tier":3,"start_year":1900,"end_year":1901,"fid":1666}},{"type":"Feature","id":1667,"geometry":{"type":"Point","coordinates":[13.23444,-8.838333]},"properties":{"name":"Luanda","tier":3,"start_year":1600,"end_year":1976,"fid":1667,"endonym":"São Paulo de Loanda"}},{"type":"Feature","id":1668,"geometry":{"type":"Point","coordinates":[102.141633,19.884111]},"properties":{"name":"Luang Prabang","tier":2,"start_year":1400,"end_year":1482,"fid":1668,"endonym":"Luang Phrabang"}},{"type":"Feature","id":1669,"geometry":{"type":"Point","coordinates":[102.141633,19.884111]},"properties":{"name":"Luang Prabang","tier":3,"start_year":1482,"end_year":1871,"fid":1669,"endonym":"Luang Phrabang"}},{"type":"Feature","id":1670,"geometry":{"type":"Point","coordinates":[10.687097,53.865886]},"properties":{"name":"Lubeck","tier":3,"start_year":1227,"end_year":1951,"fid":1670,"endonym":"Lübeck"}},{"type":"Feature","id":1671,"geometry":{"type":"Point","coordinates":[22.56667,51.25]},"properties":{"name":"Lublin","tier":3,"start_year":1900,"end_year":1901,"fid":1671}},{"type":"Feature","id":1672,"geometry":{"type":"Point","coordinates":[10.50585,43.84357]},"properties":{"name":"Lucca","tier":3,"start_year":1200,"end_year":1901,"fid":1672}},{"type":"Feature","id":1673,"geometry":{"type":"Point","coordinates":[113.216667,36.316667]},"properties":{"name":"Lucheng","tier":1,"start_year":-430,"end_year":-429,"fid":1673,"endonym":"潞城"}},{"type":"Feature","id":1674,"geometry":{"type":"Point","coordinates":[80.92313,26.83928]},"properties":{"name":"Lucknow","tier":3,"start_year":1750,"end_year":1752,"fid":1674,"endonym":"لکھنؤ"}},{"type":"Feature","id":1675,"geometry":{"type":"Point","coordinates":[80.92313,26.83928]},"properties":{"name":"Lucknow","tier":2,"start_year":1752,"end_year":1777,"fid":1675,"endonym":"لکھنؤ"}},{"type":"Feature","id":1676,"geometry":{"type":"Point","coordinates":[80.92313,26.83928]},"properties":{"name":"Lucknow","tier":1,"start_year":1777,"end_year":1859,"fid":1676,"endonym":"لکھنؤ"}},{"type":"Feature","id":1677,"geometry":{"type":"Point","coordinates":[80.92313,26.83928]},"properties":{"name":"Lucknow","tier":2,"start_year":1859,"end_year":1860,"fid":1677,"endonym":"لکھنؤ"}},{"type":"Feature","id":1678,"geometry":{"type":"Point","coordinates":[80.92313,26.83928]},"properties":{"name":"Lucknow","tier":1,"start_year":1860,"end_year":1861,"fid":1678,"endonym":"لکھنؤ"}},{"type":"Feature","id":1679,"geometry":{"type":"Point","coordinates":[80.92313,26.83928]},"properties":{"name":"Lucknow","tier":2,"start_year":1861,"end_year":1905,"fid":1679,"endonym":"لکھنؤ"}},{"type":"Feature","id":1680,"geometry":{"type":"Point","coordinates":[80.92313,26.83928]},"properties":{"name":"Lucknow","tier":3,"start_year":1905,"end_year":2000,"fid":1680,"endonym":"لکھنؤ"}},{"type":"Feature","id":1681,"geometry":{"type":"Point","coordinates":[80.92313,26.83928]},"properties":{"name":"Lucknow","tier":2,"start_year":2000,"end_year":2025,"fid":1681,"endonym":"لکھنؤ"}},{"type":"Feature","id":1682,"geometry":{"type":"Point","coordinates":[75.85229,30.90015]},"properties":{"name":"Ludhiana","tier":3,"start_year":1850,"end_year":2025,"fid":1682,"endonym":"Ludhiāṇā"}},{"type":"Feature","id":1683,"geometry":{"type":"Point","coordinates":[8.44518,49.47741]},"properties":{"name":"Ludwigshafen","tier":3,"start_year":1900,"end_year":1901,"fid":1683}},{"type":"Feature","id":1684,"geometry":{"type":"Point","coordinates":[39.307827,48.57404]},"properties":{"name":"Lugansk","tier":3,"start_year":1950,"end_year":1951,"fid":1684,"endonym":"Луганськ"}},{"type":"Feature","id":1685,"geometry":{"type":"Point","coordinates":[112.442222,34.669722]},"properties":{"name":"Luoyang","tier":1,"start_year":-1000,"end_year":978,"fid":1685,"endonym":"洛陽"}},{"type":"Feature","id":1686,"geometry":{"type":"Point","coordinates":[112.442222,34.669722]},"properties":{"name":"Luoyang","tier":2,"start_year":978,"end_year":1450,"fid":1686,"endonym":"洛陽"}},{"type":"Feature","id":1687,"geometry":{"type":"Point","coordinates":[112.442222,34.669722]},"properties":{"name":"Luoyang","tier":3,"start_year":1450,"end_year":1455,"fid":1687,"endonym":"洛陽"}},{"type":"Feature","id":1688,"geometry":{"type":"Point","coordinates":[112.442222,34.669722]},"properties":{"name":"Luoyang","tier":2,"start_year":1455,"end_year":1458,"fid":1688,"endonym":"洛陽"}},{"type":"Feature","id":1689,"geometry":{"type":"Point","coordinates":[112.442222,34.669722]},"properties":{"name":"Luoyang","tier":3,"start_year":1458,"end_year":1492,"fid":1689,"endonym":"洛陽"}},{"type":"Feature","id":1690,"geometry":{"type":"Point","coordinates":[112.442222,34.669722]},"properties":{"name":"Luoyang","tier":2,"start_year":1492,"end_year":1500,"fid":1690,"endonym":"洛陽"}},{"type":"Feature","id":1691,"geometry":{"type":"Point","coordinates":[112.442222,34.669722]},"properties":{"name":"Luoyang","tier":3,"start_year":1500,"end_year":2025,"fid":1691,"endonym":"洛陽"}},{"type":"Feature","id":1692,"geometry":{"type":"Point","coordinates":[28.28713,-15.40669]},"properties":{"name":"Lusaka","tier":3,"start_year":1975,"end_year":2025,"fid":1692}},{"type":"Feature","id":1693,"geometry":{"type":"Point","coordinates":[-0.41748,51.87967]},"properties":{"name":"Luton","tier":3,"start_year":1900,"end_year":1901,"fid":1693}},{"type":"Feature","id":1694,"geometry":{"type":"Point","coordinates":[24.029717,49.839683]},"properties":{"name":"Lvov","tier":3,"start_year":1600,"end_year":1976,"fid":1694,"endonym":"Lwów"}},{"type":"Feature","id":1695,"geometry":{"type":"Point","coordinates":[4.84671,45.74846]},"properties":{"name":"Lyon","tier":2,"start_year":-100,"end_year":900,"fid":1695}},{"type":"Feature","id":1696,"geometry":{"type":"Point","coordinates":[4.84671,45.74846]},"properties":{"name":"Lyon","tier":3,"start_year":900,"end_year":903,"fid":1696}},{"type":"Feature","id":1697,"geometry":{"type":"Point","coordinates":[4.84671,45.74846]},"properties":{"name":"Lyon","tier":2,"start_year":903,"end_year":928,"fid":1697}},{"type":"Feature","id":1698,"geometry":{"type":"Point","coordinates":[4.84671,45.74846]},"properties":{"name":"Lyon","tier":3,"start_year":928,"end_year":1506,"fid":1698}},{"type":"Feature","id":1699,"geometry":{"type":"Point","coordinates":[4.84671,45.74846]},"properties":{"name":"Lyon","tier":2,"start_year":1506,"end_year":1569,"fid":1699}},{"type":"Feature","id":1700,"geometry":{"type":"Point","coordinates":[4.84671,45.74846]},"properties":{"name":"Lyon","tier":3,"start_year":1569,"end_year":1641,"fid":1700}},{"type":"Feature","id":1701,"geometry":{"type":"Point","coordinates":[4.84671,45.74846]},"properties":{"name":"Lyon","tier":2,"start_year":1641,"end_year":1773,"fid":1701}},{"type":"Feature","id":1702,"geometry":{"type":"Point","coordinates":[4.84671,45.74846]},"properties":{"name":"Lyon","tier":1,"start_year":1773,"end_year":1777,"fid":1702}},{"type":"Feature","id":1703,"geometry":{"type":"Point","coordinates":[4.84671,45.74846]},"properties":{"name":"Lyon","tier":2,"start_year":1777,"end_year":1868,"fid":1703}},{"type":"Feature","id":1704,"geometry":{"type":"Point","coordinates":[4.84671,45.74846]},"properties":{"name":"Lyon","tier":1,"start_year":1868,"end_year":1876,"fid":1704}},{"type":"Feature","id":1705,"geometry":{"type":"Point","coordinates":[4.84671,45.74846]},"properties":{"name":"Lyon","tier":2,"start_year":1876,"end_year":1950,"fid":1705}},{"type":"Feature","id":1706,"geometry":{"type":"Point","coordinates":[4.84671,45.74846]},"properties":{"name":"Lyon","tier":3,"start_year":1950,"end_year":1976,"fid":1706}},{"type":"Feature","id":1707,"geometry":{"type":"Point","coordinates":[5.68889,50.84833]},"properties":{"name":"Maastricht","tier":3,"start_year":1900,"end_year":1901,"fid":1707}},{"type":"Feature","id":1708,"geometry":{"type":"Point","coordinates":[113.55,22.1667]},"properties":{"name":"Macao","tier":3,"start_year":1635,"end_year":1901,"fid":1708,"endonym":"澳門"}},{"type":"Feature","id":1709,"geometry":{"type":"Point","coordinates":[-2.119287,53.258663]},"properties":{"name":"Macclesfield","tier":3,"start_year":1900,"end_year":1901,"fid":1709}},{"type":"Feature","id":1710,"geometry":{"type":"Point","coordinates":[-35.73528,-9.66583]},"properties":{"name":"Maceio","tier":3,"start_year":1900,"end_year":1901,"fid":1710,"endonym":"Maceió"}},{"type":"Feature","id":1711,"geometry":{"type":"Point","coordinates":[11.628878,52.130808]},"properties":{"name":"Magdeburg","tier":3,"start_year":1300,"end_year":1891,"fid":1711}},{"type":"Feature","id":1712,"geometry":{"type":"Point","coordinates":[11.628878,52.130808]},"properties":{"name":"Magdeburg","tier":2,"start_year":1891,"end_year":1900,"fid":1712}},{"type":"Feature","id":1713,"geometry":{"type":"Point","coordinates":[11.628878,52.130808]},"properties":{"name":"Magdeburg","tier":3,"start_year":1900,"end_year":1951,"fid":1713}},{"type":"Feature","id":3478,"geometry":{"type":"Point","coordinates":[80.27847,13.08784]},"properties":{"name":"Madras","tier":3,"start_year":1650,"end_year":1745,"fid":3478,"endonym":"Ceṉṉai"}},{"type":"Feature","id":3479,"geometry":{"type":"Point","coordinates":[80.27847,13.08784]},"properties":{"name":"Madras","tier":2,"start_year":1745,"end_year":1837,"fid":3479,"endonym":"Ceṉṉai"}},{"type":"Feature","id":3480,"geometry":{"type":"Point","coordinates":[80.27847,13.08784]},"properties":{"name":"Madras","tier":1,"start_year":1837,"end_year":1884,"fid":3480,"endonym":"Ceṉṉai"}},{"type":"Feature","id":3481,"geometry":{"type":"Point","coordinates":[80.27847,13.08784]},"properties":{"name":"Madras","tier":2,"start_year":1884,"end_year":1996,"fid":3481,"endonym":"Ceṉṉai"}},{"type":"Feature","id":3482,"geometry":{"type":"Point","coordinates":[80.27847,13.08784]},"properties":{"name":"Chennai","tier":2,"start_year":1996,"end_year":2025,"fid":3482,"endonym":"Cennai"}},{"type":"Feature","id":1718,"geometry":{"type":"Point","coordinates":[-3.703789,40.416775]},"properties":{"name":"Madrid","tier":3,"start_year":1530,"end_year":1575,"fid":1718}},{"type":"Feature","id":1719,"geometry":{"type":"Point","coordinates":[-3.703789,40.416775]},"properties":{"name":"Madrid","tier":2,"start_year":1575,"end_year":1655,"fid":1719}},{"type":"Feature","id":1720,"geometry":{"type":"Point","coordinates":[-3.703789,40.416775]},"properties":{"name":"Madrid","tier":1,"start_year":1655,"end_year":1657,"fid":1720}},{"type":"Feature","id":1721,"geometry":{"type":"Point","coordinates":[-3.703789,40.416775]},"properties":{"name":"Madrid","tier":2,"start_year":1657,"end_year":1785,"fid":1721}},{"type":"Feature","id":1722,"geometry":{"type":"Point","coordinates":[-3.703789,40.416775]},"properties":{"name":"Madrid","tier":1,"start_year":1785,"end_year":1786,"fid":1722}},{"type":"Feature","id":1723,"geometry":{"type":"Point","coordinates":[-3.703789,40.416775]},"properties":{"name":"Madrid","tier":2,"start_year":1786,"end_year":1788,"fid":1723}},{"type":"Feature","id":1724,"geometry":{"type":"Point","coordinates":[-3.703789,40.416775]},"properties":{"name":"Madrid","tier":1,"start_year":1788,"end_year":1830,"fid":1724}},{"type":"Feature","id":1725,"geometry":{"type":"Point","coordinates":[-3.703789,40.416775]},"properties":{"name":"Madrid","tier":2,"start_year":1830,"end_year":1864,"fid":1725}},{"type":"Feature","id":1726,"geometry":{"type":"Point","coordinates":[-3.703789,40.416775]},"properties":{"name":"Madrid","tier":1,"start_year":1864,"end_year":1880,"fid":1726}},{"type":"Feature","id":1727,"geometry":{"type":"Point","coordinates":[-3.703789,40.416775]},"properties":{"name":"Madrid","tier":2,"start_year":1880,"end_year":1881,"fid":1727}},{"type":"Feature","id":1728,"geometry":{"type":"Point","coordinates":[-3.703789,40.416775]},"properties":{"name":"Madrid","tier":1,"start_year":1881,"end_year":1882,"fid":1728}},{"type":"Feature","id":1729,"geometry":{"type":"Point","coordinates":[-3.703789,40.416775]},"properties":{"name":"Madrid","tier":2,"start_year":1882,"end_year":2025,"fid":1729}},{"type":"Feature","id":1730,"geometry":{"type":"Point","coordinates":[78.11962,9.91735]},"properties":{"name":"Madurai","tier":2,"start_year":100,"end_year":361,"fid":1730}},{"type":"Feature","id":1731,"geometry":{"type":"Point","coordinates":[78.11962,9.91735]},"properties":{"name":"Madurai","tier":1,"start_year":361,"end_year":622,"fid":1731}},{"type":"Feature","id":1732,"geometry":{"type":"Point","coordinates":[78.11962,9.91735]},"properties":{"name":"Madurai","tier":2,"start_year":622,"end_year":627,"fid":1732}},{"type":"Feature","id":1733,"geometry":{"type":"Point","coordinates":[78.11962,9.91735]},"properties":{"name":"Madurai","tier":1,"start_year":627,"end_year":757,"fid":1733}},{"type":"Feature","id":1734,"geometry":{"type":"Point","coordinates":[78.11962,9.91735]},"properties":{"name":"Madurai","tier":2,"start_year":757,"end_year":1337,"fid":1734}},{"type":"Feature","id":1735,"geometry":{"type":"Point","coordinates":[78.11962,9.91735]},"properties":{"name":"Madurai","tier":3,"start_year":1337,"end_year":1468,"fid":1735}},{"type":"Feature","id":1736,"geometry":{"type":"Point","coordinates":[78.11962,9.91735]},"properties":{"name":"Madurai","tier":2,"start_year":1468,"end_year":1539,"fid":1736}},{"type":"Feature","id":1737,"geometry":{"type":"Point","coordinates":[78.11962,9.91735]},"properties":{"name":"Madurai","tier":3,"start_year":1539,"end_year":1552,"fid":1737}},{"type":"Feature","id":1738,"geometry":{"type":"Point","coordinates":[78.11962,9.91735]},"properties":{"name":"Madurai","tier":2,"start_year":1552,"end_year":1601,"fid":1738}},{"type":"Feature","id":1739,"geometry":{"type":"Point","coordinates":[78.11962,9.91735]},"properties":{"name":"Madurai","tier":3,"start_year":1601,"end_year":1976,"fid":1739}},{"type":"Feature","id":1740,"geometry":{"type":"Point","coordinates":[139.063428,36.389482]},"properties":{"name":"Maebashi","tier":3,"start_year":1900,"end_year":1901,"fid":1740,"endonym":"前橋"}},{"type":"Feature","id":1741,"geometry":{"type":"Point","coordinates":[59.04722,53.41861]},"properties":{"name":"Magnitogorsk","tier":3,"start_year":1950,"end_year":1951,"fid":1741,"endonym":"Магнитогорск"}},{"type":"Feature","id":1742,"geometry":{"type":"Point","coordinates":[11.06222,35.50472]},"properties":{"name":"Mahdia","tier":3,"start_year":1850,"end_year":1851,"fid":1742,"endonym":"المهدية"}},{"type":"Feature","id":1743,"geometry":{"type":"Point","coordinates":[75.58715,22.17592]},"properties":{"name":"Maheshwar","tier":3,"start_year":1800,"end_year":1902,"fid":1743,"endonym":"Maheśvar"}},{"type":"Feature","id":1744,"geometry":{"type":"Point","coordinates":[79.87231,25.29222]},"properties":{"name":"Mahoba","tier":3,"start_year":1872,"end_year":1873,"fid":1744,"endonym":"Mahobā"}},{"type":"Feature","id":1745,"geometry":{"type":"Point","coordinates":[0.51667,51.26667]},"properties":{"name":"Maidstone","tier":3,"start_year":1900,"end_year":1901,"fid":1745}},{"type":"Feature","id":1746,"geometry":{"type":"Point","coordinates":[8.2791,49.98419]},"properties":{"name":"Mainz","tier":3,"start_year":1000,"end_year":1001,"fid":1746}},{"type":"Feature","id":1747,"geometry":{"type":"Point","coordinates":[8.2791,49.98419]},"properties":{"name":"Mainz","tier":2,"start_year":1001,"end_year":1050,"fid":1747}},{"type":"Feature","id":1748,"geometry":{"type":"Point","coordinates":[8.2791,49.98419]},"properties":{"name":"Mainz","tier":3,"start_year":1050,"end_year":1853,"fid":1748}},{"type":"Feature","id":1749,"geometry":{"type":"Point","coordinates":[113.667019,-8.18947]},"properties":{"name":"Majapahit","tier":2,"start_year":1300,"end_year":1353,"fid":1749}},{"type":"Feature","id":1750,"geometry":{"type":"Point","coordinates":[113.667019,-8.18947]},"properties":{"name":"Majapahit","tier":3,"start_year":1353,"end_year":1401,"fid":1750}},{"type":"Feature","id":1751,"geometry":{"type":"Point","coordinates":[119.4221,-5.14]},"properties":{"name":"Makassar","tier":3,"start_year":1950,"end_year":1976,"fid":1751}},{"type":"Feature","id":1752,"geometry":{"type":"Point","coordinates":[20.48333,46.21667]},"properties":{"name":"Mako","tier":3,"start_year":1900,"end_year":1901,"fid":1752,"endonym":"Makó"}},{"type":"Feature","id":1753,"geometry":{"type":"Point","coordinates":[-4.421267,36.721261]},"properties":{"name":"Malaga","tier":3,"start_year":1100,"end_year":1951,"fid":1753,"endonym":"Málaga"}},{"type":"Feature","id":1754,"geometry":{"type":"Point","coordinates":[112.6304,-7.9797]},"properties":{"name":"Malang","tier":3,"start_year":1950,"end_year":1951,"fid":1754}},{"type":"Feature","id":1755,"geometry":{"type":"Point","coordinates":[38.31667,38.35018]},"properties":{"name":"Malatya","tier":3,"start_year":1900,"end_year":1901,"fid":1755,"endonym":"ملاطية"}},{"type":"Feature","id":1756,"geometry":{"type":"Point","coordinates":[-8,11]},"properties":{"name":"Mali","tier":2,"start_year":1300,"end_year":1480,"fid":1756,"endonym":"مالي"}},{"type":"Feature","id":1757,"geometry":{"type":"Point","coordinates":[-8,11]},"properties":{"name":"Mali","tier":3,"start_year":1480,"end_year":1516,"fid":1757,"endonym":"مالي"}},{"type":"Feature","id":1758,"geometry":{"type":"Point","coordinates":[13.003822,55.604981]},"properties":{"name":"Malmo","tier":3,"start_year":1900,"end_year":1901,"fid":1758,"endonym":"Malmö"}},{"type":"Feature","id":1759,"geometry":{"type":"Point","coordinates":[-86.2504,12.13282]},"properties":{"name":"Managua","tier":3,"start_year":1975,"end_year":1976,"fid":1759}},{"type":"Feature","id":1760,"geometry":{"type":"Point","coordinates":[-60.025,-3.10194]},"properties":{"name":"Manaus","tier":3,"start_year":1900,"end_year":1947,"fid":1760}},{"type":"Feature","id":1761,"geometry":{"type":"Point","coordinates":[-60.025,-3.10194]},"properties":{"name":"Manaus","tier":2,"start_year":1947,"end_year":1953,"fid":1761}},{"type":"Feature","id":1762,"geometry":{"type":"Point","coordinates":[-60.025,-3.10194]},"properties":{"name":"Manaus","tier":3,"start_year":1953,"end_year":2025,"fid":1762}},{"type":"Feature","id":1763,"geometry":{"type":"Point","coordinates":[-2.23743,53.48095]},"properties":{"name":"Manchester","tier":3,"start_year":1588,"end_year":1790,"fid":1763}},{"type":"Feature","id":1764,"geometry":{"type":"Point","coordinates":[-2.23743,53.48095]},"properties":{"name":"Manchester","tier":2,"start_year":1790,"end_year":1827,"fid":1764}},{"type":"Feature","id":1765,"geometry":{"type":"Point","coordinates":[-2.23743,53.48095]},"properties":{"name":"Manchester","tier":1,"start_year":1827,"end_year":1970,"fid":1765}},{"type":"Feature","id":1766,"geometry":{"type":"Point","coordinates":[-2.23743,53.48095]},"properties":{"name":"Manchester","tier":2,"start_year":1970,"end_year":1976,"fid":1766}},{"type":"Feature","id":1767,"geometry":{"type":"Point","coordinates":[96.08359,21.97473]},"properties":{"name":"Mandalay","tier":2,"start_year":1875,"end_year":1889,"fid":1767}},{"type":"Feature","id":1768,"geometry":{"type":"Point","coordinates":[96.08359,21.97473]},"properties":{"name":"Mandalay","tier":3,"start_year":1889,"end_year":1901,"fid":1768}},{"type":"Feature","id":1769,"geometry":{"type":"Point","coordinates":[75.38333,22.36667]},"properties":{"name":"Mandu","tier":2,"start_year":1450,"end_year":1467,"fid":1769,"endonym":"شادیاباد"}},{"type":"Feature","id":1770,"geometry":{"type":"Point","coordinates":[75.38333,22.36667]},"properties":{"name":"Mandu","tier":1,"start_year":1467,"end_year":1473,"fid":1770,"endonym":"شادیاباد"}},{"type":"Feature","id":1771,"geometry":{"type":"Point","coordinates":[75.38333,22.36667]},"properties":{"name":"Mandu","tier":2,"start_year":1473,"end_year":1580,"fid":1771,"endonym":"شادیاباد"}},{"type":"Feature","id":1772,"geometry":{"type":"Point","coordinates":[75.38333,22.36667]},"properties":{"name":"Mandu","tier":3,"start_year":1580,"end_year":1629,"fid":1772,"endonym":"شادیاباد"}},{"type":"Feature","id":1773,"geometry":{"type":"Point","coordinates":[69.35238,22.83282]},"properties":{"name":"Mandvi","tier":3,"start_year":1800,"end_year":1801,"fid":1773,"endonym":"Maṇḍvī"}},{"type":"Feature","id":1774,"geometry":{"type":"Point","coordinates":[74.85603,12.91723]},"properties":{"name":"Mangalore","tier":3,"start_year":1900,"end_year":1901,"fid":1774,"endonym":"Maṅgaḷūru"}},{"type":"Feature","id":1775,"geometry":{"type":"Point","coordinates":[-89.407156,20.393381]},"properties":{"name":"Mani","tier":3,"start_year":1500,"end_year":1529,"fid":1775,"endonym":"Μάνη"}},{"type":"Feature","id":1776,"geometry":{"type":"Point","coordinates":[121,14.58]},"properties":{"name":"Manila","tier":3,"start_year":1571,"end_year":1772,"fid":1776,"endonym":"Maynila"}},{"type":"Feature","id":1777,"geometry":{"type":"Point","coordinates":[121,14.58]},"properties":{"name":"Manila","tier":2,"start_year":1772,"end_year":1867,"fid":1777,"endonym":"Maynila"}},{"type":"Feature","id":1778,"geometry":{"type":"Point","coordinates":[121,14.58]},"properties":{"name":"Manila","tier":3,"start_year":1867,"end_year":1928,"fid":1778,"endonym":"Maynila"}},{"type":"Feature","id":1779,"geometry":{"type":"Point","coordinates":[121,14.58]},"properties":{"name":"Manila","tier":2,"start_year":1928,"end_year":1970,"fid":1779,"endonym":"Maynila"}},{"type":"Feature","id":1780,"geometry":{"type":"Point","coordinates":[121,14.58]},"properties":{"name":"Manila","tier":1,"start_year":1970,"end_year":2000,"fid":1780,"endonym":"Maynila"}},{"type":"Feature","id":1781,"geometry":{"type":"Point","coordinates":[121,14.58]},"properties":{"name":"Manila","tier":2,"start_year":2000,"end_year":2025,"fid":1781,"endonym":"Maynila"}},{"type":"Feature","id":1782,"geometry":{"type":"Point","coordinates":[27.42646,38.61202]},"properties":{"name":"Manisa","tier":3,"start_year":1900,"end_year":1901,"fid":1782,"endonym":"مانيسا"}},{"type":"Feature","id":1783,"geometry":{"type":"Point","coordinates":[8.47955,49.49671]},"properties":{"name":"Mannheim","tier":3,"start_year":1721,"end_year":1976,"fid":1783}},{"type":"Feature","id":1784,"geometry":{"type":"Point","coordinates":[31.37847,31.040948]},"properties":{"name":"Mansoura","tier":3,"start_year":1900,"end_year":1901,"fid":1784,"endonym":"المنصورة"}},{"type":"Feature","id":1785,"geometry":{"type":"Point","coordinates":[68.776944,25.590258]},"properties":{"name":"Mansura","tier":2,"start_year":800,"end_year":1300,"fid":1785,"endonym":"المنصورة"}},{"type":"Feature","id":1786,"geometry":{"type":"Point","coordinates":[68.776944,25.590258]},"properties":{"name":"Mansura","tier":3,"start_year":1300,"end_year":1976,"fid":1786,"endonym":"المنصورة"}},{"type":"Feature","id":1787,"geometry":{"type":"Point","coordinates":[10.791375,45.156417]},"properties":{"name":"Mantova","tier":3,"start_year":1000,"end_year":1858,"fid":1787}},{"type":"Feature","id":1788,"geometry":{"type":"Point","coordinates":[77.157379,17.19313]},"properties":{"name":"Manyakheta","tier":2,"start_year":875,"end_year":900,"fid":1788,"endonym":"Mānyakheṭa"}},{"type":"Feature","id":1789,"geometry":{"type":"Point","coordinates":[77.157379,17.19313]},"properties":{"name":"Manyakheta","tier":1,"start_year":900,"end_year":901,"fid":1789,"endonym":"Mānyakheṭa"}},{"type":"Feature","id":1790,"geometry":{"type":"Point","coordinates":[-71.64056,10.63167]},"properties":{"name":"Maracaibo","tier":3,"start_year":1900,"end_year":2000,"fid":1790}},{"type":"Feature","id":1791,"geometry":{"type":"Point","coordinates":[-71.64056,10.63167]},"properties":{"name":"Maracaibo","tier":2,"start_year":2000,"end_year":2025,"fid":1791}},{"type":"Feature","id":1792,"geometry":{"type":"Point","coordinates":[46.237961,37.383531]},"properties":{"name":"Maragheh","tier":3,"start_year":1320,"end_year":1870,"fid":1792,"endonym":"مراغه"}},{"type":"Feature","id":1793,"geometry":{"type":"Point","coordinates":[45.355823,15.40427477]},"properties":{"name":"Mareb","tier":1,"start_year":-650,"end_year":-649,"fid":1793,"endonym":"Mrb"}},{"type":"Feature","id":1794,"geometry":{"type":"Point","coordinates":[71.718361,40.471119]},"properties":{"name":"Marghilon","tier":3,"start_year":1900,"end_year":1901,"fid":1794,"endonym":"مرغيلان"}},{"type":"Feature","id":1795,"geometry":{"type":"Point","coordinates":[-43.41611,-20.37778]},"properties":{"name":"Mariana","tier":3,"start_year":1750,"end_year":1842,"fid":1795}},{"type":"Feature","id":1796,"geometry":{"type":"Point","coordinates":[37.54131,47.09514]},"properties":{"name":"Mariupol","tier":3,"start_year":1900,"end_year":1951,"fid":1796,"endonym":"Маріуполь"}},{"type":"Feature","id":1797,"geometry":{"type":"Point","coordinates":[-7.99994,31.63416]},"properties":{"name":"Marrakech","tier":1,"start_year":1100,"end_year":1288,"fid":1797,"endonym":"مراكش"}},{"type":"Feature","id":1798,"geometry":{"type":"Point","coordinates":[-7.99994,31.63416]},"properties":{"name":"Marrakech","tier":2,"start_year":1288,"end_year":1588,"fid":1798,"endonym":"مراكش"}},{"type":"Feature","id":1799,"geometry":{"type":"Point","coordinates":[-7.99994,31.63416]},"properties":{"name":"Marrakech","tier":1,"start_year":1588,"end_year":1617,"fid":1799,"endonym":"مراكش"}},{"type":"Feature","id":1800,"geometry":{"type":"Point","coordinates":[-7.99994,31.63416]},"properties":{"name":"Marrakech","tier":2,"start_year":1617,"end_year":1680,"fid":1800,"endonym":"مراكش"}},{"type":"Feature","id":1801,"geometry":{"type":"Point","coordinates":[-7.99994,31.63416]},"properties":{"name":"Marrakech","tier":3,"start_year":1680,"end_year":1951,"fid":1801,"endonym":"مراكش"}},{"type":"Feature","id":1802,"geometry":{"type":"Point","coordinates":[5.38107,43.29695]},"properties":{"name":"Marseille","tier":3,"start_year":972,"end_year":1663,"fid":1802}},{"type":"Feature","id":1803,"geometry":{"type":"Point","coordinates":[5.38107,43.29695]},"properties":{"name":"Marseille","tier":2,"start_year":1663,"end_year":1947,"fid":1803}},{"type":"Feature","id":1804,"geometry":{"type":"Point","coordinates":[5.38107,43.29695]},"properties":{"name":"Marseille","tier":3,"start_year":1947,"end_year":1976,"fid":1804}},{"type":"Feature","id":1805,"geometry":{"type":"Point","coordinates":[97.6157,16.52834]},"properties":{"name":"Martaban","tier":2,"start_year":1350,"end_year":1385,"fid":1805,"endonym":"Mottama"}},{"type":"Feature","id":1806,"geometry":{"type":"Point","coordinates":[97.6157,16.52834]},"properties":{"name":"Martaban","tier":3,"start_year":1385,"end_year":1388,"fid":1806,"endonym":"Mottama"}},{"type":"Feature","id":1807,"geometry":{"type":"Point","coordinates":[97.6157,16.52834]},"properties":{"name":"Martaban","tier":2,"start_year":1388,"end_year":1402,"fid":1807,"endonym":"Mottama"}},{"type":"Feature","id":1808,"geometry":{"type":"Point","coordinates":[97.6157,16.52834]},"properties":{"name":"Martaban","tier":3,"start_year":1402,"end_year":1479,"fid":1808,"endonym":"Mottama"}},{"type":"Feature","id":1809,"geometry":{"type":"Point","coordinates":[97.6157,16.52834]},"properties":{"name":"Martaban","tier":2,"start_year":1479,"end_year":1510,"fid":1809,"endonym":"Mottama"}},{"type":"Feature","id":1810,"geometry":{"type":"Point","coordinates":[97.6157,16.52834]},"properties":{"name":"Martaban","tier":3,"start_year":1510,"end_year":1662,"fid":1810,"endonym":"Mottama"}},{"type":"Feature","id":1811,"geometry":{"type":"Point","coordinates":[16.171328,11.402536]},"properties":{"name":"Masenya","tier":3,"start_year":1600,"end_year":1853,"fid":1811}},{"type":"Feature","id":1812,"geometry":{"type":"Point","coordinates":[59.6,36.3]},"properties":{"name":"Mashhad","tier":3,"start_year":1604,"end_year":1619,"fid":1812,"endonym":"مشهد"}},{"type":"Feature","id":1813,"geometry":{"type":"Point","coordinates":[59.6,36.3]},"properties":{"name":"Mashhad","tier":2,"start_year":1619,"end_year":1657,"fid":1813,"endonym":"مشهد"}},{"type":"Feature","id":1814,"geometry":{"type":"Point","coordinates":[59.6,36.3]},"properties":{"name":"Mashhad","tier":1,"start_year":1657,"end_year":1765,"fid":1814,"endonym":"مشهد"}},{"type":"Feature","id":1815,"geometry":{"type":"Point","coordinates":[59.6,36.3]},"properties":{"name":"Mashhad","tier":2,"start_year":1765,"end_year":1786,"fid":1815,"endonym":"مشهد"}},{"type":"Feature","id":1816,"geometry":{"type":"Point","coordinates":[59.6,36.3]},"properties":{"name":"Mashhad","tier":3,"start_year":1786,"end_year":2000,"fid":1816,"endonym":"مشهد"}},{"type":"Feature","id":1817,"geometry":{"type":"Point","coordinates":[59.6,36.3]},"properties":{"name":"Mashhad","tier":2,"start_year":2000,"end_year":2025,"fid":1817,"endonym":"مشهد"}},{"type":"Feature","id":1818,"geometry":{"type":"Point","coordinates":[81.134933,16.18438]},"properties":{"name":"Masulipatam","tier":3,"start_year":1673,"end_year":1901,"fid":1818,"endonym":"Machilīpaṭnam"}},{"type":"Feature","id":1819,"geometry":{"type":"Point","coordinates":[-81.5775,23.04111]},"properties":{"name":"Matanzas","tier":3,"start_year":1900,"end_year":1901,"fid":1819}},{"type":"Feature","id":1820,"geometry":{"type":"Point","coordinates":[77.673611,27.4925]},"properties":{"name":"Mathura","tier":2,"start_year":630,"end_year":1000,"fid":1820,"endonym":"Mathurā"}},{"type":"Feature","id":1821,"geometry":{"type":"Point","coordinates":[77.673611,27.4925]},"properties":{"name":"Mathura","tier":3,"start_year":1000,"end_year":1001,"fid":1821,"endonym":"Mathurā"}},{"type":"Feature","id":1822,"geometry":{"type":"Point","coordinates":[77.673611,27.4925]},"properties":{"name":"Mathura","tier":2,"start_year":1001,"end_year":1100,"fid":1822,"endonym":"Mathurā"}},{"type":"Feature","id":1823,"geometry":{"type":"Point","coordinates":[77.673611,27.4925]},"properties":{"name":"Mathura","tier":3,"start_year":1100,"end_year":1901,"fid":1823,"endonym":"Mathurā"}},{"type":"Feature","id":1824,"geometry":{"type":"Point","coordinates":[133.048375,35.468059]},"properties":{"name":"Matsue","tier":3,"start_year":1900,"end_year":1901,"fid":1824,"endonym":"松江"}},{"type":"Feature","id":1825,"geometry":{"type":"Point","coordinates":[140.116667,41.433333]},"properties":{"name":"Matsumae","tier":3,"start_year":1800,"end_year":1901,"fid":1825,"endonym":"松前"}},{"type":"Feature","id":1826,"geometry":{"type":"Point","coordinates":[132.765575,33.839157]},"properties":{"name":"Matsuyama","tier":3,"start_year":1800,"end_year":1901,"fid":1826,"endonym":"松山"}},{"type":"Feature","id":1827,"geometry":{"type":"Point","coordinates":[97.625931,16.484591]},"properties":{"name":"Mawlamyine","tier":3,"start_year":1900,"end_year":1901,"fid":1827,"endonym":"Mawlamyaing"}},{"type":"Feature","id":1828,"geometry":{"type":"Point","coordinates":[-89.593372,20.978497]},"properties":{"name":"Mayapan","tier":3,"start_year":1194,"end_year":1442,"fid":1828}},{"type":"Feature","id":1829,"geometry":{"type":"Point","coordinates":[40.08333,44.6]},"properties":{"name":"Maykop","tier":3,"start_year":1900,"end_year":1901,"fid":1829,"endonym":"Майкоп"}},{"type":"Feature","id":1830,"geometry":{"type":"Point","coordinates":[14.248056,-6.267778]},"properties":{"name":"M'banza-Congo","tier":3,"start_year":1500,"end_year":1516,"fid":1830,"endonym":"Mbanza Kongo"}},{"type":"Feature","id":1831,"geometry":{"type":"Point","coordinates":[14.248056,-6.267778]},"properties":{"name":"M'banza-Congo","tier":2,"start_year":1516,"end_year":1544,"fid":1831,"endonym":"Mbanza Kongo"}},{"type":"Feature","id":1832,"geometry":{"type":"Point","coordinates":[39.82611,21.42667]},"properties":{"name":"Mecca","tier":2,"start_year":627,"end_year":740,"fid":1832,"endonym":"مكة"}},{"type":"Feature","id":1833,"geometry":{"type":"Point","coordinates":[39.82611,21.42667]},"properties":{"name":"Mecca","tier":1,"start_year":740,"end_year":750,"fid":1833,"endonym":"مكة"}},{"type":"Feature","id":1834,"geometry":{"type":"Point","coordinates":[39.82611,21.42667]},"properties":{"name":"Mecca","tier":2,"start_year":750,"end_year":757,"fid":1834,"endonym":"مكة"}},{"type":"Feature","id":1835,"geometry":{"type":"Point","coordinates":[39.82611,21.42667]},"properties":{"name":"Mecca","tier":1,"start_year":757,"end_year":827,"fid":1835,"endonym":"مكة"}},{"type":"Feature","id":1836,"geometry":{"type":"Point","coordinates":[39.82611,21.42667]},"properties":{"name":"Mecca","tier":2,"start_year":827,"end_year":1275,"fid":1836,"endonym":"مكة"}},{"type":"Feature","id":1837,"geometry":{"type":"Point","coordinates":[39.82611,21.42667]},"properties":{"name":"Mecca","tier":3,"start_year":1275,"end_year":1578,"fid":1837,"endonym":"مكة"}},{"type":"Feature","id":1838,"geometry":{"type":"Point","coordinates":[39.82611,21.42667]},"properties":{"name":"Mecca","tier":2,"start_year":1578,"end_year":1601,"fid":1838,"endonym":"مكة"}},{"type":"Feature","id":1839,"geometry":{"type":"Point","coordinates":[39.82611,21.42667]},"properties":{"name":"Mecca","tier":3,"start_year":1601,"end_year":1901,"fid":1839,"endonym":"مكة"}},{"type":"Feature","id":1840,"geometry":{"type":"Point","coordinates":[4.47762,51.02574]},"properties":{"name":"Mechelen","tier":3,"start_year":1900,"end_year":1901,"fid":1840}},{"type":"Feature","id":1841,"geometry":{"type":"Point","coordinates":[11.41316,53.62937]},"properties":{"name":"Meckenbeuren","tier":3,"start_year":1900,"end_year":1901,"fid":1841}},{"type":"Feature","id":1842,"geometry":{"type":"Point","coordinates":[98.6667,3.5833]},"properties":{"name":"Medan","tier":3,"start_year":1950,"end_year":2000,"fid":1842}},{"type":"Feature","id":1843,"geometry":{"type":"Point","coordinates":[98.6667,3.5833]},"properties":{"name":"Medan","tier":2,"start_year":2000,"end_year":2025,"fid":1843}},{"type":"Feature","id":1844,"geometry":{"type":"Point","coordinates":[-75.56359,6.25184]},"properties":{"name":"Medellin","tier":3,"start_year":1900,"end_year":2000,"fid":1844,"endonym":"Medellín"}},{"type":"Feature","id":1845,"geometry":{"type":"Point","coordinates":[-75.56359,6.25184]},"properties":{"name":"Medellin","tier":2,"start_year":2000,"end_year":2025,"fid":1845,"endonym":"Medellín"}},{"type":"Feature","id":1846,"geometry":{"type":"Point","coordinates":[39.620189,24.4609]},"properties":{"name":"Medina","tier":2,"start_year":620,"end_year":1000,"fid":1846,"endonym":"المدينة"}},{"type":"Feature","id":1847,"geometry":{"type":"Point","coordinates":[39.620189,24.4609]},"properties":{"name":"Medina","tier":3,"start_year":1000,"end_year":1901,"fid":1847,"endonym":"المدينة"}},{"type":"Feature","id":1848,"geometry":{"type":"Point","coordinates":[-4.91413,41.31239]},"properties":{"name":"Medina del Campo","tier":3,"start_year":1500,"end_year":1851,"fid":1848}},{"type":"Feature","id":1849,"geometry":{"type":"Point","coordinates":[77.71934,28.97155]},"properties":{"name":"Meerut","tier":3,"start_year":1847,"end_year":1951,"fid":1849,"endonym":"Meraṭh"}},{"type":"Feature","id":1850,"geometry":{"type":"Point","coordinates":[116.107241,24.297687]},"properties":{"name":"Meihsien","tier":3,"start_year":1900,"end_year":1901,"fid":1850,"endonym":"梅縣"}},{"type":"Feature","id":1851,"geometry":{"type":"Point","coordinates":[-5.54727,33.89352]},"properties":{"name":"Meknes","tier":2,"start_year":1100,"end_year":1307,"fid":1851,"endonym":"مكناس"}},{"type":"Feature","id":1852,"geometry":{"type":"Point","coordinates":[-5.54727,33.89352]},"properties":{"name":"Meknes","tier":3,"start_year":1307,"end_year":1653,"fid":1852,"endonym":"مكناس"}},{"type":"Feature","id":1853,"geometry":{"type":"Point","coordinates":[-5.54727,33.89352]},"properties":{"name":"Meknes","tier":2,"start_year":1653,"end_year":1714,"fid":1853,"endonym":"مكناس"}},{"type":"Feature","id":1854,"geometry":{"type":"Point","coordinates":[-5.54727,33.89352]},"properties":{"name":"Meknes","tier":1,"start_year":1714,"end_year":1736,"fid":1854,"endonym":"مكناس"}},{"type":"Feature","id":1855,"geometry":{"type":"Point","coordinates":[-5.54727,33.89352]},"properties":{"name":"Meknes","tier":2,"start_year":1736,"end_year":1748,"fid":1855,"endonym":"مكناس"}},{"type":"Feature","id":1856,"geometry":{"type":"Point","coordinates":[-5.54727,33.89352]},"properties":{"name":"Meknes","tier":3,"start_year":1748,"end_year":1901,"fid":1856,"endonym":"مكناس"}},{"type":"Feature","id":1857,"geometry":{"type":"Point","coordinates":[144.96332,-37.814]},"properties":{"name":"Melbourne","tier":3,"start_year":1841,"end_year":1860,"fid":1857}},{"type":"Feature","id":1858,"geometry":{"type":"Point","coordinates":[144.96332,-37.814]},"properties":{"name":"Melbourne","tier":2,"start_year":1860,"end_year":2025,"fid":1858}},{"type":"Feature","id":1859,"geometry":{"type":"Point","coordinates":[31.250833,29.844722]},"properties":{"name":"Memphis","tier":1,"start_year":-2500,"end_year":1920,"fid":1859,"endonym":"Men-nefer"}},{"type":"Feature","id":1860,"geometry":{"type":"Point","coordinates":[31.250833,29.844722]},"properties":{"name":"Memphis","tier":2,"start_year":1920,"end_year":1970,"fid":1860,"endonym":"Men-nefer"}},{"type":"Feature","id":1861,"geometry":{"type":"Point","coordinates":[31.250833,29.844722]},"properties":{"name":"Memphis","tier":3,"start_year":1970,"end_year":1976,"fid":1861,"endonym":"Men-nefer"}},{"type":"Feature","id":1862,"geometry":{"type":"Point","coordinates":[-90.048529,35.149703]},"properties":{"name":"Memphis","tier":3,"start_year":1900,"end_year":1951,"fid":1862,"endonym":"Men-nefer"}},{"type":"Feature","id":1863,"geometry":{"type":"Point","coordinates":[-68.82717,-32.89084]},"properties":{"name":"Mendoza","tier":3,"start_year":1900,"end_year":1901,"fid":1863}},{"type":"Feature","id":1864,"geometry":{"type":"Point","coordinates":[32.605556,0.346667]},"properties":{"name":"Mengo","tier":3,"start_year":1900,"end_year":1949,"fid":1864}},{"type":"Feature","id":1865,"geometry":{"type":"Point","coordinates":[-89.615789,20.979719]},"properties":{"name":"Merida","tier":2,"start_year":900,"end_year":1150,"fid":1865,"endonym":"Augusta Emerita"}},{"type":"Feature","id":1866,"geometry":{"type":"Point","coordinates":[-89.615789,20.979719]},"properties":{"name":"Merida","tier":3,"start_year":1150,"end_year":1197,"fid":1866,"endonym":"Augusta Emerita"}},{"type":"Feature","id":1867,"geometry":{"type":"Point","coordinates":[-89.615789,20.979719]},"properties":{"name":"Merida","tier":2,"start_year":1197,"end_year":1200,"fid":1867,"endonym":"Augusta Emerita"}},{"type":"Feature","id":1868,"geometry":{"type":"Point","coordinates":[-89.615789,20.979719]},"properties":{"name":"Merida","tier":3,"start_year":1200,"end_year":1901,"fid":1868,"endonym":"Augusta Emerita"}},{"type":"Feature","id":1869,"geometry":{"type":"Point","coordinates":[-6.34366,38.91611]},"properties":{"name":"Merida","tier":1,"start_year":300,"end_year":550,"fid":1869,"endonym":"Augusta Emerita"}},{"type":"Feature","id":1870,"geometry":{"type":"Point","coordinates":[-6.34366,38.91611]},"properties":{"name":"Merida","tier":2,"start_year":550,"end_year":591,"fid":1870,"endonym":"Augusta Emerita"}},{"type":"Feature","id":1871,"geometry":{"type":"Point","coordinates":[-6.34366,38.91611]},"properties":{"name":"Merida","tier":1,"start_year":591,"end_year":600,"fid":1871,"endonym":"Augusta Emerita"}},{"type":"Feature","id":1872,"geometry":{"type":"Point","coordinates":[-6.34366,38.91611]},"properties":{"name":"Merida","tier":2,"start_year":600,"end_year":1101,"fid":1872,"endonym":"Augusta Emerita"}},{"type":"Feature","id":1873,"geometry":{"type":"Point","coordinates":[-6.34366,38.91611]},"properties":{"name":"Merida","tier":3,"start_year":1101,"end_year":1835,"fid":1873,"endonym":"Augusta Emerita"}},{"type":"Feature","id":1874,"geometry":{"type":"Point","coordinates":[-3.381647,51.748731]},"properties":{"name":"Merthyr Tydfil","tier":3,"start_year":1841,"end_year":1852,"fid":1874,"endonym":"Merthyr Tudful"}},{"type":"Feature","id":1875,"geometry":{"type":"Point","coordinates":[62.1925,37.6628]},"properties":{"name":"Merv","tier":1,"start_year":1,"end_year":1151,"fid":1875,"endonym":"مرو"}},{"type":"Feature","id":1876,"geometry":{"type":"Point","coordinates":[15.54969,38.19327]},"properties":{"name":"Messina","tier":2,"start_year":-430,"end_year":1150,"fid":1876,"endonym":"Μεσσάνα"}},{"type":"Feature","id":1877,"geometry":{"type":"Point","coordinates":[15.54969,38.19327]},"properties":{"name":"Messina","tier":3,"start_year":1150,"end_year":1151,"fid":1877,"endonym":"Μεσσάνα"}},{"type":"Feature","id":1878,"geometry":{"type":"Point","coordinates":[15.54969,38.19327]},"properties":{"name":"Messina","tier":2,"start_year":1151,"end_year":1162,"fid":1878,"endonym":"Μεσσάνα"}},{"type":"Feature","id":1879,"geometry":{"type":"Point","coordinates":[15.54969,38.19327]},"properties":{"name":"Messina","tier":3,"start_year":1162,"end_year":1180,"fid":1879,"endonym":"Μεσσάνα"}},{"type":"Feature","id":1880,"geometry":{"type":"Point","coordinates":[15.54969,38.19327]},"properties":{"name":"Messina","tier":2,"start_year":1180,"end_year":1200,"fid":1880,"endonym":"Μεσσάνα"}},{"type":"Feature","id":1881,"geometry":{"type":"Point","coordinates":[15.54969,38.19327]},"properties":{"name":"Messina","tier":3,"start_year":1200,"end_year":1568,"fid":1881,"endonym":"Μεσσάνα"}},{"type":"Feature","id":1882,"geometry":{"type":"Point","coordinates":[15.54969,38.19327]},"properties":{"name":"Messina","tier":2,"start_year":1568,"end_year":1641,"fid":1882,"endonym":"Μεσσάνα"}},{"type":"Feature","id":1883,"geometry":{"type":"Point","coordinates":[15.54969,38.19327]},"properties":{"name":"Messina","tier":3,"start_year":1641,"end_year":1901,"fid":1883,"endonym":"Μεσσάνα"}},{"type":"Feature","id":1884,"geometry":{"type":"Point","coordinates":[6.17269,49.11911]},"properties":{"name":"Metz","tier":2,"start_year":800,"end_year":900,"fid":1884}},{"type":"Feature","id":1885,"geometry":{"type":"Point","coordinates":[6.17269,49.11911]},"properties":{"name":"Metz","tier":3,"start_year":900,"end_year":1901,"fid":1885}},{"type":"Feature","id":1886,"geometry":{"type":"Point","coordinates":[-99.12766,19.42847]},"properties":{"name":"Mexico City","tier":2,"start_year":1500,"end_year":1523,"fid":1886,"endonym":"Ciudad de México"}},{"type":"Feature","id":1887,"geometry":{"type":"Point","coordinates":[-99.12766,19.42847]},"properties":{"name":"Mexico City","tier":3,"start_year":1523,"end_year":1547,"fid":1887,"endonym":"Ciudad de México"}},{"type":"Feature","id":1888,"geometry":{"type":"Point","coordinates":[-99.12766,19.42847]},"properties":{"name":"Mexico City","tier":2,"start_year":1547,"end_year":1630,"fid":1888,"endonym":"Ciudad de México"}},{"type":"Feature","id":1889,"geometry":{"type":"Point","coordinates":[-99.12766,19.42847]},"properties":{"name":"Mexico City","tier":3,"start_year":1630,"end_year":1652,"fid":1889,"endonym":"Ciudad de México"}},{"type":"Feature","id":1890,"geometry":{"type":"Point","coordinates":[-99.12766,19.42847]},"properties":{"name":"Mexico City","tier":2,"start_year":1652,"end_year":1931,"fid":1890,"endonym":"Ciudad de México"}},{"type":"Feature","id":1891,"geometry":{"type":"Point","coordinates":[-99.12766,19.42847]},"properties":{"name":"Mexico City","tier":1,"start_year":1931,"end_year":2025,"fid":1891,"endonym":"Ciudad de México"}},{"type":"Feature","id":1892,"geometry":{"type":"Point","coordinates":[75.756527,22.552437]},"properties":{"name":"Mhow","tier":3,"start_year":1900,"end_year":1901,"fid":1892}},{"type":"Feature","id":1893,"geometry":{"type":"Point","coordinates":[-80.19366,25.77427]},"properties":{"name":"Miami","tier":3,"start_year":1950,"end_year":1970,"fid":1893}},{"type":"Feature","id":1894,"geometry":{"type":"Point","coordinates":[-80.19366,25.77427]},"properties":{"name":"Miami","tier":2,"start_year":1970,"end_year":1976,"fid":1894}},{"type":"Feature","id":1895,"geometry":{"type":"Point","coordinates":[40.483333,52.883333]},"properties":{"name":"Michurinsk","tier":3,"start_year":1900,"end_year":1901,"fid":1895,"endonym":"Козлов"}},{"type":"Feature","id":1896,"geometry":{"type":"Point","coordinates":[3.61389,51.5]},"properties":{"name":"Middelburg","tier":3,"start_year":1600,"end_year":1856,"fid":1896}},{"type":"Feature","id":1897,"geometry":{"type":"Point","coordinates":[-1.23483,54.57623]},"properties":{"name":"Middlesbrough","tier":3,"start_year":1900,"end_year":1976,"fid":1897}},{"type":"Feature","id":1898,"geometry":{"type":"Point","coordinates":[87.326088,22.42087]},"properties":{"name":"Midnapore","tier":3,"start_year":1900,"end_year":1901,"fid":1898,"endonym":"Medinīpur"}},{"type":"Feature","id":1899,"geometry":{"type":"Point","coordinates":[9.198786,45.465453]},"properties":{"name":"Milan","tier":2,"start_year":-100,"end_year":260,"fid":1899,"endonym":"Milano"}},{"type":"Feature","id":1900,"geometry":{"type":"Point","coordinates":[9.198786,45.465453]},"properties":{"name":"Milan","tier":1,"start_year":260,"end_year":361,"fid":1900,"endonym":"Milano"}},{"type":"Feature","id":1901,"geometry":{"type":"Point","coordinates":[9.198786,45.465453]},"properties":{"name":"Milan","tier":2,"start_year":361,"end_year":1437,"fid":1901,"endonym":"Milano"}},{"type":"Feature","id":1902,"geometry":{"type":"Point","coordinates":[9.198786,45.465453]},"properties":{"name":"Milan","tier":1,"start_year":1437,"end_year":1450,"fid":1902,"endonym":"Milano"}},{"type":"Feature","id":1903,"geometry":{"type":"Point","coordinates":[9.198786,45.465453]},"properties":{"name":"Milan","tier":2,"start_year":1450,"end_year":1488,"fid":1903,"endonym":"Milano"}},{"type":"Feature","id":1904,"geometry":{"type":"Point","coordinates":[9.198786,45.465453]},"properties":{"name":"Milan","tier":1,"start_year":1488,"end_year":1532,"fid":1904,"endonym":"Milano"}},{"type":"Feature","id":1905,"geometry":{"type":"Point","coordinates":[9.198786,45.465453]},"properties":{"name":"Milan","tier":2,"start_year":1532,"end_year":1595,"fid":1905,"endonym":"Milano"}},{"type":"Feature","id":1906,"geometry":{"type":"Point","coordinates":[9.198786,45.465453]},"properties":{"name":"Milan","tier":1,"start_year":1595,"end_year":1605,"fid":1906,"endonym":"Milano"}},{"type":"Feature","id":1907,"geometry":{"type":"Point","coordinates":[9.198786,45.465453]},"properties":{"name":"Milan","tier":2,"start_year":1605,"end_year":1970,"fid":1907,"endonym":"Milano"}},{"type":"Feature","id":1908,"geometry":{"type":"Point","coordinates":[9.198786,45.465453]},"properties":{"name":"Milan","tier":1,"start_year":1970,"end_year":1975,"fid":1908,"endonym":"Milano"}},{"type":"Feature","id":1909,"geometry":{"type":"Point","coordinates":[9.198786,45.465453]},"properties":{"name":"Milan","tier":2,"start_year":1975,"end_year":2000,"fid":1909,"endonym":"Milano"}},{"type":"Feature","id":1910,"geometry":{"type":"Point","coordinates":[9.198786,45.465453]},"properties":{"name":"Milan","tier":3,"start_year":2000,"end_year":2025,"fid":1910,"endonym":"Milano"}},{"type":"Feature","id":1911,"geometry":{"type":"Point","coordinates":[27.278333,37.530278]},"properties":{"name":"Miletus","tier":1,"start_year":-650,"end_year":-649,"fid":1911,"endonym":"Μίλητος"}},{"type":"Feature","id":1912,"geometry":{"type":"Point","coordinates":[-87.90647,43.0389]},"properties":{"name":"Milwaukee","tier":2,"start_year":1900,"end_year":1970,"fid":1912}},{"type":"Feature","id":1913,"geometry":{"type":"Point","coordinates":[-87.90647,43.0389]},"properties":{"name":"Milwaukee","tier":3,"start_year":1970,"end_year":1976,"fid":1913}},{"type":"Feature","id":1914,"geometry":{"type":"Point","coordinates":[-93.265011,39.12194]},"properties":{"name":"Minneapolis","tier":2,"start_year":1900,"end_year":1976,"fid":1914}},{"type":"Feature","id":1915,"geometry":{"type":"Point","coordinates":[27.56667,53.9]},"properties":{"name":"Minsk","tier":3,"start_year":1900,"end_year":2000,"fid":1915,"endonym":"Мінск"}},{"type":"Feature","id":1916,"geometry":{"type":"Point","coordinates":[27.56667,53.9]},"properties":{"name":"Minsk","tier":2,"start_year":2000,"end_year":2025,"fid":1916,"endonym":"Мінск"}},{"type":"Feature","id":1917,"geometry":{"type":"Point","coordinates":[82.564433,24.10287]},"properties":{"name":"Mirzapur","tier":3,"start_year":1800,"end_year":1901,"fid":1917}},{"type":"Feature","id":1918,"geometry":{"type":"Point","coordinates":[20.791667,48.104167]},"properties":{"name":"Miskolc","tier":3,"start_year":1900,"end_year":1901,"fid":1918}},{"type":"Feature","id":1919,"geometry":{"type":"Point","coordinates":[-88.04305,30.69436]},"properties":{"name":"Mobile","tier":3,"start_year":1900,"end_year":1901,"fid":1919}},{"type":"Feature","id":1920,"geometry":{"type":"Point","coordinates":[4.26667,7.38333]},"properties":{"name":"Modakeke","tier":3,"start_year":1900,"end_year":1901,"fid":1920}},{"type":"Feature","id":1921,"geometry":{"type":"Point","coordinates":[30.333328,53.899999]},"properties":{"name":"Mogilev","tier":3,"start_year":1900,"end_year":1901,"fid":1921,"endonym":"Могилёв"}},{"type":"Feature","id":1922,"geometry":{"type":"Point","coordinates":[68.13293014,27.32533494]},"properties":{"name":"Mohenjodaro","tier":1,"start_year":-2500,"end_year":-1799,"fid":1922,"endonym":"Mohenjo-daro"}},{"type":"Feature","id":1923,"geometry":{"type":"Point","coordinates":[21.343003,41.038155]},"properties":{"name":"Monastir","tier":3,"start_year":1900,"end_year":1901,"fid":1923,"endonym":"موناستر"}},{"type":"Feature","id":1924,"geometry":{"type":"Point","coordinates":[7.81764,44.39603]},"properties":{"name":"Mondovi","tier":3,"start_year":1571,"end_year":1872,"fid":1924,"endonym":"Mondovì"}},{"type":"Feature","id":1925,"geometry":{"type":"Point","coordinates":[1.35,44.01667]},"properties":{"name":"Montauban","tier":3,"start_year":1600,"end_year":1901,"fid":1925}},{"type":"Feature","id":1926,"geometry":{"type":"Point","coordinates":[-96.767467,17.043989]},"properties":{"name":"Monte Alban","tier":2,"start_year":800,"end_year":801,"fid":1926,"endonym":"Monte Albán"}},{"type":"Feature","id":1927,"geometry":{"type":"Point","coordinates":[-100.3,25.6667]},"properties":{"name":"Monterrey","tier":3,"start_year":1900,"end_year":2025,"fid":1927}},{"type":"Feature","id":1928,"geometry":{"type":"Point","coordinates":[-56.158866,-34.817311]},"properties":{"name":"Montevideo","tier":2,"start_year":1900,"end_year":1970,"fid":1928}},{"type":"Feature","id":1929,"geometry":{"type":"Point","coordinates":[-56.158866,-34.817311]},"properties":{"name":"Montevideo","tier":3,"start_year":1970,"end_year":2000,"fid":1929}},{"type":"Feature","id":1930,"geometry":{"type":"Point","coordinates":[-56.158866,-34.817311]},"properties":{"name":"Montevideo","tier":1,"start_year":2000,"end_year":2025,"fid":1930}},{"type":"Feature","id":1931,"geometry":{"type":"Point","coordinates":[2.6,46.33333]},"properties":{"name":"Montlucon","tier":3,"start_year":1900,"end_year":1901,"fid":1931,"endonym":"Montluçon"}},{"type":"Feature","id":1932,"geometry":{"type":"Point","coordinates":[3.87723,43.61092]},"properties":{"name":"Montpellier","tier":3,"start_year":1090,"end_year":1340,"fid":1932}},{"type":"Feature","id":1933,"geometry":{"type":"Point","coordinates":[3.87723,43.61092]},"properties":{"name":"Montpellier","tier":2,"start_year":1340,"end_year":1348,"fid":1933}},{"type":"Feature","id":1934,"geometry":{"type":"Point","coordinates":[3.87723,43.61092]},"properties":{"name":"Montpellier","tier":3,"start_year":1348,"end_year":1901,"fid":1934}},{"type":"Feature","id":1935,"geometry":{"type":"Point","coordinates":[-73.58781,45.50884]},"properties":{"name":"Montreal","tier":3,"start_year":1809,"end_year":1864,"fid":1935,"endonym":"Montréal"}},{"type":"Feature","id":1936,"geometry":{"type":"Point","coordinates":[-73.58781,45.50884]},"properties":{"name":"Montreal","tier":2,"start_year":1864,"end_year":2000,"fid":1936,"endonym":"Montréal"}},{"type":"Feature","id":1937,"geometry":{"type":"Point","coordinates":[-73.58781,45.50884]},"properties":{"name":"Montreal","tier":3,"start_year":2000,"end_year":2025,"fid":1937,"endonym":"Montréal"}},{"type":"Feature","id":1938,"geometry":{"type":"Point","coordinates":[9.27485,45.58248]},"properties":{"name":"Monza","tier":3,"start_year":1900,"end_year":1901,"fid":1938}},{"type":"Feature","id":1939,"geometry":{"type":"Point","coordinates":[78.77684,28.83893]},"properties":{"name":"Moradabad","tier":3,"start_year":1847,"end_year":1901,"fid":1939,"endonym":"مراد آباد"}},{"type":"Feature","id":1940,"geometry":{"type":"Point","coordinates":[-101.189444,19.768333]},"properties":{"name":"Morelia","tier":3,"start_year":1900,"end_year":1901,"fid":1940}},{"type":"Feature","id":1941,"geometry":{"type":"Point","coordinates":[141.154484,39.702053]},"properties":{"name":"Morioka","tier":3,"start_year":1900,"end_year":1901,"fid":1941,"endonym":"盛岡"}},{"type":"Feature","id":1942,"geometry":{"type":"Point","coordinates":[37.61556,55.75222]},"properties":{"name":"Moscow","tier":3,"start_year":1337,"end_year":1425,"fid":1942,"endonym":"Москва"}},{"type":"Feature","id":1943,"geometry":{"type":"Point","coordinates":[37.61556,55.75222]},"properties":{"name":"Moscow","tier":2,"start_year":1425,"end_year":1511,"fid":1943,"endonym":"Москва"}},{"type":"Feature","id":1944,"geometry":{"type":"Point","coordinates":[37.61556,55.75222]},"properties":{"name":"Moscow","tier":1,"start_year":1511,"end_year":1525,"fid":1944,"endonym":"Москва"}},{"type":"Feature","id":1945,"geometry":{"type":"Point","coordinates":[37.61556,55.75222]},"properties":{"name":"Moscow","tier":2,"start_year":1525,"end_year":1557,"fid":1945,"endonym":"Москва"}},{"type":"Feature","id":1946,"geometry":{"type":"Point","coordinates":[37.61556,55.75222]},"properties":{"name":"Moscow","tier":1,"start_year":1557,"end_year":1572,"fid":1946,"endonym":"Москва"}},{"type":"Feature","id":1947,"geometry":{"type":"Point","coordinates":[37.61556,55.75222]},"properties":{"name":"Moscow","tier":2,"start_year":1572,"end_year":1610,"fid":1947,"endonym":"Москва"}},{"type":"Feature","id":1948,"geometry":{"type":"Point","coordinates":[37.61556,55.75222]},"properties":{"name":"Moscow","tier":1,"start_year":1610,"end_year":1618,"fid":1948,"endonym":"Москва"}},{"type":"Feature","id":1949,"geometry":{"type":"Point","coordinates":[37.61556,55.75222]},"properties":{"name":"Moscow","tier":2,"start_year":1618,"end_year":1736,"fid":1949,"endonym":"Москва"}},{"type":"Feature","id":1950,"geometry":{"type":"Point","coordinates":[37.61556,55.75222]},"properties":{"name":"Moscow","tier":1,"start_year":1736,"end_year":2025,"fid":1950,"endonym":"Москва"}},{"type":"Feature","id":1951,"geometry":{"type":"Point","coordinates":[43.11889,36.335]},"properties":{"name":"Mosul","tier":2,"start_year":752,"end_year":1425,"fid":1951,"endonym":"الموصل"}},{"type":"Feature","id":1952,"geometry":{"type":"Point","coordinates":[43.11889,36.335]},"properties":{"name":"Mosul","tier":3,"start_year":1425,"end_year":1976,"fid":1952,"endonym":"الموصل"}},{"type":"Feature","id":1953,"geometry":{"type":"Point","coordinates":[-3.99187,55.78924]},"properties":{"name":"Motherwell","tier":3,"start_year":1900,"end_year":1901,"fid":1953}},{"type":"Feature","id":1954,"geometry":{"type":"Point","coordinates":[10.45275,51.20896]},"properties":{"name":"Muhlhausen","tier":3,"start_year":1900,"end_year":1901,"fid":1954,"endonym":"Mühlhausen"}},{"type":"Feature","id":1955,"geometry":{"type":"Point","coordinates":[7.335888,47.750839]},"properties":{"name":"Mulhausen","tier":3,"start_year":1900,"end_year":1901,"fid":1955,"endonym":"Mülhausen"}},{"type":"Feature","id":1956,"geometry":{"type":"Point","coordinates":[71.47528,30.19556]},"properties":{"name":"Multan","tier":3,"start_year":1200,"end_year":2025,"fid":1956,"endonym":"ملتان"}},{"type":"Feature","id":3483,"geometry":{"type":"Point","coordinates":[72.88261,19.07283]},"properties":{"name":"Bombay","tier":3,"start_year":1661,"end_year":1673,"fid":3483,"endonym":"Mumbaī"}},{"type":"Feature","id":3484,"geometry":{"type":"Point","coordinates":[72.88261,19.07283]},"properties":{"name":"Bombay","tier":2,"start_year":1673,"end_year":1685,"fid":3484,"endonym":"Mumbaī"}},{"type":"Feature","id":3485,"geometry":{"type":"Point","coordinates":[72.88261,19.07283]},"properties":{"name":"Bombay","tier":3,"start_year":1685,"end_year":1735,"fid":3485,"endonym":"Mumbaī"}},{"type":"Feature","id":3486,"geometry":{"type":"Point","coordinates":[72.88261,19.07283]},"properties":{"name":"Bombay","tier":2,"start_year":1735,"end_year":1829,"fid":3486,"endonym":"Mumbaī"}},{"type":"Feature","id":3487,"geometry":{"type":"Point","coordinates":[72.88261,19.07283]},"properties":{"name":"Bombay","tier":1,"start_year":1829,"end_year":1995,"fid":3487,"endonym":"Mumbaī"}},{"type":"Feature","id":3488,"geometry":{"type":"Point","coordinates":[72.88261,19.07283]},"properties":{"name":"Mumbai","tier":1,"start_year":1995,"end_year":2025,"fid":3488,"endonym":"Mumbaī"}},{"type":"Feature","id":1962,"geometry":{"type":"Point","coordinates":[86.490321,25.37262]},"properties":{"name":"Munger","tier":3,"start_year":1600,"end_year":1901,"fid":1962}},{"type":"Feature","id":1963,"geometry":{"type":"Point","coordinates":[11.576756,48.136739]},"properties":{"name":"Munich","tier":3,"start_year":1255,"end_year":1812,"fid":1963,"endonym":"München"}},{"type":"Feature","id":1964,"geometry":{"type":"Point","coordinates":[11.576756,48.136739]},"properties":{"name":"Munich","tier":2,"start_year":1812,"end_year":2000,"fid":1964,"endonym":"München"}},{"type":"Feature","id":1965,"geometry":{"type":"Point","coordinates":[11.576756,48.136739]},"properties":{"name":"Munich","tier":3,"start_year":2000,"end_year":2025,"fid":1965,"endonym":"München"}},{"type":"Feature","id":1966,"geometry":{"type":"Point","coordinates":[7.6333,51.9667]},"properties":{"name":"Munster","tier":3,"start_year":1900,"end_year":1901,"fid":1966,"endonym":"Münster"}},{"type":"Feature","id":1967,"geometry":{"type":"Point","coordinates":[-1.13004,37.98704]},"properties":{"name":"Murcia","tier":3,"start_year":1000,"end_year":1951,"fid":1967,"endonym":"مرسية"}},{"type":"Feature","id":1968,"geometry":{"type":"Point","coordinates":[88.27171,24.1839]},"properties":{"name":"Murshidabad","tier":1,"start_year":1750,"end_year":1811,"fid":1968,"endonym":"Murshidābād"}},{"type":"Feature","id":1969,"geometry":{"type":"Point","coordinates":[88.27171,24.1839]},"properties":{"name":"Murshidabad","tier":2,"start_year":1811,"end_year":1851,"fid":1969,"endonym":"Murshidābād"}},{"type":"Feature","id":1970,"geometry":{"type":"Point","coordinates":[88.27171,24.1839]},"properties":{"name":"Murshidabad","tier":3,"start_year":1851,"end_year":1873,"fid":1970,"endonym":"Murshidābād"}},{"type":"Feature","id":1971,"geometry":{"type":"Point","coordinates":[58.5922,23.61387]},"properties":{"name":"Muscat","tier":3,"start_year":1800,"end_year":1901,"fid":1971,"endonym":"مسقط"}},{"type":"Feature","id":1972,"geometry":{"type":"Point","coordinates":[22.6825,-8.559167]},"properties":{"name":"Musumba","tier":3,"start_year":1880,"end_year":1881,"fid":1972}},{"type":"Feature","id":1973,"geometry":{"type":"Point","coordinates":[85.36472,26.120888]},"properties":{"name":"Muzaffarpur","tier":3,"start_year":1900,"end_year":1901,"fid":1973,"endonym":"Mujaffarpur"}},{"type":"Feature","id":1974,"geometry":{"type":"Point","coordinates":[22.75788116,37.73038721]},"properties":{"name":"Mycenae","tier":1,"start_year":-1360,"end_year":-1199,"fid":1974,"endonym":"Μυκῆναι"}},{"type":"Feature","id":1975,"geometry":{"type":"Point","coordinates":[31.994583,46.975033]},"properties":{"name":"Mykolayiv","tier":3,"start_year":1900,"end_year":1901,"fid":1975,"endonym":"Николаев"}},{"type":"Feature","id":1976,"geometry":{"type":"Point","coordinates":[76.63925,12.29791]},"properties":{"name":"Mysore","tier":2,"start_year":1800,"end_year":1801,"fid":1976,"endonym":"Maisūru"}},{"type":"Feature","id":1977,"geometry":{"type":"Point","coordinates":[76.63925,12.29791]},"properties":{"name":"Mysore","tier":3,"start_year":1801,"end_year":1951,"fid":1977,"endonym":"Maisūru"}},{"type":"Feature","id":1978,"geometry":{"type":"Point","coordinates":[73.960963,23.501389]},"properties":{"name":"Nadiya","tier":3,"start_year":1200,"end_year":1873,"fid":1978,"endonym":"Nadiyā"}},{"type":"Feature","id":1979,"geometry":{"type":"Point","coordinates":[138.180956,36.651299]},"properties":{"name":"Nagano","tier":3,"start_year":1900,"end_year":1901,"fid":1979,"endonym":"長野"}},{"type":"Feature","id":1980,"geometry":{"type":"Point","coordinates":[79.839427,10.768802]},"properties":{"name":"Nagapattinam","tier":3,"start_year":1781,"end_year":1901,"fid":1980,"endonym":"Nākappaṭṭinam"}},{"type":"Feature","id":1981,"geometry":{"type":"Point","coordinates":[75.034,13.824]},"properties":{"name":"Nagara","tier":3,"start_year":1645,"end_year":1647,"fid":1981}},{"type":"Feature","id":1982,"geometry":{"type":"Point","coordinates":[75.034,13.824]},"properties":{"name":"Nagara","tier":2,"start_year":1647,"end_year":1764,"fid":1982}},{"type":"Feature","id":1983,"geometry":{"type":"Point","coordinates":[75.034,13.824]},"properties":{"name":"Nagara","tier":3,"start_year":1764,"end_year":1872,"fid":1983}},{"type":"Feature","id":1984,"geometry":{"type":"Point","coordinates":[129.878192,32.752558]},"properties":{"name":"Nagasaki","tier":3,"start_year":1583,"end_year":1673,"fid":1984,"endonym":"長崎"}},{"type":"Feature","id":1985,"geometry":{"type":"Point","coordinates":[129.878192,32.752558]},"properties":{"name":"Nagasaki","tier":2,"start_year":1673,"end_year":1707,"fid":1985,"endonym":"長崎"}},{"type":"Feature","id":1986,"geometry":{"type":"Point","coordinates":[129.878192,32.752558]},"properties":{"name":"Nagasaki","tier":3,"start_year":1707,"end_year":1951,"fid":1986,"endonym":"長崎"}},{"type":"Feature","id":1987,"geometry":{"type":"Point","coordinates":[136.906397,35.181447]},"properties":{"name":"Nagoya","tier":2,"start_year":1650,"end_year":1850,"fid":1987,"endonym":"名古屋"}},{"type":"Feature","id":1988,"geometry":{"type":"Point","coordinates":[136.906397,35.181447]},"properties":{"name":"Nagoya","tier":3,"start_year":1850,"end_year":1880,"fid":1988,"endonym":"名古屋"}},{"type":"Feature","id":1989,"geometry":{"type":"Point","coordinates":[136.906397,35.181447]},"properties":{"name":"Nagoya","tier":2,"start_year":1880,"end_year":2025,"fid":1989,"endonym":"名古屋"}},{"type":"Feature","id":1990,"geometry":{"type":"Point","coordinates":[79.1,21.15]},"properties":{"name":"Nagpur","tier":2,"start_year":1749,"end_year":1860,"fid":1990,"endonym":"Nāgpūr"}},{"type":"Feature","id":1991,"geometry":{"type":"Point","coordinates":[79.1,21.15]},"properties":{"name":"Nagpur","tier":3,"start_year":1860,"end_year":2000,"fid":1991,"endonym":"Nāgpūr"}},{"type":"Feature","id":1992,"geometry":{"type":"Point","coordinates":[79.1,21.15]},"properties":{"name":"Nagpur","tier":2,"start_year":2000,"end_year":2025,"fid":1992,"endonym":"Nāgpūr"}},{"type":"Feature","id":1993,"geometry":{"type":"Point","coordinates":[36.81667,-1.28333]},"properties":{"name":"Nairobi","tier":3,"start_year":1975,"end_year":2025,"fid":1993}},{"type":"Feature","id":1994,"geometry":{"type":"Point","coordinates":[106.168333,20.42]},"properties":{"name":"Nam Dinh","tier":3,"start_year":1900,"end_year":1901,"fid":1994,"endonym":"Nam Định"}},{"type":"Feature","id":1995,"geometry":{"type":"Point","coordinates":[71.67257,40.9983]},"properties":{"name":"Namangan","tier":3,"start_year":1900,"end_year":1901,"fid":1995,"endonym":"نمنگان"}},{"type":"Feature","id":1996,"geometry":{"type":"Point","coordinates":[4.86746,50.4669]},"properties":{"name":"Namur","tier":3,"start_year":1900,"end_year":1901,"fid":1996}},{"type":"Feature","id":1997,"geometry":{"type":"Point","coordinates":[115.88333,28.68333]},"properties":{"name":"Nanchang","tier":2,"start_year":1077,"end_year":1552,"fid":1997,"endonym":"南昌"}},{"type":"Feature","id":1998,"geometry":{"type":"Point","coordinates":[115.88333,28.68333]},"properties":{"name":"Nanchang","tier":3,"start_year":1552,"end_year":1569,"fid":1998,"endonym":"南昌"}},{"type":"Feature","id":1999,"geometry":{"type":"Point","coordinates":[115.88333,28.68333]},"properties":{"name":"Nanchang","tier":2,"start_year":1569,"end_year":1570,"fid":1999,"endonym":"南昌"}},{"type":"Feature","id":2000,"geometry":{"type":"Point","coordinates":[115.88333,28.68333]},"properties":{"name":"Nanchang","tier":3,"start_year":1570,"end_year":1572,"fid":2000,"endonym":"南昌"}},{"type":"Feature","id":2001,"geometry":{"type":"Point","coordinates":[115.88333,28.68333]},"properties":{"name":"Nanchang","tier":2,"start_year":1572,"end_year":1575,"fid":2001,"endonym":"南昌"}},{"type":"Feature","id":2002,"geometry":{"type":"Point","coordinates":[115.88333,28.68333]},"properties":{"name":"Nanchang","tier":3,"start_year":1575,"end_year":2025,"fid":2002,"endonym":"南昌"}},{"type":"Feature","id":2003,"geometry":{"type":"Point","coordinates":[6.18496,48.68439]},"properties":{"name":"Nancy","tier":3,"start_year":1698,"end_year":1901,"fid":2003}},{"type":"Feature","id":2004,"geometry":{"type":"Point","coordinates":[113.116667,23.016667]},"properties":{"name":"Nanhai","tier":3,"start_year":1700,"end_year":1701,"fid":2004,"endonym":"南海"}},{"type":"Feature","id":2005,"geometry":{"type":"Point","coordinates":[113.116667,23.016667]},"properties":{"name":"Nanhai","tier":2,"start_year":1701,"end_year":1734,"fid":2005,"endonym":"南海"}},{"type":"Feature","id":2006,"geometry":{"type":"Point","coordinates":[113.116667,23.016667]},"properties":{"name":"Nanhai","tier":3,"start_year":1734,"end_year":1772,"fid":2006,"endonym":"南海"}},{"type":"Feature","id":2007,"geometry":{"type":"Point","coordinates":[113.116667,23.016667]},"properties":{"name":"Nanhai","tier":2,"start_year":1772,"end_year":1891,"fid":2007,"endonym":"南海"}},{"type":"Feature","id":2008,"geometry":{"type":"Point","coordinates":[113.116667,23.016667]},"properties":{"name":"Nanhai","tier":3,"start_year":1891,"end_year":1949,"fid":2008,"endonym":"南海"}},{"type":"Feature","id":2009,"geometry":{"type":"Point","coordinates":[118.766667,32.05]},"properties":{"name":"Nanjing","tier":1,"start_year":300,"end_year":620,"fid":2009,"endonym":"南京"}},{"type":"Feature","id":2010,"geometry":{"type":"Point","coordinates":[118.766667,32.05]},"properties":{"name":"Nanjing","tier":2,"start_year":620,"end_year":927,"fid":2010,"endonym":"南京"}},{"type":"Feature","id":2011,"geometry":{"type":"Point","coordinates":[118.766667,32.05]},"properties":{"name":"Nanjing","tier":1,"start_year":927,"end_year":990,"fid":2011,"endonym":"南京"}},{"type":"Feature","id":2012,"geometry":{"type":"Point","coordinates":[118.766667,32.05]},"properties":{"name":"Nanjing","tier":2,"start_year":990,"end_year":1116,"fid":2012,"endonym":"南京"}},{"type":"Feature","id":2013,"geometry":{"type":"Point","coordinates":[118.766667,32.05]},"properties":{"name":"Nanjing","tier":1,"start_year":1116,"end_year":1711,"fid":2013,"endonym":"南京"}},{"type":"Feature","id":2014,"geometry":{"type":"Point","coordinates":[118.766667,32.05]},"properties":{"name":"Nanjing","tier":2,"start_year":1711,"end_year":1720,"fid":2014,"endonym":"南京"}},{"type":"Feature","id":2015,"geometry":{"type":"Point","coordinates":[118.766667,32.05]},"properties":{"name":"Nanjing","tier":1,"start_year":1720,"end_year":1725,"fid":2015,"endonym":"南京"}},{"type":"Feature","id":2016,"geometry":{"type":"Point","coordinates":[118.766667,32.05]},"properties":{"name":"Nanjing","tier":2,"start_year":1725,"end_year":1778,"fid":2016,"endonym":"南京"}},{"type":"Feature","id":2017,"geometry":{"type":"Point","coordinates":[118.766667,32.05]},"properties":{"name":"Nanjing","tier":3,"start_year":1778,"end_year":1888,"fid":2017,"endonym":"南京"}},{"type":"Feature","id":2018,"geometry":{"type":"Point","coordinates":[118.766667,32.05]},"properties":{"name":"Nanjing","tier":2,"start_year":1888,"end_year":1970,"fid":2018,"endonym":"南京"}},{"type":"Feature","id":2019,"geometry":{"type":"Point","coordinates":[118.766667,32.05]},"properties":{"name":"Nanjing","tier":3,"start_year":1970,"end_year":1975,"fid":2019,"endonym":"南京"}},{"type":"Feature","id":2020,"geometry":{"type":"Point","coordinates":[118.766667,32.05]},"properties":{"name":"Nanjing","tier":2,"start_year":1975,"end_year":2000,"fid":2020,"endonym":"南京"}},{"type":"Feature","id":2021,"geometry":{"type":"Point","coordinates":[118.766667,32.05]},"properties":{"name":"Nanjing","tier":3,"start_year":2000,"end_year":2025,"fid":2021,"endonym":"南京"}},{"type":"Feature","id":2022,"geometry":{"type":"Point","coordinates":[108.31667,22.81667]},"properties":{"name":"Nanning","tier":2,"start_year":900,"end_year":1543,"fid":2022,"endonym":"南寧"}},{"type":"Feature","id":2023,"geometry":{"type":"Point","coordinates":[108.31667,22.81667]},"properties":{"name":"Nanning","tier":3,"start_year":1543,"end_year":1544,"fid":2023,"endonym":"南寧"}},{"type":"Feature","id":2024,"geometry":{"type":"Point","coordinates":[108.31667,22.81667]},"properties":{"name":"Nanning","tier":2,"start_year":1544,"end_year":1545,"fid":2024,"endonym":"南寧"}},{"type":"Feature","id":2025,"geometry":{"type":"Point","coordinates":[108.31667,22.81667]},"properties":{"name":"Nanning","tier":3,"start_year":1545,"end_year":1570,"fid":2025,"endonym":"南寧"}},{"type":"Feature","id":2026,"geometry":{"type":"Point","coordinates":[108.31667,22.81667]},"properties":{"name":"Nanning","tier":2,"start_year":1570,"end_year":1587,"fid":2026,"endonym":"南寧"}},{"type":"Feature","id":2027,"geometry":{"type":"Point","coordinates":[108.31667,22.81667]},"properties":{"name":"Nanning","tier":3,"start_year":1587,"end_year":1592,"fid":2027,"endonym":"南寧"}},{"type":"Feature","id":2028,"geometry":{"type":"Point","coordinates":[108.31667,22.81667]},"properties":{"name":"Nanning","tier":2,"start_year":1592,"end_year":1599,"fid":2028,"endonym":"南寧"}},{"type":"Feature","id":2029,"geometry":{"type":"Point","coordinates":[108.31667,22.81667]},"properties":{"name":"Nanning","tier":3,"start_year":1599,"end_year":2025,"fid":2029,"endonym":"南寧"}},{"type":"Feature","id":2030,"geometry":{"type":"Point","coordinates":[-1.55336,47.21725]},"properties":{"name":"Nantes","tier":3,"start_year":1500,"end_year":1787,"fid":2030}},{"type":"Feature","id":2031,"geometry":{"type":"Point","coordinates":[-1.55336,47.21725]},"properties":{"name":"Nantes","tier":2,"start_year":1787,"end_year":1853,"fid":2031}},{"type":"Feature","id":2032,"geometry":{"type":"Point","coordinates":[-1.55336,47.21725]},"properties":{"name":"Nantes","tier":3,"start_year":1853,"end_year":1951,"fid":2032}},{"type":"Feature","id":2033,"geometry":{"type":"Point","coordinates":[120.894339,31.980175]},"properties":{"name":"Nantong","tier":3,"start_year":1950,"end_year":1951,"fid":2033,"endonym":"南通"}},{"type":"Feature","id":2034,"geometry":{"type":"Point","coordinates":[14.268122,40.851775]},"properties":{"name":"Naples","tier":2,"start_year":800,"end_year":1100,"fid":2034,"endonym":"Napoli"}},{"type":"Feature","id":2035,"geometry":{"type":"Point","coordinates":[14.268122,40.851775]},"properties":{"name":"Naples","tier":3,"start_year":1100,"end_year":1101,"fid":2035,"endonym":"Napoli"}},{"type":"Feature","id":2036,"geometry":{"type":"Point","coordinates":[14.268122,40.851775]},"properties":{"name":"Naples","tier":2,"start_year":1101,"end_year":1116,"fid":2036,"endonym":"Napoli"}},{"type":"Feature","id":2037,"geometry":{"type":"Point","coordinates":[14.268122,40.851775]},"properties":{"name":"Naples","tier":3,"start_year":1116,"end_year":1143,"fid":2037,"endonym":"Napoli"}},{"type":"Feature","id":2038,"geometry":{"type":"Point","coordinates":[14.268122,40.851775]},"properties":{"name":"Naples","tier":2,"start_year":1143,"end_year":1150,"fid":2038,"endonym":"Napoli"}},{"type":"Feature","id":2039,"geometry":{"type":"Point","coordinates":[14.268122,40.851775]},"properties":{"name":"Naples","tier":3,"start_year":1150,"end_year":1160,"fid":2039,"endonym":"Napoli"}},{"type":"Feature","id":2040,"geometry":{"type":"Point","coordinates":[14.268122,40.851775]},"properties":{"name":"Naples","tier":2,"start_year":1160,"end_year":1161,"fid":2040,"endonym":"Napoli"}},{"type":"Feature","id":2041,"geometry":{"type":"Point","coordinates":[14.268122,40.851775]},"properties":{"name":"Naples","tier":3,"start_year":1161,"end_year":1189,"fid":2041,"endonym":"Napoli"}},{"type":"Feature","id":2042,"geometry":{"type":"Point","coordinates":[14.268122,40.851775]},"properties":{"name":"Naples","tier":2,"start_year":1189,"end_year":1200,"fid":2042,"endonym":"Napoli"}},{"type":"Feature","id":2043,"geometry":{"type":"Point","coordinates":[14.268122,40.851775]},"properties":{"name":"Naples","tier":3,"start_year":1200,"end_year":1201,"fid":2043,"endonym":"Napoli"}},{"type":"Feature","id":2044,"geometry":{"type":"Point","coordinates":[14.268122,40.851775]},"properties":{"name":"Naples","tier":2,"start_year":1201,"end_year":1216,"fid":2044,"endonym":"Napoli"}},{"type":"Feature","id":2045,"geometry":{"type":"Point","coordinates":[14.268122,40.851775]},"properties":{"name":"Naples","tier":3,"start_year":1216,"end_year":1221,"fid":2045,"endonym":"Napoli"}},{"type":"Feature","id":2046,"geometry":{"type":"Point","coordinates":[14.268122,40.851775]},"properties":{"name":"Naples","tier":2,"start_year":1221,"end_year":1223,"fid":2046,"endonym":"Napoli"}},{"type":"Feature","id":2047,"geometry":{"type":"Point","coordinates":[14.268122,40.851775]},"properties":{"name":"Naples","tier":3,"start_year":1223,"end_year":1228,"fid":2047,"endonym":"Napoli"}},{"type":"Feature","id":2048,"geometry":{"type":"Point","coordinates":[14.268122,40.851775]},"properties":{"name":"Naples","tier":2,"start_year":1228,"end_year":1236,"fid":2048,"endonym":"Napoli"}},{"type":"Feature","id":2049,"geometry":{"type":"Point","coordinates":[14.268122,40.851775]},"properties":{"name":"Naples","tier":3,"start_year":1236,"end_year":1292,"fid":2049,"endonym":"Napoli"}},{"type":"Feature","id":2050,"geometry":{"type":"Point","coordinates":[14.268122,40.851775]},"properties":{"name":"Naples","tier":2,"start_year":1292,"end_year":1353,"fid":2050,"endonym":"Napoli"}},{"type":"Feature","id":2051,"geometry":{"type":"Point","coordinates":[14.268122,40.851775]},"properties":{"name":"Naples","tier":3,"start_year":1353,"end_year":1402,"fid":2051,"endonym":"Napoli"}},{"type":"Feature","id":2052,"geometry":{"type":"Point","coordinates":[14.268122,40.851775]},"properties":{"name":"Naples","tier":2,"start_year":1402,"end_year":1466,"fid":2052,"endonym":"Napoli"}},{"type":"Feature","id":2053,"geometry":{"type":"Point","coordinates":[14.268122,40.851775]},"properties":{"name":"Naples","tier":1,"start_year":1466,"end_year":1888,"fid":2053,"endonym":"Napoli"}},{"type":"Feature","id":2054,"geometry":{"type":"Point","coordinates":[14.268122,40.851775]},"properties":{"name":"Naples","tier":2,"start_year":1888,"end_year":2000,"fid":2054,"endonym":"Napoli"}},{"type":"Feature","id":2055,"geometry":{"type":"Point","coordinates":[14.268122,40.851775]},"properties":{"name":"Naples","tier":3,"start_year":2000,"end_year":2025,"fid":2055,"endonym":"Napoli"}},{"type":"Feature","id":2056,"geometry":{"type":"Point","coordinates":[135.832742,34.685333]},"properties":{"name":"Nara City","tier":1,"start_year":709,"end_year":874,"fid":2056,"endonym":"奈良"}},{"type":"Feature","id":2057,"geometry":{"type":"Point","coordinates":[135.832742,34.685333]},"properties":{"name":"Nara City","tier":2,"start_year":874,"end_year":1228,"fid":2057,"endonym":"奈良"}},{"type":"Feature","id":2058,"geometry":{"type":"Point","coordinates":[135.832742,34.685333]},"properties":{"name":"Nara City","tier":3,"start_year":1228,"end_year":1878,"fid":2058,"endonym":"奈良"}},{"type":"Feature","id":2059,"geometry":{"type":"Point","coordinates":[3,43.18333]},"properties":{"name":"Narbonne","tier":3,"start_year":1200,"end_year":1842,"fid":2059}},{"type":"Feature","id":2060,"geometry":{"type":"Point","coordinates":[-86.783333,36.166667]},"properties":{"name":"Nashville","tier":3,"start_year":1900,"end_year":1976,"fid":2060}},{"type":"Feature","id":2061,"geometry":{"type":"Point","coordinates":[79.98674,14.45363]},"properties":{"name":"Nellore","tier":3,"start_year":1900,"end_year":1901,"fid":2061,"endonym":"Nellūru"}},{"type":"Feature","id":2062,"geometry":{"type":"Point","coordinates":[-70.9342,41.63622]},"properties":{"name":"New Bedford","tier":3,"start_year":1900,"end_year":1901,"fid":2062}},{"type":"Feature","id":2063,"geometry":{"type":"Point","coordinates":[-72.927884,41.308274]},"properties":{"name":"New Haven","tier":3,"start_year":1900,"end_year":1951,"fid":2063}},{"type":"Feature","id":2064,"geometry":{"type":"Point","coordinates":[-90.07507,29.95465]},"properties":{"name":"New Orleans","tier":3,"start_year":1797,"end_year":1827,"fid":2064,"endonym":"La Nouvelle-Orléans"}},{"type":"Feature","id":2065,"geometry":{"type":"Point","coordinates":[-90.07507,29.95465]},"properties":{"name":"New Orleans","tier":2,"start_year":1827,"end_year":1943,"fid":2065,"endonym":"La Nouvelle-Orléans"}},{"type":"Feature","id":2066,"geometry":{"type":"Point","coordinates":[-90.07507,29.95465]},"properties":{"name":"New Orleans","tier":3,"start_year":1943,"end_year":1976,"fid":2066,"endonym":"La Nouvelle-Orléans"}},{"type":"Feature","id":2067,"geometry":{"type":"Point","coordinates":[-74.005972,40.714353]},"properties":{"name":"New York","tier":3,"start_year":1703,"end_year":1799,"fid":2067}},{"type":"Feature","id":2068,"geometry":{"type":"Point","coordinates":[-74.005972,40.714353]},"properties":{"name":"New York","tier":2,"start_year":1799,"end_year":1827,"fid":2068}},{"type":"Feature","id":2069,"geometry":{"type":"Point","coordinates":[-74.005972,40.714353]},"properties":{"name":"New York","tier":1,"start_year":1827,"end_year":2025,"fid":2069}},{"type":"Feature","id":2070,"geometry":{"type":"Point","coordinates":[-74.021389,41.519722]},"properties":{"name":"Newburgh","tier":3,"start_year":1900,"end_year":1901,"fid":2070}},{"type":"Feature","id":2071,"geometry":{"type":"Point","coordinates":[151.77647,-32.92715]},"properties":{"name":"Newcastle","tier":3,"start_year":1900,"end_year":1901,"fid":2071,"endonym":"Newcastle upon Tyne"}},{"type":"Feature","id":2072,"geometry":{"type":"Point","coordinates":[-1.617781,54.978253]},"properties":{"name":"Newcastle upon Tyne","tier":3,"start_year":1400,"end_year":1831,"fid":2072}},{"type":"Feature","id":2073,"geometry":{"type":"Point","coordinates":[-1.617781,54.978253]},"properties":{"name":"Newcastle upon Tyne","tier":2,"start_year":1831,"end_year":1873,"fid":2073}},{"type":"Feature","id":2074,"geometry":{"type":"Point","coordinates":[-1.617781,54.978253]},"properties":{"name":"Newcastle upon Tyne","tier":1,"start_year":1873,"end_year":1885,"fid":2074}},{"type":"Feature","id":2075,"geometry":{"type":"Point","coordinates":[-1.617781,54.978253]},"properties":{"name":"Newcastle upon Tyne","tier":2,"start_year":1885,"end_year":1895,"fid":2075}},{"type":"Feature","id":2076,"geometry":{"type":"Point","coordinates":[-1.617781,54.978253]},"properties":{"name":"Newcastle upon Tyne","tier":1,"start_year":1895,"end_year":1900,"fid":2076}},{"type":"Feature","id":2077,"geometry":{"type":"Point","coordinates":[-1.617781,54.978253]},"properties":{"name":"Newcastle upon Tyne","tier":2,"start_year":1900,"end_year":1970,"fid":2077}},{"type":"Feature","id":2078,"geometry":{"type":"Point","coordinates":[-1.617781,54.978253]},"properties":{"name":"Newcastle upon Tyne","tier":3,"start_year":1970,"end_year":1976,"fid":2078}},{"type":"Feature","id":2079,"geometry":{"type":"Point","coordinates":[-2.969647,51.582336]},"properties":{"name":"Newport","tier":3,"start_year":1900,"end_year":1901,"fid":2079}},{"type":"Feature","id":2080,"geometry":{"type":"Point","coordinates":[31.886111,51.038056]},"properties":{"name":"Nezhyn","tier":3,"start_year":1900,"end_year":1901,"fid":2080,"endonym":"Нежин"}},{"type":"Feature","id":2081,"geometry":{"type":"Point","coordinates":[13.702778,12.714444]},"properties":{"name":"Ngornu","tier":3,"start_year":1822,"end_year":1881,"fid":2081}},{"type":"Feature","id":2082,"geometry":{"type":"Point","coordinates":[7.26608,43.70313]},"properties":{"name":"Nice","tier":3,"start_year":1900,"end_year":1951,"fid":2082}},{"type":"Feature","id":2083,"geometry":{"type":"Point","coordinates":[33.36667,35.16667]},"properties":{"name":"Nicosia","tier":3,"start_year":1400,"end_year":1882,"fid":2083,"endonym":"Λευκωσία"}},{"type":"Feature","id":2084,"geometry":{"type":"Point","coordinates":[139.023095,37.902552]},"properties":{"name":"Niigata","tier":3,"start_year":1900,"end_year":1951,"fid":2084,"endonym":"新潟"}},{"type":"Feature","id":2085,"geometry":{"type":"Point","coordinates":[5.837233,51.812563]},"properties":{"name":"Nijmegen","tier":3,"start_year":1900,"end_year":1901,"fid":2085}},{"type":"Feature","id":2086,"geometry":{"type":"Point","coordinates":[4.35,43.83333]},"properties":{"name":"Nimes","tier":2,"start_year":-100,"end_year":1000,"fid":2086,"endonym":"Nemausus"}},{"type":"Feature","id":2087,"geometry":{"type":"Point","coordinates":[4.35,43.83333]},"properties":{"name":"Nimes","tier":3,"start_year":1000,"end_year":1901,"fid":2087,"endonym":"Nemausus"}},{"type":"Feature","id":2088,"geometry":{"type":"Point","coordinates":[43.32875612,36.09813154]},"properties":{"name":"Nimrud","tier":1,"start_year":-800,"end_year":-649,"fid":2088,"endonym":"Kalḫu"}},{"type":"Feature","id":2089,"geometry":{"type":"Point","coordinates":[43.152778,36.359444]},"properties":{"name":"Nineveh","tier":1,"start_year":-1600,"end_year":-649,"fid":2089,"endonym":"Ninua"}},{"type":"Feature","id":2090,"geometry":{"type":"Point","coordinates":[121.55,29.866667]},"properties":{"name":"Ningbo","tier":3,"start_year":1077,"end_year":1161,"fid":2090,"endonym":"寧波"}},{"type":"Feature","id":2091,"geometry":{"type":"Point","coordinates":[121.55,29.866667]},"properties":{"name":"Ningbo","tier":2,"start_year":1161,"end_year":1164,"fid":2091,"endonym":"寧波"}},{"type":"Feature","id":2092,"geometry":{"type":"Point","coordinates":[121.55,29.866667]},"properties":{"name":"Ningbo","tier":3,"start_year":1164,"end_year":1169,"fid":2092,"endonym":"寧波"}},{"type":"Feature","id":2093,"geometry":{"type":"Point","coordinates":[121.55,29.866667]},"properties":{"name":"Ningbo","tier":2,"start_year":1169,"end_year":1468,"fid":2093,"endonym":"寧波"}},{"type":"Feature","id":2094,"geometry":{"type":"Point","coordinates":[121.55,29.866667]},"properties":{"name":"Ningbo","tier":3,"start_year":1468,"end_year":1532,"fid":2094,"endonym":"寧波"}},{"type":"Feature","id":2095,"geometry":{"type":"Point","coordinates":[121.55,29.866667]},"properties":{"name":"Ningbo","tier":2,"start_year":1532,"end_year":1536,"fid":2095,"endonym":"寧波"}},{"type":"Feature","id":2096,"geometry":{"type":"Point","coordinates":[121.55,29.866667]},"properties":{"name":"Ningbo","tier":3,"start_year":1536,"end_year":1540,"fid":2096,"endonym":"寧波"}},{"type":"Feature","id":2097,"geometry":{"type":"Point","coordinates":[121.55,29.866667]},"properties":{"name":"Ningbo","tier":2,"start_year":1540,"end_year":1842,"fid":2097,"endonym":"寧波"}},{"type":"Feature","id":2098,"geometry":{"type":"Point","coordinates":[121.55,29.866667]},"properties":{"name":"Ningbo","tier":3,"start_year":1842,"end_year":1853,"fid":2098,"endonym":"寧波"}},{"type":"Feature","id":2099,"geometry":{"type":"Point","coordinates":[121.55,29.866667]},"properties":{"name":"Ningbo","tier":2,"start_year":1853,"end_year":1905,"fid":2099,"endonym":"寧波"}},{"type":"Feature","id":2100,"geometry":{"type":"Point","coordinates":[121.55,29.866667]},"properties":{"name":"Ningbo","tier":3,"start_year":1905,"end_year":2025,"fid":2100,"endonym":"寧波"}},{"type":"Feature","id":2101,"geometry":{"type":"Point","coordinates":[45.23078534,32.12693858]},"properties":{"name":"Nippur","tier":1,"start_year":-3000,"end_year":-1199,"fid":2101,"endonym":"Nibru"}},{"type":"Feature","id":2102,"geometry":{"type":"Point","coordinates":[21.896328,43.319381]},"properties":{"name":"Nis","tier":3,"start_year":1500,"end_year":1878,"fid":2102,"endonym":"Ниш"}},{"type":"Feature","id":2103,"geometry":{"type":"Point","coordinates":[58.795833,36.213333]},"properties":{"name":"Nishapur","tier":2,"start_year":361,"end_year":591,"fid":2103,"endonym":"نیشابور"}},{"type":"Feature","id":2104,"geometry":{"type":"Point","coordinates":[58.795833,36.213333]},"properties":{"name":"Nishapur","tier":1,"start_year":591,"end_year":600,"fid":2104,"endonym":"نیشابور"}},{"type":"Feature","id":2105,"geometry":{"type":"Point","coordinates":[58.795833,36.213333]},"properties":{"name":"Nishapur","tier":2,"start_year":600,"end_year":620,"fid":2105,"endonym":"نیشابور"}},{"type":"Feature","id":2106,"geometry":{"type":"Point","coordinates":[58.795833,36.213333]},"properties":{"name":"Nishapur","tier":1,"start_year":620,"end_year":700,"fid":2106,"endonym":"نیشابور"}},{"type":"Feature","id":2107,"geometry":{"type":"Point","coordinates":[58.795833,36.213333]},"properties":{"name":"Nishapur","tier":2,"start_year":700,"end_year":705,"fid":2107,"endonym":"نیشابور"}},{"type":"Feature","id":2108,"geometry":{"type":"Point","coordinates":[58.795833,36.213333]},"properties":{"name":"Nishapur","tier":1,"start_year":705,"end_year":1160,"fid":2108,"endonym":"نیشابور"}},{"type":"Feature","id":2109,"geometry":{"type":"Point","coordinates":[58.795833,36.213333]},"properties":{"name":"Nishapur","tier":2,"start_year":1160,"end_year":1200,"fid":2109,"endonym":"نیشابور"}},{"type":"Feature","id":2110,"geometry":{"type":"Point","coordinates":[58.795833,36.213333]},"properties":{"name":"Nishapur","tier":3,"start_year":1200,"end_year":1212,"fid":2110,"endonym":"نیشابور"}},{"type":"Feature","id":2111,"geometry":{"type":"Point","coordinates":[58.795833,36.213333]},"properties":{"name":"Nishapur","tier":2,"start_year":1212,"end_year":1475,"fid":2111,"endonym":"نیشابور"}},{"type":"Feature","id":2112,"geometry":{"type":"Point","coordinates":[58.795833,36.213333]},"properties":{"name":"Nishapur","tier":3,"start_year":1475,"end_year":1476,"fid":2112,"endonym":"نیشابور"}},{"type":"Feature","id":2113,"geometry":{"type":"Point","coordinates":[58.795833,36.213333]},"properties":{"name":"Nishapur","tier":2,"start_year":1476,"end_year":1479,"fid":2113,"endonym":"نیشابور"}},{"type":"Feature","id":2114,"geometry":{"type":"Point","coordinates":[58.795833,36.213333]},"properties":{"name":"Nishapur","tier":3,"start_year":1479,"end_year":1870,"fid":2114,"endonym":"نیشابور"}},{"type":"Feature","id":2115,"geometry":{"type":"Point","coordinates":[44.0075,56.3269]},"properties":{"name":"Nizhniy Novgorod","tier":3,"start_year":1350,"end_year":1353,"fid":2115,"endonym":"Нижний Новгород"}},{"type":"Feature","id":2116,"geometry":{"type":"Point","coordinates":[44.0075,56.3269]},"properties":{"name":"Nizhniy Novgorod","tier":2,"start_year":1353,"end_year":1500,"fid":2116,"endonym":"Нижний Новгород"}},{"type":"Feature","id":2117,"geometry":{"type":"Point","coordinates":[44.0075,56.3269]},"properties":{"name":"Nizhniy Novgorod","tier":3,"start_year":1500,"end_year":1920,"fid":2117,"endonym":"Нижний Новгород"}},{"type":"Feature","id":2118,"geometry":{"type":"Point","coordinates":[44.0075,56.3269]},"properties":{"name":"Nizhniy Novgorod","tier":2,"start_year":1920,"end_year":2000,"fid":2118,"endonym":"Нижний Новгород"}},{"type":"Feature","id":2119,"geometry":{"type":"Point","coordinates":[44.0075,56.3269]},"properties":{"name":"Nizhniy Novgorod","tier":3,"start_year":2000,"end_year":2025,"fid":2119,"endonym":"Нижний Новгород"}},{"type":"Feature","id":2120,"geometry":{"type":"Point","coordinates":[59.966667,57.916667]},"properties":{"name":"Nizhniy Tagil","tier":3,"start_year":1900,"end_year":1951,"fid":2120,"endonym":"Нижний Тагил"}},{"type":"Feature","id":2121,"geometry":{"type":"Point","coordinates":[12.227778,13.047222]},"properties":{"name":"Nkazargamu","tier":3,"start_year":1500,"end_year":1568,"fid":2121,"endonym":"Ngazargamu"}},{"type":"Feature","id":2122,"geometry":{"type":"Point","coordinates":[12.227778,13.047222]},"properties":{"name":"Nkazargamu","tier":2,"start_year":1568,"end_year":1700,"fid":2122,"endonym":"Ngazargamu"}},{"type":"Feature","id":2123,"geometry":{"type":"Point","coordinates":[12.227778,13.047222]},"properties":{"name":"Nkazargamu","tier":3,"start_year":1700,"end_year":1801,"fid":2123,"endonym":"Ngazargamu"}},{"type":"Feature","id":2124,"geometry":{"type":"Point","coordinates":[-76.28522,36.84681]},"properties":{"name":"Norfolk","tier":3,"start_year":1900,"end_year":1976,"fid":2124}},{"type":"Feature","id":2125,"geometry":{"type":"Point","coordinates":[16.1826,58.59419]},"properties":{"name":"Norrkoping","tier":3,"start_year":1900,"end_year":1901,"fid":2125,"endonym":"Norrköping"}},{"type":"Feature","id":2126,"geometry":{"type":"Point","coordinates":[-0.896028,52.150592]},"properties":{"name":"Northampton","tier":3,"start_year":1900,"end_year":1901,"fid":2126}},{"type":"Feature","id":2127,"geometry":{"type":"Point","coordinates":[1.29834,52.62783]},"properties":{"name":"Norwich","tier":3,"start_year":1086,"end_year":1901,"fid":2127}},{"type":"Feature","id":2128,"geometry":{"type":"Point","coordinates":[-1.15047,52.9536]},"properties":{"name":"Nottingham","tier":3,"start_year":1739,"end_year":1839,"fid":2128}},{"type":"Feature","id":2129,"geometry":{"type":"Point","coordinates":[-1.15047,52.9536]},"properties":{"name":"Nottingham","tier":2,"start_year":1839,"end_year":1848,"fid":2129}},{"type":"Feature","id":2130,"geometry":{"type":"Point","coordinates":[-1.15047,52.9536]},"properties":{"name":"Nottingham","tier":3,"start_year":1848,"end_year":1851,"fid":2130}},{"type":"Feature","id":2131,"geometry":{"type":"Point","coordinates":[-1.15047,52.9536]},"properties":{"name":"Nottingham","tier":2,"start_year":1851,"end_year":1900,"fid":2131}},{"type":"Feature","id":2132,"geometry":{"type":"Point","coordinates":[-1.15047,52.9536]},"properties":{"name":"Nottingham","tier":3,"start_year":1900,"end_year":1976,"fid":2132}},{"type":"Feature","id":2133,"geometry":{"type":"Point","coordinates":[31.274192,58.525569]},"properties":{"name":"Novgorod","tier":3,"start_year":1000,"end_year":1367,"fid":2133,"endonym":"Новгородъ"}},{"type":"Feature","id":2134,"geometry":{"type":"Point","coordinates":[31.274192,58.525569]},"properties":{"name":"Novgorod","tier":2,"start_year":1367,"end_year":1496,"fid":2134,"endonym":"Новгородъ"}},{"type":"Feature","id":2135,"geometry":{"type":"Point","coordinates":[31.274192,58.525569]},"properties":{"name":"Novgorod","tier":3,"start_year":1496,"end_year":1801,"fid":2135,"endonym":"Новгородъ"}},{"type":"Feature","id":2136,"geometry":{"type":"Point","coordinates":[40.083333,47.416667]},"properties":{"name":"Novocherkassk","tier":3,"start_year":1900,"end_year":1901,"fid":2136,"endonym":"Новочеркасск"}},{"type":"Feature","id":2137,"geometry":{"type":"Point","coordinates":[87.1099,53.7557]},"properties":{"name":"Novokuznetsk","tier":3,"start_year":1950,"end_year":1976,"fid":2137,"endonym":"Новокузнецк"}},{"type":"Feature","id":2138,"geometry":{"type":"Point","coordinates":[82.9346,55.0415]},"properties":{"name":"Novosibirsk","tier":3,"start_year":1950,"end_year":2025,"fid":2138,"endonym":"Новосибирск"}},{"type":"Feature","id":2139,"geometry":{"type":"Point","coordinates":[11.07675,49.452031]},"properties":{"name":"Nurnberg","tier":3,"start_year":1219,"end_year":1883,"fid":2139,"endonym":"Nürnberg"}},{"type":"Feature","id":2140,"geometry":{"type":"Point","coordinates":[11.07675,49.452031]},"properties":{"name":"Nurnberg","tier":2,"start_year":1883,"end_year":1933,"fid":2140,"endonym":"Nürnberg"}},{"type":"Feature","id":2141,"geometry":{"type":"Point","coordinates":[11.07675,49.452031]},"properties":{"name":"Nurnberg","tier":3,"start_year":1933,"end_year":1976,"fid":2141,"endonym":"Nürnberg"}},{"type":"Feature","id":2142,"geometry":{"type":"Point","coordinates":[21.71671,47.95539]},"properties":{"name":"Nyiregyhaza","tier":3,"start_year":1900,"end_year":1901,"fid":2142,"endonym":"Nyíregyháza"}},{"type":"Feature","id":2143,"geometry":{"type":"Point","coordinates":[-97.516428,35.46756]},"properties":{"name":"Oaklahoma City","tier":3,"start_year":1950,"end_year":1976,"fid":2143,"endonym":"Oklahoma City"}},{"type":"Feature","id":2144,"geometry":{"type":"Point","coordinates":[-96.71914,17.07108]},"properties":{"name":"Oaxaca","tier":3,"start_year":1520,"end_year":1901,"fid":2144,"endonym":"Huāxyacac"}},{"type":"Feature","id":2145,"geometry":{"type":"Point","coordinates":[10.38831,55.39594]},"properties":{"name":"Odense","tier":3,"start_year":1900,"end_year":1901,"fid":2145}},{"type":"Feature","id":2146,"geometry":{"type":"Point","coordinates":[30.73262,46.47747]},"properties":{"name":"Odesa","tier":3,"start_year":1795,"end_year":1854,"fid":2146,"endonym":"Одеса"}},{"type":"Feature","id":2147,"geometry":{"type":"Point","coordinates":[30.73262,46.47747]},"properties":{"name":"Odesa","tier":2,"start_year":1854,"end_year":1928,"fid":2147,"endonym":"Одеса"}},{"type":"Feature","id":2148,"geometry":{"type":"Point","coordinates":[30.73262,46.47747]},"properties":{"name":"Odesa","tier":3,"start_year":1928,"end_year":2025,"fid":2148,"endonym":"Одеса"}},{"type":"Feature","id":2149,"geometry":{"type":"Point","coordinates":[4.25,8.133333]},"properties":{"name":"Ogbomosho","tier":3,"start_year":1850,"end_year":1901,"fid":2149,"endonym":"Ògbómọ̀ṣọ́"}},{"type":"Feature","id":2150,"geometry":{"type":"Point","coordinates":[23.380704,43.454967]},"properties":{"name":"Ohrid","tier":2,"start_year":1000,"end_year":1116,"fid":2150,"endonym":"Ἄχρις"}},{"type":"Feature","id":2151,"geometry":{"type":"Point","coordinates":[23.380704,43.454967]},"properties":{"name":"Ohrid","tier":3,"start_year":1116,"end_year":1851,"fid":2151,"endonym":"Ἄχρις"}},{"type":"Feature","id":2152,"geometry":{"type":"Point","coordinates":[133.916667,34.661753]},"properties":{"name":"Okayama","tier":3,"start_year":1667,"end_year":1976,"fid":2152,"endonym":"岡山"}},{"type":"Feature","id":2153,"geometry":{"type":"Point","coordinates":[9.5,40.9167]},"properties":{"name":"Olbia","tier":2,"start_year":-200,"end_year":-199,"fid":2153,"endonym":"Ὀλβία"}},{"type":"Feature","id":2154,"geometry":{"type":"Point","coordinates":[-2.1183,53.54051]},"properties":{"name":"Oldham","tier":3,"start_year":1801,"end_year":1852,"fid":2154}},{"type":"Feature","id":2155,"geometry":{"type":"Point","coordinates":[-95.997988,41.252363]},"properties":{"name":"Omaha","tier":3,"start_year":1900,"end_year":1976,"fid":2155}},{"type":"Feature","id":2156,"geometry":{"type":"Point","coordinates":[32.47773,15.64453]},"properties":{"name":"Omdurman","tier":3,"start_year":1900,"end_year":2025,"fid":2156,"endonym":"أم درمان"}},{"type":"Feature","id":2157,"geometry":{"type":"Point","coordinates":[73.36859,54.99244]},"properties":{"name":"Omsk","tier":3,"start_year":1900,"end_year":2025,"fid":2157,"endonym":"Омск"}},{"type":"Feature","id":2158,"geometry":{"type":"Point","coordinates":[17.921298,50.675107]},"properties":{"name":"Opole","tier":3,"start_year":1900,"end_year":1901,"fid":2158,"endonym":"Oppeln"}},{"type":"Feature","id":2159,"geometry":{"type":"Point","coordinates":[-8.627064,41.167972]},"properties":{"name":"Oporto","tier":3,"start_year":1383,"end_year":1786,"fid":2159,"endonym":"Porto"}},{"type":"Feature","id":2160,"geometry":{"type":"Point","coordinates":[-8.627064,41.167972]},"properties":{"name":"Oporto","tier":2,"start_year":1786,"end_year":1863,"fid":2160,"endonym":"Porto"}},{"type":"Feature","id":2161,"geometry":{"type":"Point","coordinates":[-8.627064,41.167972]},"properties":{"name":"Oporto","tier":3,"start_year":1863,"end_year":1976,"fid":2161,"endonym":"Porto"}},{"type":"Feature","id":2162,"geometry":{"type":"Point","coordinates":[21.921111,47.072222]},"properties":{"name":"Oradea","tier":3,"start_year":1900,"end_year":1901,"fid":2162,"endonym":"Nagyvárad"}},{"type":"Feature","id":2163,"geometry":{"type":"Point","coordinates":[-0.64167,35.69111]},"properties":{"name":"Oran","tier":3,"start_year":1500,"end_year":2025,"fid":2163,"endonym":"وهران"}},{"type":"Feature","id":2164,"geometry":{"type":"Point","coordinates":[36.0785,52.96508]},"properties":{"name":"Orel","tier":3,"start_year":1782,"end_year":1901,"fid":2164,"endonym":"Орёл"}},{"type":"Feature","id":2165,"geometry":{"type":"Point","coordinates":[55.0988,51.7727]},"properties":{"name":"Orenburg","tier":3,"start_year":1900,"end_year":1951,"fid":2165,"endonym":"Оренбург"}},{"type":"Feature","id":2166,"geometry":{"type":"Point","coordinates":[-81.37924,28.53834]},"properties":{"name":"Orlando","tier":3,"start_year":1975,"end_year":1976,"fid":2166}},{"type":"Feature","id":2167,"geometry":{"type":"Point","coordinates":[1.90925,47.902964]},"properties":{"name":"Orleans","tier":3,"start_year":1200,"end_year":1901,"fid":2167,"endonym":"Orléans"}},{"type":"Feature","id":2168,"geometry":{"type":"Point","coordinates":[-67.15,-17.98333]},"properties":{"name":"Oruro","tier":3,"start_year":1606,"end_year":1849,"fid":2168}},{"type":"Feature","id":2169,"geometry":{"type":"Point","coordinates":[135.502082,34.693216]},"properties":{"name":"Osaka","tier":3,"start_year":1580,"end_year":1581,"fid":2169,"endonym":"大阪"}},{"type":"Feature","id":2170,"geometry":{"type":"Point","coordinates":[135.502082,34.693216]},"properties":{"name":"Osaka","tier":2,"start_year":1581,"end_year":1585,"fid":2170,"endonym":"大阪"}},{"type":"Feature","id":2171,"geometry":{"type":"Point","coordinates":[135.502082,34.693216]},"properties":{"name":"Osaka","tier":1,"start_year":1585,"end_year":1870,"fid":2171,"endonym":"大阪"}},{"type":"Feature","id":2172,"geometry":{"type":"Point","coordinates":[135.502082,34.693216]},"properties":{"name":"Osaka","tier":2,"start_year":1870,"end_year":1878,"fid":2172,"endonym":"大阪"}},{"type":"Feature","id":2173,"geometry":{"type":"Point","coordinates":[135.502082,34.693216]},"properties":{"name":"Osaka","tier":1,"start_year":1878,"end_year":2000,"fid":2173,"endonym":"大阪"}},{"type":"Feature","id":2174,"geometry":{"type":"Point","coordinates":[135.502082,34.693216]},"properties":{"name":"Osaka","tier":2,"start_year":2000,"end_year":2025,"fid":2174,"endonym":"大阪"}},{"type":"Feature","id":2175,"geometry":{"type":"Point","coordinates":[72.80826,40.51506]},"properties":{"name":"Osh","tier":3,"start_year":1900,"end_year":1901,"fid":2175,"endonym":"اوش"}},{"type":"Feature","id":2176,"geometry":{"type":"Point","coordinates":[4.561471,7.765845]},"properties":{"name":"Oshogbo","tier":3,"start_year":1900,"end_year":1901,"fid":2176,"endonym":"Òṣogbo"}},{"type":"Feature","id":2177,"geometry":{"type":"Point","coordinates":[10.752245,59.913869]},"properties":{"name":"Oslo","tier":3,"start_year":1900,"end_year":1976,"fid":2177}},{"type":"Feature","id":2178,"geometry":{"type":"Point","coordinates":[8.0498,52.27264]},"properties":{"name":"Osnabruck","tier":3,"start_year":1900,"end_year":1901,"fid":2178,"endonym":"Osnabrück"}},{"type":"Feature","id":2179,"geometry":{"type":"Point","coordinates":[2.9,51.216667]},"properties":{"name":"Ostend","tier":3,"start_year":1900,"end_year":1901,"fid":2179,"endonym":"Oostende"}},{"type":"Feature","id":2180,"geometry":{"type":"Point","coordinates":[12.28966708,41.75551909]},"properties":{"name":"Ostia","tier":2,"start_year":-100,"end_year":-99,"fid":2180}},{"type":"Feature","id":2181,"geometry":{"type":"Point","coordinates":[18.2925,49.835556]},"properties":{"name":"Ostrava","tier":3,"start_year":1900,"end_year":1976,"fid":2181}},{"type":"Feature","id":2182,"geometry":{"type":"Point","coordinates":[141.00222,43.18944]},"properties":{"name":"Otaru","tier":3,"start_year":1900,"end_year":1901,"fid":2182,"endonym":"小樽"}},{"type":"Feature","id":2183,"geometry":{"type":"Point","coordinates":[135.854607,35.017893]},"properties":{"name":"Otsu","tier":3,"start_year":1900,"end_year":1901,"fid":2183,"endonym":"大津"}},{"type":"Feature","id":2184,"geometry":{"type":"Point","coordinates":[-75.69812,45.41117]},"properties":{"name":"Ottawa","tier":3,"start_year":1900,"end_year":1976,"fid":2184}},{"type":"Feature","id":2185,"geometry":{"type":"Point","coordinates":[-7.025,17.3]},"properties":{"name":"Oualata","tier":2,"start_year":1050,"end_year":1077,"fid":2185,"endonym":"وَلَاتَة"}},{"type":"Feature","id":2186,"geometry":{"type":"Point","coordinates":[-7.025,17.3]},"properties":{"name":"Oualata","tier":3,"start_year":1077,"end_year":1204,"fid":2186,"endonym":"وَلَاتَة"}},{"type":"Feature","id":2187,"geometry":{"type":"Point","coordinates":[104.742897,11.819431]},"properties":{"name":"Oudong","tier":3,"start_year":1854,"end_year":1891,"fid":2187}},{"type":"Feature","id":2188,"geometry":{"type":"Point","coordinates":[-1.533864,12.364636]},"properties":{"name":"Ougadougou","tier":3,"start_year":1895,"end_year":1896,"fid":2188,"endonym":"Wogodogo"}},{"type":"Feature","id":2189,"geometry":{"type":"Point","coordinates":[-43.50517,-20.39484]},"properties":{"name":"Ouro Preto","tier":3,"start_year":1750,"end_year":1891,"fid":2189}},{"type":"Feature","id":2190,"geometry":{"type":"Point","coordinates":[-1.257726,51.752021]},"properties":{"name":"Oxford","tier":3,"start_year":1900,"end_year":1901,"fid":2190}},{"type":"Feature","id":2191,"geometry":{"type":"Point","coordinates":[30.65990829,28.53558797]},"properties":{"name":"Oxyrhyncus","tier":2,"start_year":-100,"end_year":-99,"fid":2191,"endonym":"Ὀξύρυγχος"}},{"type":"Feature","id":2192,"geometry":{"type":"Point","coordinates":[3.93333,7.85]},"properties":{"name":"Oyo","tier":2,"start_year":1400,"end_year":1700,"fid":2192,"endonym":"Ọ̀yọ́"}},{"type":"Feature","id":2193,"geometry":{"type":"Point","coordinates":[3.93333,7.85]},"properties":{"name":"Oyo","tier":3,"start_year":1700,"end_year":1701,"fid":2193,"endonym":"Ọ̀yọ́"}},{"type":"Feature","id":2194,"geometry":{"type":"Point","coordinates":[3.93333,7.85]},"properties":{"name":"Oyo","tier":2,"start_year":1701,"end_year":1813,"fid":2194,"endonym":"Ọ̀yọ́"}},{"type":"Feature","id":2195,"geometry":{"type":"Point","coordinates":[3.93333,7.85]},"properties":{"name":"Oyo","tier":3,"start_year":1813,"end_year":1901,"fid":2195,"endonym":"Ọ̀yọ́"}},{"type":"Feature","id":2196,"geometry":{"type":"Point","coordinates":[-76.849033,-12.188786]},"properties":{"name":"Pachacamac","tier":3,"start_year":800,"end_year":801,"fid":2196,"endonym":"Pachakamaq"}},{"type":"Feature","id":2197,"geometry":{"type":"Point","coordinates":[-98.709579,20.097613]},"properties":{"name":"Pachuca","tier":3,"start_year":1900,"end_year":1901,"fid":2197,"endonym":"Pachuca de Soto"}},{"type":"Feature","id":2198,"geometry":{"type":"Point","coordinates":[100.35427,-0.94924]},"properties":{"name":"Padang","tier":3,"start_year":1900,"end_year":2025,"fid":2198}},{"type":"Feature","id":2199,"geometry":{"type":"Point","coordinates":[11.876761,45.406436]},"properties":{"name":"Padua","tier":3,"start_year":1000,"end_year":1275,"fid":2199,"endonym":"Padova"}},{"type":"Feature","id":2200,"geometry":{"type":"Point","coordinates":[11.876761,45.406436]},"properties":{"name":"Padua","tier":2,"start_year":1275,"end_year":1300,"fid":2200,"endonym":"Padova"}},{"type":"Feature","id":2201,"geometry":{"type":"Point","coordinates":[11.876761,45.406436]},"properties":{"name":"Padua","tier":3,"start_year":1300,"end_year":1320,"fid":2201,"endonym":"Padova"}},{"type":"Feature","id":2202,"geometry":{"type":"Point","coordinates":[11.876761,45.406436]},"properties":{"name":"Padua","tier":2,"start_year":1320,"end_year":1324,"fid":2202,"endonym":"Padova"}},{"type":"Feature","id":2203,"geometry":{"type":"Point","coordinates":[11.876761,45.406436]},"properties":{"name":"Padua","tier":3,"start_year":1324,"end_year":1901,"fid":2203,"endonym":"Padova"}},{"type":"Feature","id":2204,"geometry":{"type":"Point","coordinates":[-4.43254,55.83173]},"properties":{"name":"Paisley","tier":3,"start_year":1753,"end_year":1901,"fid":2204}},{"type":"Feature","id":2205,"geometry":{"type":"Point","coordinates":[75.38558,19.47506]},"properties":{"name":"Paithan","tier":2,"start_year":-200,"end_year":-199,"fid":2205,"endonym":"Pratiṣṭhāna"}},{"type":"Feature","id":2206,"geometry":{"type":"Point","coordinates":[104.7458,-2.91673]},"properties":{"name":"Palembang","tier":3,"start_year":1800,"end_year":2025,"fid":2206}},{"type":"Feature","id":2207,"geometry":{"type":"Point","coordinates":[13.361267,38.115689]},"properties":{"name":"Palermo","tier":2,"start_year":1000,"end_year":1046,"fid":2207,"endonym":"بَلَرْم"}},{"type":"Feature","id":2208,"geometry":{"type":"Point","coordinates":[13.361267,38.115689]},"properties":{"name":"Palermo","tier":1,"start_year":1046,"end_year":1101,"fid":2208,"endonym":"بَلَرْم"}},{"type":"Feature","id":2209,"geometry":{"type":"Point","coordinates":[13.361267,38.115689]},"properties":{"name":"Palermo","tier":2,"start_year":1101,"end_year":1141,"fid":2209,"endonym":"بَلَرْم"}},{"type":"Feature","id":2210,"geometry":{"type":"Point","coordinates":[13.361267,38.115689]},"properties":{"name":"Palermo","tier":3,"start_year":1141,"end_year":1162,"fid":2210,"endonym":"بَلَرْم"}},{"type":"Feature","id":2211,"geometry":{"type":"Point","coordinates":[13.361267,38.115689]},"properties":{"name":"Palermo","tier":2,"start_year":1162,"end_year":1180,"fid":2211,"endonym":"بَلَرْم"}},{"type":"Feature","id":2212,"geometry":{"type":"Point","coordinates":[13.361267,38.115689]},"properties":{"name":"Palermo","tier":1,"start_year":1180,"end_year":1239,"fid":2212,"endonym":"بَلَرْم"}},{"type":"Feature","id":2213,"geometry":{"type":"Point","coordinates":[13.361267,38.115689]},"properties":{"name":"Palermo","tier":2,"start_year":1239,"end_year":1297,"fid":2213,"endonym":"بَلَرْم"}},{"type":"Feature","id":2214,"geometry":{"type":"Point","coordinates":[13.361267,38.115689]},"properties":{"name":"Palermo","tier":3,"start_year":1297,"end_year":1508,"fid":2214,"endonym":"بَلَرْم"}},{"type":"Feature","id":2215,"geometry":{"type":"Point","coordinates":[13.361267,38.115689]},"properties":{"name":"Palermo","tier":2,"start_year":1508,"end_year":1600,"fid":2215,"endonym":"بَلَرْم"}},{"type":"Feature","id":2216,"geometry":{"type":"Point","coordinates":[13.361267,38.115689]},"properties":{"name":"Palermo","tier":1,"start_year":1600,"end_year":1601,"fid":2216,"endonym":"بَلَرْم"}},{"type":"Feature","id":2217,"geometry":{"type":"Point","coordinates":[13.361267,38.115689]},"properties":{"name":"Palermo","tier":2,"start_year":1601,"end_year":1605,"fid":2217,"endonym":"بَلَرْم"}},{"type":"Feature","id":2218,"geometry":{"type":"Point","coordinates":[13.361267,38.115689]},"properties":{"name":"Palermo","tier":1,"start_year":1605,"end_year":1607,"fid":2218,"endonym":"بَلَرْم"}},{"type":"Feature","id":2219,"geometry":{"type":"Point","coordinates":[13.361267,38.115689]},"properties":{"name":"Palermo","tier":2,"start_year":1607,"end_year":1618,"fid":2219,"endonym":"بَلَرْم"}},{"type":"Feature","id":2220,"geometry":{"type":"Point","coordinates":[13.361267,38.115689]},"properties":{"name":"Palermo","tier":1,"start_year":1618,"end_year":1620,"fid":2220,"endonym":"بَلَرْم"}},{"type":"Feature","id":2221,"geometry":{"type":"Point","coordinates":[13.361267,38.115689]},"properties":{"name":"Palermo","tier":2,"start_year":1620,"end_year":1621,"fid":2221,"endonym":"بَلَرْم"}},{"type":"Feature","id":2222,"geometry":{"type":"Point","coordinates":[13.361267,38.115689]},"properties":{"name":"Palermo","tier":1,"start_year":1621,"end_year":1658,"fid":2222,"endonym":"بَلَرْم"}},{"type":"Feature","id":2223,"geometry":{"type":"Point","coordinates":[13.361267,38.115689]},"properties":{"name":"Palermo","tier":2,"start_year":1658,"end_year":1660,"fid":2223,"endonym":"بَلَرْم"}},{"type":"Feature","id":2224,"geometry":{"type":"Point","coordinates":[13.361267,38.115689]},"properties":{"name":"Palermo","tier":1,"start_year":1660,"end_year":1661,"fid":2224,"endonym":"بَلَرْم"}},{"type":"Feature","id":2225,"geometry":{"type":"Point","coordinates":[13.361267,38.115689]},"properties":{"name":"Palermo","tier":2,"start_year":1661,"end_year":1663,"fid":2225,"endonym":"بَلَرْم"}},{"type":"Feature","id":2226,"geometry":{"type":"Point","coordinates":[13.361267,38.115689]},"properties":{"name":"Palermo","tier":1,"start_year":1663,"end_year":1666,"fid":2226,"endonym":"بَلَرْم"}},{"type":"Feature","id":2227,"geometry":{"type":"Point","coordinates":[13.361267,38.115689]},"properties":{"name":"Palermo","tier":2,"start_year":1666,"end_year":1908,"fid":2227,"endonym":"بَلَرْم"}},{"type":"Feature","id":2228,"geometry":{"type":"Point","coordinates":[13.361267,38.115689]},"properties":{"name":"Palermo","tier":3,"start_year":1908,"end_year":1976,"fid":2228,"endonym":"بَلَرْم"}},{"type":"Feature","id":2229,"geometry":{"type":"Point","coordinates":[76.654793,10.78673]},"properties":{"name":"Palghat","tier":3,"start_year":1900,"end_year":1901,"fid":2229,"endonym":"Pālakkāṭ"}},{"type":"Feature","id":2230,"geometry":{"type":"Point","coordinates":[2.65024,39.56939]},"properties":{"name":"Palma","tier":3,"start_year":1100,"end_year":1901,"fid":2230}},{"type":"Feature","id":2231,"geometry":{"type":"Point","coordinates":[-79.518852,8.994297]},"properties":{"name":"Panama City","tier":3,"start_year":1975,"end_year":1976,"fid":2231,"endonym":"Ciudad de Panamá"}},{"type":"Feature","id":2232,"geometry":{"type":"Point","coordinates":[88.28637,23.07492]},"properties":{"name":"Pandua","tier":2,"start_year":1400,"end_year":1401,"fid":2232,"endonym":"Pānḍuyā"}},{"type":"Feature","id":2233,"geometry":{"type":"Point","coordinates":[-55.16682,5.86638]},"properties":{"name":"Paramaribo","tier":3,"start_year":1900,"end_year":1901,"fid":2233}},{"type":"Feature","id":2234,"geometry":{"type":"Point","coordinates":[-60.5238,-31.73197]},"properties":{"name":"Parana","tier":3,"start_year":1900,"end_year":1901,"fid":2234,"endonym":"Paraná"}},{"type":"Feature","id":2235,"geometry":{"type":"Point","coordinates":[2.352222,48.856614]},"properties":{"name":"Paris","tier":2,"start_year":800,"end_year":1000,"fid":2235}},{"type":"Feature","id":2236,"geometry":{"type":"Point","coordinates":[2.352222,48.856614]},"properties":{"name":"Paris","tier":3,"start_year":1000,"end_year":1034,"fid":2236}},{"type":"Feature","id":2237,"geometry":{"type":"Point","coordinates":[2.352222,48.856614]},"properties":{"name":"Paris","tier":2,"start_year":1034,"end_year":1184,"fid":2237}},{"type":"Feature","id":2238,"geometry":{"type":"Point","coordinates":[2.352222,48.856614]},"properties":{"name":"Paris","tier":1,"start_year":1184,"end_year":2000,"fid":2238}},{"type":"Feature","id":2239,"geometry":{"type":"Point","coordinates":[2.352222,48.856614]},"properties":{"name":"Paris","tier":2,"start_year":2000,"end_year":2025,"fid":2239}},{"type":"Feature","id":2240,"geometry":{"type":"Point","coordinates":[10.32898,44.80266]},"properties":{"name":"Parma","tier":3,"start_year":1395,"end_year":1901,"fid":2240}},{"type":"Feature","id":2241,"geometry":{"type":"Point","coordinates":[72.12963,23.8507]},"properties":{"name":"Patan","tier":2,"start_year":750,"end_year":900,"fid":2241,"endonym":"Lalitpur"}},{"type":"Feature","id":2242,"geometry":{"type":"Point","coordinates":[72.12963,23.8507]},"properties":{"name":"Patan","tier":1,"start_year":900,"end_year":906,"fid":2242,"endonym":"Lalitpur"}},{"type":"Feature","id":2243,"geometry":{"type":"Point","coordinates":[72.12963,23.8507]},"properties":{"name":"Patan","tier":2,"start_year":906,"end_year":968,"fid":2243,"endonym":"Lalitpur"}},{"type":"Feature","id":2244,"geometry":{"type":"Point","coordinates":[72.12963,23.8507]},"properties":{"name":"Patan","tier":1,"start_year":968,"end_year":1184,"fid":2244,"endonym":"Lalitpur"}},{"type":"Feature","id":2245,"geometry":{"type":"Point","coordinates":[72.12963,23.8507]},"properties":{"name":"Patan","tier":2,"start_year":1184,"end_year":1600,"fid":2245,"endonym":"Lalitpur"}},{"type":"Feature","id":2246,"geometry":{"type":"Point","coordinates":[72.12963,23.8507]},"properties":{"name":"Patan","tier":3,"start_year":1600,"end_year":1901,"fid":2246,"endonym":"Lalitpur"}},{"type":"Feature","id":2247,"geometry":{"type":"Point","coordinates":[85.316667,27.666667]},"properties":{"name":"Patan","tier":3,"start_year":1803,"end_year":1901,"fid":2247,"endonym":"Lalitpur"}},{"type":"Feature","id":2248,"geometry":{"type":"Point","coordinates":[-74.17181,40.91677]},"properties":{"name":"Paterson","tier":3,"start_year":1900,"end_year":1901,"fid":2248}},{"type":"Feature","id":2249,"geometry":{"type":"Point","coordinates":[76.40266,30.32715]},"properties":{"name":"Patiala","tier":3,"start_year":1900,"end_year":1901,"fid":2249,"endonym":"Paṭiālā"}},{"type":"Feature","id":2250,"geometry":{"type":"Point","coordinates":[85.14145,25.610533]},"properties":{"name":"Patna","tier":1,"start_year":-430,"end_year":1511,"fid":2250,"endonym":"Pāṭaliputra"}},{"type":"Feature","id":2251,"geometry":{"type":"Point","coordinates":[85.14145,25.610533]},"properties":{"name":"Patna","tier":2,"start_year":1511,"end_year":1648,"fid":2251,"endonym":"Pāṭaliputra"}},{"type":"Feature","id":2252,"geometry":{"type":"Point","coordinates":[85.14145,25.610533]},"properties":{"name":"Patna","tier":1,"start_year":1648,"end_year":1689,"fid":2252,"endonym":"Pāṭaliputra"}},{"type":"Feature","id":2253,"geometry":{"type":"Point","coordinates":[85.14145,25.610533]},"properties":{"name":"Patna","tier":2,"start_year":1689,"end_year":1756,"fid":2253,"endonym":"Pāṭaliputra"}},{"type":"Feature","id":2254,"geometry":{"type":"Point","coordinates":[85.14145,25.610533]},"properties":{"name":"Patna","tier":3,"start_year":1756,"end_year":1764,"fid":2254,"endonym":"Pāṭaliputra"}},{"type":"Feature","id":2255,"geometry":{"type":"Point","coordinates":[85.14145,25.610533]},"properties":{"name":"Patna","tier":2,"start_year":1764,"end_year":1802,"fid":2255,"endonym":"Pāṭaliputra"}},{"type":"Feature","id":2256,"geometry":{"type":"Point","coordinates":[85.14145,25.610533]},"properties":{"name":"Patna","tier":1,"start_year":1802,"end_year":1829,"fid":2256,"endonym":"Pāṭaliputra"}},{"type":"Feature","id":2257,"geometry":{"type":"Point","coordinates":[85.14145,25.610533]},"properties":{"name":"Patna","tier":2,"start_year":1829,"end_year":1931,"fid":2257,"endonym":"Pāṭaliputra"}},{"type":"Feature","id":2258,"geometry":{"type":"Point","coordinates":[85.14145,25.610533]},"properties":{"name":"Patna","tier":3,"start_year":1931,"end_year":1976,"fid":2258,"endonym":"Pāṭaliputra"}},{"type":"Feature","id":2259,"geometry":{"type":"Point","coordinates":[21.734574,38.24664]},"properties":{"name":"Patras","tier":3,"start_year":1800,"end_year":1901,"fid":2259,"endonym":"Πάτρα"}},{"type":"Feature","id":2260,"geometry":{"type":"Point","coordinates":[-101.6097,19.51931]},"properties":{"name":"Patzcuaro","tier":3,"start_year":1571,"end_year":1794,"fid":2260,"endonym":"Pátzcuaro"}},{"type":"Feature","id":2261,"geometry":{"type":"Point","coordinates":[0.37,43.3]},"properties":{"name":"Pau","tier":3,"start_year":1900,"end_year":1901,"fid":2261}},{"type":"Feature","id":2262,"geometry":{"type":"Point","coordinates":[9.16145,45.18446]},"properties":{"name":"Pavia","tier":2,"start_year":800,"end_year":1087,"fid":2262}},{"type":"Feature","id":2263,"geometry":{"type":"Point","coordinates":[9.16145,45.18446]},"properties":{"name":"Pavia","tier":3,"start_year":1087,"end_year":1858,"fid":2263}},{"type":"Feature","id":2264,"geometry":{"type":"Point","coordinates":[18.23333,46.08333]},"properties":{"name":"Pecs","tier":3,"start_year":1900,"end_year":1901,"fid":2264,"endonym":"Pécs"}},{"type":"Feature","id":2265,"geometry":{"type":"Point","coordinates":[96.483333,17.333333]},"properties":{"name":"Pegu","tier":2,"start_year":1400,"end_year":1515,"fid":2265,"endonym":"Hanthawaddy"}},{"type":"Feature","id":2266,"geometry":{"type":"Point","coordinates":[96.483333,17.333333]},"properties":{"name":"Pegu","tier":1,"start_year":1515,"end_year":1637,"fid":2266,"endonym":"Hanthawaddy"}},{"type":"Feature","id":2267,"geometry":{"type":"Point","coordinates":[96.483333,17.333333]},"properties":{"name":"Pegu","tier":2,"start_year":1637,"end_year":1771,"fid":2267,"endonym":"Hanthawaddy"}},{"type":"Feature","id":2268,"geometry":{"type":"Point","coordinates":[96.483333,17.333333]},"properties":{"name":"Pegu","tier":3,"start_year":1771,"end_year":1879,"fid":2268,"endonym":"Hanthawaddy"}},{"type":"Feature","id":2269,"geometry":{"type":"Point","coordinates":[109.6753,-6.8886]},"properties":{"name":"Pekalongan","tier":3,"start_year":1900,"end_year":2025,"fid":2269}},{"type":"Feature","id":2270,"geometry":{"type":"Point","coordinates":[100.484623,5.263234]},"properties":{"name":"Penang Serai","tier":3,"start_year":1900,"end_year":1951,"fid":2270}},{"type":"Feature","id":2271,"geometry":{"type":"Point","coordinates":[120.7508333,37.8086111]},"properties":{"name":"Penglai","tier":3,"start_year":1900,"end_year":1923,"fid":2271,"endonym":"蓬莱"}},{"type":"Feature","id":2272,"geometry":{"type":"Point","coordinates":[45.00464,53.20066]},"properties":{"name":"Penza","tier":3,"start_year":1900,"end_year":1951,"fid":2272,"endonym":"Пенза"}},{"type":"Feature","id":2273,"geometry":{"type":"Point","coordinates":[27.1836318,39.13225127]},"properties":{"name":"Pergamum","tier":1,"start_year":-200,"end_year":201,"fid":2273,"endonym":"Πέργαμον"}},{"type":"Feature","id":2274,"geometry":{"type":"Point","coordinates":[56.248889,58.013889]},"properties":{"name":"Perm","tier":3,"start_year":1900,"end_year":2025,"fid":2274,"endonym":"Пермь"}},{"type":"Feature","id":2275,"geometry":{"type":"Point","coordinates":[52.89096558,29.93448748]},"properties":{"name":"Perspolis","tier":1,"start_year":-430,"end_year":-429,"fid":2275,"endonym":"Pārsa"}},{"type":"Feature","id":2276,"geometry":{"type":"Point","coordinates":[115.8614,-31.95224]},"properties":{"name":"Perth","tier":3,"start_year":1950,"end_year":2025,"fid":2276}},{"type":"Feature","id":2277,"geometry":{"type":"Point","coordinates":[-3.430839,56.394994]},"properties":{"name":"Perth","tier":3,"start_year":1900,"end_year":1901,"fid":2277}},{"type":"Feature","id":2278,"geometry":{"type":"Point","coordinates":[71.57849,34.008]},"properties":{"name":"Peshawar","tier":1,"start_year":1,"end_year":300,"fid":2278,"endonym":"Puruṣapura"}},{"type":"Feature","id":2279,"geometry":{"type":"Point","coordinates":[71.57849,34.008]},"properties":{"name":"Peshawar","tier":2,"start_year":300,"end_year":361,"fid":2279,"endonym":"Puruṣapura"}},{"type":"Feature","id":2280,"geometry":{"type":"Point","coordinates":[71.57849,34.008]},"properties":{"name":"Peshawar","tier":1,"start_year":361,"end_year":400,"fid":2280,"endonym":"Puruṣapura"}},{"type":"Feature","id":2281,"geometry":{"type":"Point","coordinates":[71.57849,34.008]},"properties":{"name":"Peshawar","tier":2,"start_year":400,"end_year":978,"fid":2281,"endonym":"Puruṣapura"}},{"type":"Feature","id":2282,"geometry":{"type":"Point","coordinates":[71.57849,34.008]},"properties":{"name":"Peshawar","tier":3,"start_year":978,"end_year":1242,"fid":2282,"endonym":"Puruṣapura"}},{"type":"Feature","id":2283,"geometry":{"type":"Point","coordinates":[71.57849,34.008]},"properties":{"name":"Peshawar","tier":2,"start_year":1242,"end_year":1246,"fid":2283,"endonym":"Puruṣapura"}},{"type":"Feature","id":2284,"geometry":{"type":"Point","coordinates":[71.57849,34.008]},"properties":{"name":"Peshawar","tier":3,"start_year":1246,"end_year":1277,"fid":2284,"endonym":"Puruṣapura"}},{"type":"Feature","id":2285,"geometry":{"type":"Point","coordinates":[71.57849,34.008]},"properties":{"name":"Peshawar","tier":2,"start_year":1277,"end_year":1300,"fid":2285,"endonym":"Puruṣapura"}},{"type":"Feature","id":2286,"geometry":{"type":"Point","coordinates":[71.57849,34.008]},"properties":{"name":"Peshawar","tier":3,"start_year":1300,"end_year":1307,"fid":2286,"endonym":"Puruṣapura"}},{"type":"Feature","id":2287,"geometry":{"type":"Point","coordinates":[71.57849,34.008]},"properties":{"name":"Peshawar","tier":2,"start_year":1307,"end_year":1820,"fid":2287,"endonym":"Puruṣapura"}},{"type":"Feature","id":2288,"geometry":{"type":"Point","coordinates":[71.57849,34.008]},"properties":{"name":"Peshawar","tier":3,"start_year":1820,"end_year":1901,"fid":2288,"endonym":"Puruṣapura"}},{"type":"Feature","id":2289,"geometry":{"type":"Point","coordinates":[-0.25,52.583333]},"properties":{"name":"Peterborough","tier":3,"start_year":1900,"end_year":1901,"fid":2289}},{"type":"Feature","id":2290,"geometry":{"type":"Point","coordinates":[35.442581,30.325172]},"properties":{"name":"Petra","tier":2,"start_year":-100,"end_year":-99,"fid":2290,"endonym":"Raqēmō"}},{"type":"Feature","id":2291,"geometry":{"type":"Point","coordinates":[19.866667,45.25]},"properties":{"name":"Petrovaradin","tier":3,"start_year":1900,"end_year":1901,"fid":2291,"endonym":"Петроварадин"}},{"type":"Feature","id":2292,"geometry":{"type":"Point","coordinates":[8.69892,48.88436]},"properties":{"name":"Pforzheim","tier":3,"start_year":1900,"end_year":1901,"fid":2292}},{"type":"Feature","id":2293,"geometry":{"type":"Point","coordinates":[-75.1667,39.95]},"properties":{"name":"Philadelphia","tier":3,"start_year":1700,"end_year":1795,"fid":2293}},{"type":"Feature","id":2294,"geometry":{"type":"Point","coordinates":[-75.1667,39.95]},"properties":{"name":"Philadelphia","tier":2,"start_year":1795,"end_year":1832,"fid":2294}},{"type":"Feature","id":2295,"geometry":{"type":"Point","coordinates":[-75.1667,39.95]},"properties":{"name":"Philadelphia","tier":1,"start_year":1832,"end_year":2000,"fid":2295}},{"type":"Feature","id":2296,"geometry":{"type":"Point","coordinates":[-75.1667,39.95]},"properties":{"name":"Philadelphia","tier":3,"start_year":2000,"end_year":2025,"fid":2296}},{"type":"Feature","id":2297,"geometry":{"type":"Point","coordinates":[104.91601,11.56245]},"properties":{"name":"Phnom Penh","tier":3,"start_year":1844,"end_year":1951,"fid":2297,"endonym":"Phnum Pénh"}},{"type":"Feature","id":2298,"geometry":{"type":"Point","coordinates":[-112.074143,33.44838]},"properties":{"name":"Phoenix","tier":3,"start_year":1950,"end_year":2025,"fid":2298}},{"type":"Feature","id":2299,"geometry":{"type":"Point","coordinates":[9.69937,45.04676]},"properties":{"name":"Piacenza","tier":3,"start_year":1216,"end_year":1901,"fid":2299}},{"type":"Feature","id":2300,"geometry":{"type":"Point","coordinates":[79.80338,28.63098]},"properties":{"name":"Pilibhit","tier":3,"start_year":1800,"end_year":1901,"fid":2300}},{"type":"Feature","id":2301,"geometry":{"type":"Point","coordinates":[19.703024,51.405172]},"properties":{"name":"Piotrkow","tier":3,"start_year":1900,"end_year":1901,"fid":2301,"endonym":"Piotrków Trybunalski"}},{"type":"Feature","id":2302,"geometry":{"type":"Point","coordinates":[7.60529,49.20145]},"properties":{"name":"Pirmasens","tier":3,"start_year":1900,"end_year":1901,"fid":2302}},{"type":"Feature","id":2303,"geometry":{"type":"Point","coordinates":[10.39659,43.71553]},"properties":{"name":"Pisa","tier":3,"start_year":1000,"end_year":1237,"fid":2303}},{"type":"Feature","id":2304,"geometry":{"type":"Point","coordinates":[10.39659,43.71553]},"properties":{"name":"Pisa","tier":2,"start_year":1237,"end_year":1277,"fid":2304}},{"type":"Feature","id":2305,"geometry":{"type":"Point","coordinates":[10.39659,43.71553]},"properties":{"name":"Pisa","tier":3,"start_year":1277,"end_year":1856,"fid":2305}},{"type":"Feature","id":2306,"geometry":{"type":"Point","coordinates":[-79.99589,40.44062]},"properties":{"name":"Pittsburgh","tier":3,"start_year":1800,"end_year":1856,"fid":2306}},{"type":"Feature","id":2307,"geometry":{"type":"Point","coordinates":[-79.99589,40.44062]},"properties":{"name":"Pittsburgh","tier":2,"start_year":1856,"end_year":1976,"fid":2307}},{"type":"Feature","id":2308,"geometry":{"type":"Point","coordinates":[27.125539,43.362531]},"properties":{"name":"Pliska","tier":2,"start_year":800,"end_year":801,"fid":2308,"endonym":"Πλίσκα"}},{"type":"Feature","id":2309,"geometry":{"type":"Point","coordinates":[26.03,44.94]},"properties":{"name":"Ploiesti","tier":3,"start_year":1900,"end_year":1901,"fid":2309,"endonym":"Ploiești"}},{"type":"Feature","id":2310,"geometry":{"type":"Point","coordinates":[24.75,42.15]},"properties":{"name":"Plovdiv","tier":2,"start_year":970,"end_year":1000,"fid":2310,"endonym":"Φιλιππούπολις"}},{"type":"Feature","id":2311,"geometry":{"type":"Point","coordinates":[24.75,42.15]},"properties":{"name":"Plovdiv","tier":3,"start_year":1000,"end_year":1901,"fid":2311,"endonym":"Φιλιππούπολις"}},{"type":"Feature","id":2312,"geometry":{"type":"Point","coordinates":[-4.14305,50.375456]},"properties":{"name":"Plymouth","tier":3,"start_year":1377,"end_year":1844,"fid":2312}},{"type":"Feature","id":2313,"geometry":{"type":"Point","coordinates":[-4.14305,50.375456]},"properties":{"name":"Plymouth","tier":2,"start_year":1844,"end_year":1864,"fid":2313}},{"type":"Feature","id":2314,"geometry":{"type":"Point","coordinates":[-4.14305,50.375456]},"properties":{"name":"Plymouth","tier":3,"start_year":1864,"end_year":1867,"fid":2314}},{"type":"Feature","id":2315,"geometry":{"type":"Point","coordinates":[-4.14305,50.375456]},"properties":{"name":"Plymouth","tier":2,"start_year":1867,"end_year":1868,"fid":2315}},{"type":"Feature","id":2316,"geometry":{"type":"Point","coordinates":[-4.14305,50.375456]},"properties":{"name":"Plymouth","tier":3,"start_year":1868,"end_year":1951,"fid":2316}},{"type":"Feature","id":2317,"geometry":{"type":"Point","coordinates":[13.37362,49.738425]},"properties":{"name":"Plzen","tier":3,"start_year":1900,"end_year":1901,"fid":2317,"endonym":"Plzeň"}},{"type":"Feature","id":2318,"geometry":{"type":"Point","coordinates":[115.7702778,33.8772222]},"properties":{"name":"Pochow","tier":3,"start_year":1740,"end_year":1923,"fid":2318,"endonym":"亳州"}},{"type":"Feature","id":2319,"geometry":{"type":"Point","coordinates":[0.33333,46.58333]},"properties":{"name":"Poitiers","tier":2,"start_year":741,"end_year":900,"fid":2319}},{"type":"Feature","id":2320,"geometry":{"type":"Point","coordinates":[0.33333,46.58333]},"properties":{"name":"Poitiers","tier":3,"start_year":900,"end_year":1901,"fid":2320}},{"type":"Feature","id":2321,"geometry":{"type":"Point","coordinates":[81.00274,7.93965]},"properties":{"name":"Polonnaruwa","tier":2,"start_year":1100,"end_year":1201,"fid":2321}},{"type":"Feature","id":2322,"geometry":{"type":"Point","coordinates":[34.54073,49.59373]},"properties":{"name":"Poltava","tier":3,"start_year":1900,"end_year":1901,"fid":2322,"endonym":"Полтава"}},{"type":"Feature","id":2323,"geometry":{"type":"Point","coordinates":[79.814472,11.91386]},"properties":{"name":"Pondicherry","tier":3,"start_year":1700,"end_year":1901,"fid":2323,"endonym":"Putuccēri"}},{"type":"Feature","id":2324,"geometry":{"type":"Point","coordinates":[69.60929,21.64219]},"properties":{"name":"Porbandar","tier":3,"start_year":1800,"end_year":1801,"fid":2324}},{"type":"Feature","id":2325,"geometry":{"type":"Point","coordinates":[57.504104,-20.16194]},"properties":{"name":"Port Louis","tier":3,"start_year":1801,"end_year":1901,"fid":2325}},{"type":"Feature","id":2326,"geometry":{"type":"Point","coordinates":[32.28412,31.25654]},"properties":{"name":"Port Said","tier":3,"start_year":1900,"end_year":1951,"fid":2326,"endonym":"بور سعيد"}},{"type":"Feature","id":2327,"geometry":{"type":"Point","coordinates":[-72.335,18.53917]},"properties":{"name":"Port-au-Prince","tier":3,"start_year":1900,"end_year":1976,"fid":2327}},{"type":"Feature","id":2328,"geometry":{"type":"Point","coordinates":[-70.25532,43.661471]},"properties":{"name":"Portland","tier":3,"start_year":1900,"end_year":1901,"fid":2328}},{"type":"Feature","id":2329,"geometry":{"type":"Point","coordinates":[-122.676482,45.523062]},"properties":{"name":"Portland","tier":3,"start_year":1900,"end_year":1976,"fid":2329}},{"type":"Feature","id":2330,"geometry":{"type":"Point","coordinates":[-51.23,-30.03306]},"properties":{"name":"Porto Alegre","tier":3,"start_year":1900,"end_year":1970,"fid":2330}},{"type":"Feature","id":2331,"geometry":{"type":"Point","coordinates":[-51.23,-30.03306]},"properties":{"name":"Porto Alegre","tier":2,"start_year":1970,"end_year":2000,"fid":2331}},{"type":"Feature","id":2332,"geometry":{"type":"Point","coordinates":[-51.23,-30.03306]},"properties":{"name":"Porto Alegre","tier":3,"start_year":2000,"end_year":2025,"fid":2332}},{"type":"Feature","id":2333,"geometry":{"type":"Point","coordinates":[-61.519442,10.661702]},"properties":{"name":"Port-of-Spain","tier":3,"start_year":1900,"end_year":1901,"fid":2333,"endonym":"Port of Spain"}},{"type":"Feature","id":2334,"geometry":{"type":"Point","coordinates":[-1.083383,50.816661]},"properties":{"name":"Portsmouth","tier":3,"start_year":1800,"end_year":1951,"fid":2334}},{"type":"Feature","id":2335,"geometry":{"type":"Point","coordinates":[-65.75306,-19.58361]},"properties":{"name":"Potosi","tier":3,"start_year":1547,"end_year":1556,"fid":2335,"endonym":"Potosí"}},{"type":"Feature","id":2336,"geometry":{"type":"Point","coordinates":[-65.75306,-19.58361]},"properties":{"name":"Potosi","tier":2,"start_year":1556,"end_year":1568,"fid":2336,"endonym":"Potosí"}},{"type":"Feature","id":2337,"geometry":{"type":"Point","coordinates":[-65.75306,-19.58361]},"properties":{"name":"Potosi","tier":1,"start_year":1568,"end_year":1585,"fid":2337,"endonym":"Potosí"}},{"type":"Feature","id":2338,"geometry":{"type":"Point","coordinates":[-65.75306,-19.58361]},"properties":{"name":"Potosi","tier":2,"start_year":1585,"end_year":1586,"fid":2338,"endonym":"Potosí"}},{"type":"Feature","id":2339,"geometry":{"type":"Point","coordinates":[-65.75306,-19.58361]},"properties":{"name":"Potosi","tier":1,"start_year":1586,"end_year":1588,"fid":2339,"endonym":"Potosí"}},{"type":"Feature","id":2340,"geometry":{"type":"Point","coordinates":[-65.75306,-19.58361]},"properties":{"name":"Potosi","tier":2,"start_year":1588,"end_year":1589,"fid":2340,"endonym":"Potosí"}},{"type":"Feature","id":2341,"geometry":{"type":"Point","coordinates":[-65.75306,-19.58361]},"properties":{"name":"Potosi","tier":1,"start_year":1589,"end_year":1600,"fid":2341,"endonym":"Potosí"}},{"type":"Feature","id":2342,"geometry":{"type":"Point","coordinates":[-65.75306,-19.58361]},"properties":{"name":"Potosi","tier":2,"start_year":1600,"end_year":1728,"fid":2342,"endonym":"Potosí"}},{"type":"Feature","id":2343,"geometry":{"type":"Point","coordinates":[-65.75306,-19.58361]},"properties":{"name":"Potosi","tier":3,"start_year":1728,"end_year":1855,"fid":2343,"endonym":"Potosí"}},{"type":"Feature","id":2344,"geometry":{"type":"Point","coordinates":[13.06566,52.39886]},"properties":{"name":"Potsdam","tier":3,"start_year":1792,"end_year":1901,"fid":2344}},{"type":"Feature","id":2345,"geometry":{"type":"Point","coordinates":[16.92993,52.40692]},"properties":{"name":"Poznan","tier":3,"start_year":1500,"end_year":1976,"fid":2345,"endonym":"Poznań"}},{"type":"Feature","id":2346,"geometry":{"type":"Point","coordinates":[14.42076,50.08804]},"properties":{"name":"Prague","tier":3,"start_year":1000,"end_year":1288,"fid":2346,"endonym":"Praha"}},{"type":"Feature","id":2347,"geometry":{"type":"Point","coordinates":[14.42076,50.08804]},"properties":{"name":"Prague","tier":2,"start_year":1288,"end_year":1374,"fid":2347,"endonym":"Praha"}},{"type":"Feature","id":2348,"geometry":{"type":"Point","coordinates":[14.42076,50.08804]},"properties":{"name":"Prague","tier":1,"start_year":1374,"end_year":1422,"fid":2348,"endonym":"Praha"}},{"type":"Feature","id":2349,"geometry":{"type":"Point","coordinates":[14.42076,50.08804]},"properties":{"name":"Prague","tier":2,"start_year":1422,"end_year":1598,"fid":2349,"endonym":"Praha"}},{"type":"Feature","id":2350,"geometry":{"type":"Point","coordinates":[14.42076,50.08804]},"properties":{"name":"Prague","tier":1,"start_year":1598,"end_year":1604,"fid":2350,"endonym":"Praha"}},{"type":"Feature","id":2351,"geometry":{"type":"Point","coordinates":[14.42076,50.08804]},"properties":{"name":"Prague","tier":2,"start_year":1604,"end_year":1628,"fid":2351,"endonym":"Praha"}},{"type":"Feature","id":2352,"geometry":{"type":"Point","coordinates":[14.42076,50.08804]},"properties":{"name":"Prague","tier":3,"start_year":1628,"end_year":1716,"fid":2352,"endonym":"Praha"}},{"type":"Feature","id":2353,"geometry":{"type":"Point","coordinates":[14.42076,50.08804]},"properties":{"name":"Prague","tier":2,"start_year":1716,"end_year":1970,"fid":2353,"endonym":"Praha"}},{"type":"Feature","id":2354,"geometry":{"type":"Point","coordinates":[14.42076,50.08804]},"properties":{"name":"Prague","tier":3,"start_year":1970,"end_year":2025,"fid":2354,"endonym":"Praha"}},{"type":"Feature","id":2355,"geometry":{"type":"Point","coordinates":[110.491369,-7.752022]},"properties":{"name":"Prambanan","tier":2,"start_year":800,"end_year":801,"fid":2355}},{"type":"Feature","id":2356,"geometry":{"type":"Point","coordinates":[26.817967,43.164542]},"properties":{"name":"Preslav","tier":2,"start_year":900,"end_year":1000,"fid":2356,"endonym":"Преслав"}},{"type":"Feature","id":2357,"geometry":{"type":"Point","coordinates":[26.817967,43.164542]},"properties":{"name":"Preslav","tier":3,"start_year":1000,"end_year":1001,"fid":2357,"endonym":"Преслав"}},{"type":"Feature","id":2358,"geometry":{"type":"Point","coordinates":[-2.71667,53.76667]},"properties":{"name":"Preston","tier":3,"start_year":1801,"end_year":1901,"fid":2358}},{"type":"Feature","id":2359,"geometry":{"type":"Point","coordinates":[28.18783,-25.74486]},"properties":{"name":"Pretoria","tier":3,"start_year":1950,"end_year":1976,"fid":2359}},{"type":"Feature","id":2360,"geometry":{"type":"Point","coordinates":[20.73972,42.21389]},"properties":{"name":"Prizren","tier":3,"start_year":1530,"end_year":1911,"fid":2360,"endonym":"پریزرن"}},{"type":"Feature","id":2361,"geometry":{"type":"Point","coordinates":[86.715772,53.883137]},"properties":{"name":"Prokopyevsk","tier":3,"start_year":1950,"end_year":1951,"fid":2361,"endonym":"Прокопьевск"}},{"type":"Feature","id":2362,"geometry":{"type":"Point","coordinates":[-71.412833,41.823989]},"properties":{"name":"Providence","tier":3,"start_year":1800,"end_year":1877,"fid":2362}},{"type":"Feature","id":2363,"geometry":{"type":"Point","coordinates":[-71.412833,41.823989]},"properties":{"name":"Providence","tier":2,"start_year":1877,"end_year":1928,"fid":2363}},{"type":"Feature","id":2364,"geometry":{"type":"Point","coordinates":[-71.412833,41.823989]},"properties":{"name":"Providence","tier":3,"start_year":1928,"end_year":1976,"fid":2364}},{"type":"Feature","id":2365,"geometry":{"type":"Point","coordinates":[3.3,48.55]},"properties":{"name":"Provins","tier":3,"start_year":1200,"end_year":1857,"fid":2365}},{"type":"Feature","id":2366,"geometry":{"type":"Point","coordinates":[22.76728,49.78498]},"properties":{"name":"Przemysl","tier":3,"start_year":1900,"end_year":1901,"fid":2366,"endonym":"Przemyśl"}},{"type":"Feature","id":2367,"geometry":{"type":"Point","coordinates":[28.3496,57.8136]},"properties":{"name":"Pskov","tier":3,"start_year":1100,"end_year":1482,"fid":2367,"endonym":"Псков"}},{"type":"Feature","id":2368,"geometry":{"type":"Point","coordinates":[28.3496,57.8136]},"properties":{"name":"Pskov","tier":2,"start_year":1482,"end_year":1508,"fid":2368,"endonym":"Псков"}},{"type":"Feature","id":2369,"geometry":{"type":"Point","coordinates":[28.3496,57.8136]},"properties":{"name":"Pskov","tier":3,"start_year":1508,"end_year":1901,"fid":2369,"endonym":"Псков"}},{"type":"Feature","id":2370,"geometry":{"type":"Point","coordinates":[-98.2178,19.0514]},"properties":{"name":"Puebla","tier":3,"start_year":1571,"end_year":1639,"fid":2370,"endonym":"Puebla de los Ángeles"}},{"type":"Feature","id":2371,"geometry":{"type":"Point","coordinates":[-98.2178,19.0514]},"properties":{"name":"Puebla","tier":2,"start_year":1639,"end_year":1640,"fid":2371,"endonym":"Puebla de los Ángeles"}},{"type":"Feature","id":2372,"geometry":{"type":"Point","coordinates":[-98.2178,19.0514]},"properties":{"name":"Puebla","tier":3,"start_year":1640,"end_year":1643,"fid":2372,"endonym":"Puebla de los Ángeles"}},{"type":"Feature","id":2373,"geometry":{"type":"Point","coordinates":[-98.2178,19.0514]},"properties":{"name":"Puebla","tier":2,"start_year":1643,"end_year":1741,"fid":2373,"endonym":"Puebla de los Ángeles"}},{"type":"Feature","id":2374,"geometry":{"type":"Point","coordinates":[-98.2178,19.0514]},"properties":{"name":"Puebla","tier":3,"start_year":1741,"end_year":1748,"fid":2374,"endonym":"Puebla de los Ángeles"}},{"type":"Feature","id":2375,"geometry":{"type":"Point","coordinates":[-98.2178,19.0514]},"properties":{"name":"Puebla","tier":2,"start_year":1748,"end_year":1750,"fid":2375,"endonym":"Puebla de los Ángeles"}},{"type":"Feature","id":2376,"geometry":{"type":"Point","coordinates":[-98.2178,19.0514]},"properties":{"name":"Puebla","tier":3,"start_year":1750,"end_year":1752,"fid":2376,"endonym":"Puebla de los Ángeles"}},{"type":"Feature","id":2377,"geometry":{"type":"Point","coordinates":[-98.2178,19.0514]},"properties":{"name":"Puebla","tier":2,"start_year":1752,"end_year":1786,"fid":2377,"endonym":"Puebla de los Ángeles"}},{"type":"Feature","id":2378,"geometry":{"type":"Point","coordinates":[-98.2178,19.0514]},"properties":{"name":"Puebla","tier":3,"start_year":1786,"end_year":1798,"fid":2378,"endonym":"Puebla de los Ángeles"}},{"type":"Feature","id":2379,"geometry":{"type":"Point","coordinates":[-98.2178,19.0514]},"properties":{"name":"Puebla","tier":2,"start_year":1798,"end_year":1818,"fid":2379,"endonym":"Puebla de los Ángeles"}},{"type":"Feature","id":2380,"geometry":{"type":"Point","coordinates":[-98.2178,19.0514]},"properties":{"name":"Puebla","tier":3,"start_year":1818,"end_year":2025,"fid":2380,"endonym":"Puebla de los Ángeles"}},{"type":"Feature","id":2381,"geometry":{"type":"Point","coordinates":[13.85,44.866667]},"properties":{"name":"Pula","tier":3,"start_year":1900,"end_year":1901,"fid":2381,"endonym":"Pola"}},{"type":"Feature","id":2382,"geometry":{"type":"Point","coordinates":[81.5,25.5]},"properties":{"name":"Pundravardhana","tier":2,"start_year":622,"end_year":623,"fid":2382,"endonym":"Puṇḍravardhana"}},{"type":"Feature","id":2383,"geometry":{"type":"Point","coordinates":[73.856744,18.52043]},"properties":{"name":"Pune","tier":3,"start_year":1700,"end_year":1764,"fid":2383,"endonym":"Puṇe"}},{"type":"Feature","id":2384,"geometry":{"type":"Point","coordinates":[73.856744,18.52043]},"properties":{"name":"Pune","tier":2,"start_year":1764,"end_year":1800,"fid":2384,"endonym":"Puṇe"}},{"type":"Feature","id":2385,"geometry":{"type":"Point","coordinates":[73.856744,18.52043]},"properties":{"name":"Pune","tier":3,"start_year":1800,"end_year":1807,"fid":2385,"endonym":"Puṇe"}},{"type":"Feature","id":2386,"geometry":{"type":"Point","coordinates":[73.856744,18.52043]},"properties":{"name":"Pune","tier":2,"start_year":1807,"end_year":1834,"fid":2386,"endonym":"Puṇe"}},{"type":"Feature","id":2387,"geometry":{"type":"Point","coordinates":[73.856744,18.52043]},"properties":{"name":"Pune","tier":3,"start_year":1834,"end_year":2025,"fid":2387,"endonym":"Puṇe"}},{"type":"Feature","id":2388,"geometry":{"type":"Point","coordinates":[85.831389,19.810556]},"properties":{"name":"Puri","tier":3,"start_year":1633,"end_year":1901,"fid":2388,"endonym":"Purī"}},{"type":"Feature","id":2389,"geometry":{"type":"Point","coordinates":[87.47,25.78]},"properties":{"name":"Purnia","tier":3,"start_year":1800,"end_year":1801,"fid":2389,"endonym":"Pūrṇiyā"}},{"type":"Feature","id":2390,"geometry":{"type":"Point","coordinates":[95.221029,18.82151]},"properties":{"name":"Pyay","tier":1,"start_year":600,"end_year":900,"fid":2390}},{"type":"Feature","id":2391,"geometry":{"type":"Point","coordinates":[95.221029,18.82151]},"properties":{"name":"Pyay","tier":2,"start_year":900,"end_year":944,"fid":2391}},{"type":"Feature","id":2392,"geometry":{"type":"Point","coordinates":[95.221029,18.82151]},"properties":{"name":"Pyay","tier":1,"start_year":944,"end_year":980,"fid":2392}},{"type":"Feature","id":2393,"geometry":{"type":"Point","coordinates":[95.221029,18.82151]},"properties":{"name":"Pyay","tier":2,"start_year":980,"end_year":1551,"fid":2393}},{"type":"Feature","id":2394,"geometry":{"type":"Point","coordinates":[95.221029,18.82151]},"properties":{"name":"Pyay","tier":3,"start_year":1551,"end_year":1801,"fid":2394}},{"type":"Feature","id":2395,"geometry":{"type":"Point","coordinates":[125.75432,39.03385]},"properties":{"name":"Pyongyang","tier":1,"start_year":-1000,"end_year":-430,"fid":2395,"endonym":"平壤"}},{"type":"Feature","id":2396,"geometry":{"type":"Point","coordinates":[125.75432,39.03385]},"properties":{"name":"Pyongyang","tier":2,"start_year":-430,"end_year":1812,"fid":2396,"endonym":"平壤"}},{"type":"Feature","id":2397,"geometry":{"type":"Point","coordinates":[125.75432,39.03385]},"properties":{"name":"Pyongyang","tier":3,"start_year":1812,"end_year":1970,"fid":2397,"endonym":"平壤"}},{"type":"Feature","id":2398,"geometry":{"type":"Point","coordinates":[125.75432,39.03385]},"properties":{"name":"Pyongyang","tier":2,"start_year":1970,"end_year":2025,"fid":2398,"endonym":"平壤"}},{"type":"Feature","id":2399,"geometry":{"type":"Point","coordinates":[50.0041,36.26877]},"properties":{"name":"Qazvin","tier":2,"start_year":968,"end_year":1000,"fid":2399,"endonym":"قزوین"}},{"type":"Feature","id":2400,"geometry":{"type":"Point","coordinates":[50.0041,36.26877]},"properties":{"name":"Qazvin","tier":3,"start_year":1000,"end_year":1001,"fid":2400,"endonym":"قزوین"}},{"type":"Feature","id":2401,"geometry":{"type":"Point","coordinates":[50.0041,36.26877]},"properties":{"name":"Qazvin","tier":2,"start_year":1001,"end_year":1009,"fid":2401,"endonym":"قزوین"}},{"type":"Feature","id":2402,"geometry":{"type":"Point","coordinates":[50.0041,36.26877]},"properties":{"name":"Qazvin","tier":3,"start_year":1009,"end_year":1446,"fid":2402,"endonym":"قزوین"}},{"type":"Feature","id":2403,"geometry":{"type":"Point","coordinates":[50.0041,36.26877]},"properties":{"name":"Qazvin","tier":2,"start_year":1446,"end_year":1559,"fid":2403,"endonym":"قزوین"}},{"type":"Feature","id":2404,"geometry":{"type":"Point","coordinates":[50.0041,36.26877]},"properties":{"name":"Qazvin","tier":1,"start_year":1559,"end_year":1586,"fid":2404,"endonym":"قزوین"}},{"type":"Feature","id":2405,"geometry":{"type":"Point","coordinates":[50.0041,36.26877]},"properties":{"name":"Qazvin","tier":2,"start_year":1586,"end_year":1738,"fid":2405,"endonym":"قزوین"}},{"type":"Feature","id":2406,"geometry":{"type":"Point","coordinates":[50.0041,36.26877]},"properties":{"name":"Qazvin","tier":3,"start_year":1738,"end_year":1901,"fid":2406,"endonym":"قزوین"}},{"type":"Feature","id":2407,"geometry":{"type":"Point","coordinates":[120.38264,36.067082]},"properties":{"name":"Qingdao","tier":2,"start_year":1950,"end_year":1970,"fid":2407,"endonym":"青岛"}},{"type":"Feature","id":2408,"geometry":{"type":"Point","coordinates":[120.38264,36.067082]},"properties":{"name":"Qingdao","tier":3,"start_year":1970,"end_year":2000,"fid":2408,"endonym":"青岛"}},{"type":"Feature","id":2409,"geometry":{"type":"Point","coordinates":[120.38264,36.067082]},"properties":{"name":"Qingdao","tier":2,"start_year":2000,"end_year":2025,"fid":2409,"endonym":"青岛"}},{"type":"Feature","id":2410,"geometry":{"type":"Point","coordinates":[123.918186,47.354348]},"properties":{"name":"Qiqihar","tier":3,"start_year":1900,"end_year":2025,"fid":2410,"endonym":"齊齊哈爾"}},{"type":"Feature","id":2411,"geometry":{"type":"Point","coordinates":[50.8764,34.6401]},"properties":{"name":"Qom","tier":2,"start_year":1150,"end_year":1201,"fid":2411,"endonym":"قم"}},{"type":"Feature","id":2412,"geometry":{"type":"Point","coordinates":[-71.21454,46.81228]},"properties":{"name":"Quebec","tier":3,"start_year":1720,"end_year":1976,"fid":2412,"endonym":"Québec"}},{"type":"Feature","id":2413,"geometry":{"type":"Point","coordinates":[76.6,8.88]},"properties":{"name":"Quilon","tier":2,"start_year":1250,"end_year":1488,"fid":2413,"endonym":"Kollam"}},{"type":"Feature","id":2414,"geometry":{"type":"Point","coordinates":[76.6,8.88]},"properties":{"name":"Quilon","tier":3,"start_year":1488,"end_year":1876,"fid":2414,"endonym":"Kollam"}},{"type":"Feature","id":2415,"geometry":{"type":"Point","coordinates":[-78.52495,-0.22985]},"properties":{"name":"Quito","tier":3,"start_year":1300,"end_year":2000,"fid":2415}},{"type":"Feature","id":2416,"geometry":{"type":"Point","coordinates":[-78.52495,-0.22985]},"properties":{"name":"Quito","tier":2,"start_year":2000,"end_year":2025,"fid":2416}},{"type":"Feature","id":2417,"geometry":{"type":"Point","coordinates":[50.876389,34.64]},"properties":{"name":"Qum","tier":2,"start_year":1150,"end_year":1521,"fid":2417,"endonym":"قم"}},{"type":"Feature","id":2418,"geometry":{"type":"Point","coordinates":[50.876389,34.64]},"properties":{"name":"Qum","tier":3,"start_year":1521,"end_year":1529,"fid":2418,"endonym":"قم"}},{"type":"Feature","id":2419,"geometry":{"type":"Point","coordinates":[50.876389,34.64]},"properties":{"name":"Qum","tier":2,"start_year":1529,"end_year":1530,"fid":2419,"endonym":"قم"}},{"type":"Feature","id":2420,"geometry":{"type":"Point","coordinates":[50.876389,34.64]},"properties":{"name":"Qum","tier":3,"start_year":1530,"end_year":1870,"fid":2420,"endonym":"قم"}},{"type":"Feature","id":2421,"geometry":{"type":"Point","coordinates":[-6.83255,34.01325]},"properties":{"name":"Rabat","tier":2,"start_year":1200,"end_year":1320,"fid":2421,"endonym":"الرباط"}},{"type":"Feature","id":2422,"geometry":{"type":"Point","coordinates":[-6.83255,34.01325]},"properties":{"name":"Rabat","tier":3,"start_year":1320,"end_year":1324,"fid":2422,"endonym":"الرباط"}},{"type":"Feature","id":2423,"geometry":{"type":"Point","coordinates":[-6.83255,34.01325]},"properties":{"name":"Rabat","tier":2,"start_year":1324,"end_year":1325,"fid":2423,"endonym":"الرباط"}},{"type":"Feature","id":2424,"geometry":{"type":"Point","coordinates":[-6.83255,34.01325]},"properties":{"name":"Rabat","tier":3,"start_year":1325,"end_year":1327,"fid":2424,"endonym":"الرباط"}},{"type":"Feature","id":2425,"geometry":{"type":"Point","coordinates":[-6.83255,34.01325]},"properties":{"name":"Rabat","tier":2,"start_year":1327,"end_year":1548,"fid":2425,"endonym":"الرباط"}},{"type":"Feature","id":2426,"geometry":{"type":"Point","coordinates":[-6.83255,34.01325]},"properties":{"name":"Rabat","tier":3,"start_year":1548,"end_year":1551,"fid":2426,"endonym":"الرباط"}},{"type":"Feature","id":2427,"geometry":{"type":"Point","coordinates":[-6.83255,34.01325]},"properties":{"name":"Rabat","tier":2,"start_year":1551,"end_year":1600,"fid":2427,"endonym":"الرباط"}},{"type":"Feature","id":2428,"geometry":{"type":"Point","coordinates":[-6.83255,34.01325]},"properties":{"name":"Rabat","tier":3,"start_year":1600,"end_year":2025,"fid":2428,"endonym":"الرباط"}},{"type":"Feature","id":2429,"geometry":{"type":"Point","coordinates":[5.033333,9.2]},"properties":{"name":"Rabba","tier":3,"start_year":1800,"end_year":1835,"fid":2429}},{"type":"Feature","id":2430,"geometry":{"type":"Point","coordinates":[21.14714,51.40253]},"properties":{"name":"Radom","tier":3,"start_year":1900,"end_year":1901,"fid":2430}},{"type":"Feature","id":2431,"geometry":{"type":"Point","coordinates":[77.354,16.2047]},"properties":{"name":"Raichur","tier":3,"start_year":1901,"end_year":1902,"fid":2431,"endonym":"Rāyacūru"}},{"type":"Feature","id":2432,"geometry":{"type":"Point","coordinates":[81.38,21.14]},"properties":{"name":"Raipur","tier":3,"start_year":1900,"end_year":1901,"fid":2432,"endonym":"Rāyapur"}},{"type":"Feature","id":2433,"geometry":{"type":"Point","coordinates":[81.77784,17.00517]},"properties":{"name":"Rajahmundry","tier":2,"start_year":1000,"end_year":1100,"fid":2433,"endonym":"Rājamahendravaram"}},{"type":"Feature","id":2434,"geometry":{"type":"Point","coordinates":[81.77784,17.00517]},"properties":{"name":"Rajahmundry","tier":3,"start_year":1100,"end_year":1901,"fid":2434,"endonym":"Rājamahendravaram"}},{"type":"Feature","id":2435,"geometry":{"type":"Point","coordinates":[70.79322,22.29161]},"properties":{"name":"Rajkot","tier":3,"start_year":1900,"end_year":1901,"fid":2435,"endonym":"Rājkoṭ"}},{"type":"Feature","id":2436,"geometry":{"type":"Point","coordinates":[87.83048,25.05303]},"properties":{"name":"Rajmahal","tier":2,"start_year":1600,"end_year":1749,"fid":2436}},{"type":"Feature","id":2437,"geometry":{"type":"Point","coordinates":[87.83048,25.05303]},"properties":{"name":"Rajmahal","tier":3,"start_year":1749,"end_year":1902,"fid":2437}},{"type":"Feature","id":2438,"geometry":{"type":"Point","coordinates":[79.024952,28.789304]},"properties":{"name":"Rampur","tier":3,"start_year":1774,"end_year":1901,"fid":2438,"endonym":"رامپور"}},{"type":"Feature","id":2439,"geometry":{"type":"Point","coordinates":[89.25166,25.74664]},"properties":{"name":"Rangpur","tier":3,"start_year":1750,"end_year":1873,"fid":2439,"endonym":"Raṃpur"}},{"type":"Feature","id":2440,"geometry":{"type":"Point","coordinates":[75.04032,23.33033]},"properties":{"name":"Ratlam","tier":3,"start_year":1900,"end_year":1901,"fid":2440,"endonym":"Ratlām"}},{"type":"Feature","id":2441,"geometry":{"type":"Point","coordinates":[12.20111,44.4175]},"properties":{"name":"Ravenna","tier":3,"start_year":1900,"end_year":1901,"fid":2441}},{"type":"Feature","id":2442,"geometry":{"type":"Point","coordinates":[73.0679,33.6007]},"properties":{"name":"Rawalpindi","tier":3,"start_year":1900,"end_year":2025,"fid":2442,"endonym":"راولپنڈی"}},{"type":"Feature","id":2443,"geometry":{"type":"Point","coordinates":[-2.28442,53.70076]},"properties":{"name":"Rawtenstall","tier":3,"start_year":1900,"end_year":1901,"fid":2443}},{"type":"Feature","id":2444,"geometry":{"type":"Point","coordinates":[51.4333,35.5833]},"properties":{"name":"Rayy","tier":1,"start_year":800,"end_year":1100,"fid":2444,"endonym":"الري"}},{"type":"Feature","id":2445,"geometry":{"type":"Point","coordinates":[51.4333,35.5833]},"properties":{"name":"Rayy","tier":2,"start_year":1100,"end_year":1201,"fid":2445,"endonym":"الري"}},{"type":"Feature","id":2446,"geometry":{"type":"Point","coordinates":[-0.97113,51.45625]},"properties":{"name":"Reading","tier":3,"start_year":1900,"end_year":1901,"fid":2446}},{"type":"Feature","id":2447,"geometry":{"type":"Point","coordinates":[-75.926875,40.335647]},"properties":{"name":"Reading","tier":3,"start_year":1900,"end_year":1901,"fid":2447}},{"type":"Feature","id":2448,"geometry":{"type":"Point","coordinates":[-100.885547,23.689397]},"properties":{"name":"Real de Catorce","tier":3,"start_year":1800,"end_year":1801,"fid":2448}},{"type":"Feature","id":2449,"geometry":{"type":"Point","coordinates":[-34.88111,-8.05389]},"properties":{"name":"Recife","tier":3,"start_year":1635,"end_year":1830,"fid":2449}},{"type":"Feature","id":2450,"geometry":{"type":"Point","coordinates":[-34.88111,-8.05389]},"properties":{"name":"Recife","tier":2,"start_year":1830,"end_year":1859,"fid":2450}},{"type":"Feature","id":2451,"geometry":{"type":"Point","coordinates":[-34.88111,-8.05389]},"properties":{"name":"Recife","tier":3,"start_year":1859,"end_year":1970,"fid":2451}},{"type":"Feature","id":2452,"geometry":{"type":"Point","coordinates":[-34.88111,-8.05389]},"properties":{"name":"Recife","tier":2,"start_year":1970,"end_year":2000,"fid":2452}},{"type":"Feature","id":2453,"geometry":{"type":"Point","coordinates":[-34.88111,-8.05389]},"properties":{"name":"Recife","tier":3,"start_year":2000,"end_year":2025,"fid":2453}},{"type":"Feature","id":2454,"geometry":{"type":"Point","coordinates":[12.09556,49.015]},"properties":{"name":"Regensburg","tier":3,"start_year":1000,"end_year":1901,"fid":2454}},{"type":"Feature","id":2455,"geometry":{"type":"Point","coordinates":[15.647292,38.1113]},"properties":{"name":"Reggio di Calabria","tier":2,"start_year":900,"end_year":947,"fid":2455,"endonym":"Ῥήγιον"}},{"type":"Feature","id":2456,"geometry":{"type":"Point","coordinates":[15.647292,38.1113]},"properties":{"name":"Reggio di Calabria","tier":3,"start_year":947,"end_year":1901,"fid":2456,"endonym":"Ῥήγιον"}},{"type":"Feature","id":2457,"geometry":{"type":"Point","coordinates":[4.03333,49.25]},"properties":{"name":"Reims","tier":2,"start_year":800,"end_year":970,"fid":2457}},{"type":"Feature","id":2458,"geometry":{"type":"Point","coordinates":[4.03333,49.25]},"properties":{"name":"Reims","tier":3,"start_year":970,"end_year":1901,"fid":2458}},{"type":"Feature","id":2459,"geometry":{"type":"Point","coordinates":[7.1925,51.17983]},"properties":{"name":"Remscheid","tier":3,"start_year":1900,"end_year":1901,"fid":2459}},{"type":"Feature","id":2460,"geometry":{"type":"Point","coordinates":[-1.67429,48.11198]},"properties":{"name":"Rennes","tier":3,"start_year":1568,"end_year":1901,"fid":2460}},{"type":"Feature","id":2461,"geometry":{"type":"Point","coordinates":[28.2167,36.4333]},"properties":{"name":"Rhodes","tier":2,"start_year":-200,"end_year":-199,"fid":2461,"endonym":"Ῥόδος"}},{"type":"Feature","id":2462,"geometry":{"type":"Point","coordinates":[-3.44885,51.65896]},"properties":{"name":"Rhondda","tier":2,"start_year":1900,"end_year":1935,"fid":2462}},{"type":"Feature","id":2463,"geometry":{"type":"Point","coordinates":[-3.44885,51.65896]},"properties":{"name":"Rhondda","tier":3,"start_year":1935,"end_year":1951,"fid":2463}},{"type":"Feature","id":2464,"geometry":{"type":"Point","coordinates":[77.4667,37.5333]},"properties":{"name":"Richmond","tier":3,"start_year":1900,"end_year":1976,"fid":2464}},{"type":"Feature","id":2465,"geometry":{"type":"Point","coordinates":[24.10589,56.946]},"properties":{"name":"Riga","tier":3,"start_year":1450,"end_year":1863,"fid":2465,"endonym":"Rīga"}},{"type":"Feature","id":2466,"geometry":{"type":"Point","coordinates":[24.10589,56.946]},"properties":{"name":"Riga","tier":2,"start_year":1863,"end_year":1914,"fid":2466,"endonym":"Rīga"}},{"type":"Feature","id":2467,"geometry":{"type":"Point","coordinates":[24.10589,56.946]},"properties":{"name":"Riga","tier":3,"start_year":1914,"end_year":1976,"fid":2467,"endonym":"Rīga"}},{"type":"Feature","id":2468,"geometry":{"type":"Point","coordinates":[-43.2075,-22.90278]},"properties":{"name":"Rio de Janeiro","tier":3,"start_year":1700,"end_year":1812,"fid":2468}},{"type":"Feature","id":2469,"geometry":{"type":"Point","coordinates":[-43.2075,-22.90278]},"properties":{"name":"Rio de Janeiro","tier":2,"start_year":1812,"end_year":1884,"fid":2469}},{"type":"Feature","id":2470,"geometry":{"type":"Point","coordinates":[-43.2075,-22.90278]},"properties":{"name":"Rio de Janeiro","tier":1,"start_year":1884,"end_year":2025,"fid":2470}},{"type":"Feature","id":2471,"geometry":{"type":"Point","coordinates":[-78.64861,-1.67083]},"properties":{"name":"Riobamba","tier":3,"start_year":1300,"end_year":1347,"fid":2471}},{"type":"Feature","id":2472,"geometry":{"type":"Point","coordinates":[-78.64861,-1.67083]},"properties":{"name":"Riobamba","tier":2,"start_year":1347,"end_year":1350,"fid":2472}},{"type":"Feature","id":2473,"geometry":{"type":"Point","coordinates":[-78.64861,-1.67083]},"properties":{"name":"Riobamba","tier":3,"start_year":1350,"end_year":1353,"fid":2473}},{"type":"Feature","id":2474,"geometry":{"type":"Point","coordinates":[-78.64861,-1.67083]},"properties":{"name":"Riobamba","tier":2,"start_year":1353,"end_year":1568,"fid":2474}},{"type":"Feature","id":2475,"geometry":{"type":"Point","coordinates":[-78.64861,-1.67083]},"properties":{"name":"Riobamba","tier":3,"start_year":1568,"end_year":1831,"fid":2475}},{"type":"Feature","id":2476,"geometry":{"type":"Point","coordinates":[4.06667,46.03333]},"properties":{"name":"Roanne","tier":3,"start_year":1900,"end_year":1901,"fid":2476}},{"type":"Feature","id":2477,"geometry":{"type":"Point","coordinates":[-2.1552,53.61766]},"properties":{"name":"Rochdale","tier":3,"start_year":1900,"end_year":1901,"fid":2477}},{"type":"Feature","id":2478,"geometry":{"type":"Point","coordinates":[5.2216,50.1631]},"properties":{"name":"Rochefort","tier":3,"start_year":1900,"end_year":1901,"fid":2478}},{"type":"Feature","id":2479,"geometry":{"type":"Point","coordinates":[0.487261,51.386067]},"properties":{"name":"Rochester","tier":3,"start_year":1900,"end_year":1901,"fid":2479}},{"type":"Feature","id":2480,"geometry":{"type":"Point","coordinates":[-77.610922,43.161031]},"properties":{"name":"Rochester","tier":3,"start_year":1900,"end_year":1976,"fid":2480}},{"type":"Feature","id":2481,"geometry":{"type":"Point","coordinates":[-89.064444,42.259444]},"properties":{"name":"Rockford","tier":3,"start_year":1900,"end_year":1901,"fid":2481}},{"type":"Feature","id":2482,"geometry":{"type":"Point","coordinates":[12.4839,41.89474]},"properties":{"name":"Rome","tier":1,"start_year":-500,"end_year":-430,"fid":2482,"endonym":"Roma"}},{"type":"Feature","id":2483,"geometry":{"type":"Point","coordinates":[12.4839,41.89474]},"properties":{"name":"Rome","tier":2,"start_year":-430,"end_year":-400,"fid":2483,"endonym":"Roma"}},{"type":"Feature","id":2484,"geometry":{"type":"Point","coordinates":[12.4839,41.89474]},"properties":{"name":"Rome","tier":1,"start_year":-400,"end_year":591,"fid":2484,"endonym":"Roma"}},{"type":"Feature","id":2485,"geometry":{"type":"Point","coordinates":[12.4839,41.89474]},"properties":{"name":"Rome","tier":2,"start_year":591,"end_year":1200,"fid":2485,"endonym":"Roma"}},{"type":"Feature","id":2486,"geometry":{"type":"Point","coordinates":[12.4839,41.89474]},"properties":{"name":"Rome","tier":3,"start_year":1200,"end_year":1201,"fid":2486,"endonym":"Roma"}},{"type":"Feature","id":2487,"geometry":{"type":"Point","coordinates":[12.4839,41.89474]},"properties":{"name":"Rome","tier":2,"start_year":1201,"end_year":1212,"fid":2487,"endonym":"Roma"}},{"type":"Feature","id":2488,"geometry":{"type":"Point","coordinates":[12.4839,41.89474]},"properties":{"name":"Rome","tier":3,"start_year":1212,"end_year":1521,"fid":2488,"endonym":"Roma"}},{"type":"Feature","id":2489,"geometry":{"type":"Point","coordinates":[12.4839,41.89474]},"properties":{"name":"Rome","tier":2,"start_year":1521,"end_year":1688,"fid":2489,"endonym":"Roma"}},{"type":"Feature","id":2490,"geometry":{"type":"Point","coordinates":[12.4839,41.89474]},"properties":{"name":"Rome","tier":1,"start_year":1688,"end_year":1768,"fid":2490,"endonym":"Roma"}},{"type":"Feature","id":2491,"geometry":{"type":"Point","coordinates":[12.4839,41.89474]},"properties":{"name":"Rome","tier":2,"start_year":1768,"end_year":1948,"fid":2491,"endonym":"Roma"}},{"type":"Feature","id":2492,"geometry":{"type":"Point","coordinates":[12.4839,41.89474]},"properties":{"name":"Rome","tier":1,"start_year":1948,"end_year":1953,"fid":2492,"endonym":"Roma"}},{"type":"Feature","id":2493,"geometry":{"type":"Point","coordinates":[12.4839,41.89474]},"properties":{"name":"Rome","tier":2,"start_year":1953,"end_year":2025,"fid":2493,"endonym":"Roma"}},{"type":"Feature","id":2494,"geometry":{"type":"Point","coordinates":[-60.63932,-32.94682]},"properties":{"name":"Rosario","tier":3,"start_year":1900,"end_year":1976,"fid":2494}},{"type":"Feature","id":2495,"geometry":{"type":"Point","coordinates":[12.08035,55.64152]},"properties":{"name":"Roskilde","tier":3,"start_year":1274,"end_year":1801,"fid":2495}},{"type":"Feature","id":2496,"geometry":{"type":"Point","coordinates":[12.14049,54.0887]},"properties":{"name":"Rostock","tier":3,"start_year":1900,"end_year":1901,"fid":2496}},{"type":"Feature","id":2497,"geometry":{"type":"Point","coordinates":[39.41394,47.2333]},"properties":{"name":"Rostov-on-Don","tier":3,"start_year":1900,"end_year":2025,"fid":2497,"endonym":"Ростов-на-Дону"}},{"type":"Feature","id":2498,"geometry":{"type":"Point","coordinates":[-1.35678,53.43012]},"properties":{"name":"Rotherham","tier":3,"start_year":1900,"end_year":1901,"fid":2498}},{"type":"Feature","id":2499,"geometry":{"type":"Point","coordinates":[4.47917,51.9225]},"properties":{"name":"Rotterdam","tier":3,"start_year":1496,"end_year":1690,"fid":2499}},{"type":"Feature","id":2500,"geometry":{"type":"Point","coordinates":[4.47917,51.9225]},"properties":{"name":"Rotterdam","tier":2,"start_year":1690,"end_year":1708,"fid":2500}},{"type":"Feature","id":2501,"geometry":{"type":"Point","coordinates":[4.47917,51.9225]},"properties":{"name":"Rotterdam","tier":3,"start_year":1708,"end_year":1805,"fid":2501}},{"type":"Feature","id":2502,"geometry":{"type":"Point","coordinates":[4.47917,51.9225]},"properties":{"name":"Rotterdam","tier":2,"start_year":1805,"end_year":1970,"fid":2502}},{"type":"Feature","id":2503,"geometry":{"type":"Point","coordinates":[4.47917,51.9225]},"properties":{"name":"Rotterdam","tier":3,"start_year":1970,"end_year":1976,"fid":2503}},{"type":"Feature","id":2504,"geometry":{"type":"Point","coordinates":[3.177847,50.692706]},"properties":{"name":"Roubaix","tier":3,"start_year":1804,"end_year":1864,"fid":2504}},{"type":"Feature","id":2505,"geometry":{"type":"Point","coordinates":[3.177847,50.692706]},"properties":{"name":"Roubaix","tier":2,"start_year":1864,"end_year":1901,"fid":2505}},{"type":"Feature","id":2506,"geometry":{"type":"Point","coordinates":[1.09932,49.44313]},"properties":{"name":"Rouen","tier":3,"start_year":1000,"end_year":1175,"fid":2506}},{"type":"Feature","id":2507,"geometry":{"type":"Point","coordinates":[1.09932,49.44313]},"properties":{"name":"Rouen","tier":2,"start_year":1175,"end_year":1350,"fid":2507}},{"type":"Feature","id":2508,"geometry":{"type":"Point","coordinates":[1.09932,49.44313]},"properties":{"name":"Rouen","tier":3,"start_year":1350,"end_year":1353,"fid":2508}},{"type":"Feature","id":2509,"geometry":{"type":"Point","coordinates":[1.09932,49.44313]},"properties":{"name":"Rouen","tier":2,"start_year":1353,"end_year":1871,"fid":2509}},{"type":"Feature","id":2510,"geometry":{"type":"Point","coordinates":[1.09932,49.44313]},"properties":{"name":"Rouen","tier":3,"start_year":1871,"end_year":1872,"fid":2510}},{"type":"Feature","id":2511,"geometry":{"type":"Point","coordinates":[1.09932,49.44313]},"properties":{"name":"Rouen","tier":2,"start_year":1872,"end_year":1873,"fid":2511}},{"type":"Feature","id":2512,"geometry":{"type":"Point","coordinates":[1.09932,49.44313]},"properties":{"name":"Rouen","tier":3,"start_year":1873,"end_year":1951,"fid":2512}},{"type":"Feature","id":2513,"geometry":{"type":"Point","coordinates":[6.862626,51.407415]},"properties":{"name":"Ruhr","tier":1,"start_year":1900,"end_year":1976,"fid":2513}},{"type":"Feature","id":2514,"geometry":{"type":"Point","coordinates":[25.965656,43.835572]},"properties":{"name":"Ruse","tier":3,"start_year":1640,"end_year":1875,"fid":2514,"endonym":"روسچوق"}},{"type":"Feature","id":2515,"geometry":{"type":"Point","coordinates":[39.712586,54.609542]},"properties":{"name":"Ryazan","tier":3,"start_year":1900,"end_year":1901,"fid":2515,"endonym":"Рязань"}},{"type":"Feature","id":2516,"geometry":{"type":"Point","coordinates":[6.98165,49.2354]},"properties":{"name":"Saarbrucken","tier":3,"start_year":1900,"end_year":1951,"fid":2516,"endonym":"Saarbrücken"}},{"type":"Feature","id":2517,"geometry":{"type":"Point","coordinates":[-121.494237,38.581487]},"properties":{"name":"Sacramento","tier":3,"start_year":1950,"end_year":1976,"fid":2517}},{"type":"Feature","id":2518,"geometry":{"type":"Point","coordinates":[78.71,23.83]},"properties":{"name":"Sagar","tier":3,"start_year":1900,"end_year":1901,"fid":2518,"endonym":"Sāgar"}},{"type":"Feature","id":2519,"geometry":{"type":"Point","coordinates":[-83.950807,43.41947]},"properties":{"name":"Saginaw","tier":3,"start_year":1900,"end_year":1901,"fid":2519}},{"type":"Feature","id":2520,"geometry":{"type":"Point","coordinates":[77.54522,29.9679]},"properties":{"name":"Saharanpur","tier":3,"start_year":1900,"end_year":1901,"fid":2520,"endonym":"Sahāranpur"}},{"type":"Feature","id":2521,"geometry":{"type":"Point","coordinates":[30.26417,59.89444]},"properties":{"name":"Saint Petersburg","tier":2,"start_year":1750,"end_year":1776,"fid":2521,"endonym":"Санкт-Петербург"}},{"type":"Feature","id":2522,"geometry":{"type":"Point","coordinates":[30.26417,59.89444]},"properties":{"name":"Saint Petersburg","tier":1,"start_year":1776,"end_year":2025,"fid":2522,"endonym":"Санкт-Петербург"}},{"type":"Feature","id":2523,"geometry":{"type":"Point","coordinates":[-2.025675,48.649336]},"properties":{"name":"Saint-Malo","tier":3,"start_year":1600,"end_year":1853,"fid":2523}},{"type":"Feature","id":2524,"geometry":{"type":"Point","coordinates":[2.252208,50.750114]},"properties":{"name":"Saint-Omer","tier":3,"start_year":1200,"end_year":1852,"fid":2524}},{"type":"Feature","id":2525,"geometry":{"type":"Point","coordinates":[3.2874,49.847066]},"properties":{"name":"Saint-Quentin","tier":3,"start_year":1900,"end_year":1901,"fid":2525}},{"type":"Feature","id":2526,"geometry":{"type":"Point","coordinates":[30.76872699,30.96485438]},"properties":{"name":"Sais","tier":1,"start_year":-650,"end_year":-649,"fid":2526}},{"type":"Feature","id":2527,"geometry":{"type":"Point","coordinates":[135.483056,34.573333]},"properties":{"name":"Sakai","tier":3,"start_year":1500,"end_year":1543,"fid":2527,"endonym":"堺"}},{"type":"Feature","id":2528,"geometry":{"type":"Point","coordinates":[135.483056,34.573333]},"properties":{"name":"Sakai","tier":2,"start_year":1543,"end_year":1583,"fid":2528,"endonym":"堺"}},{"type":"Feature","id":2529,"geometry":{"type":"Point","coordinates":[-5.663539,40.970103]},"properties":{"name":"Salamanca","tier":3,"start_year":1530,"end_year":1858,"fid":2529}},{"type":"Feature","id":2530,"geometry":{"type":"Point","coordinates":[78.146014,11.664325]},"properties":{"name":"Salem","tier":3,"start_year":1900,"end_year":1901,"fid":2530,"endonym":"Cēlam"}},{"type":"Feature","id":2531,"geometry":{"type":"Point","coordinates":[-70.896717,42.519539]},"properties":{"name":"Salem","tier":3,"start_year":1900,"end_year":1901,"fid":2531,"endonym":"Cēlam"}},{"type":"Feature","id":2532,"geometry":{"type":"Point","coordinates":[14.76599,40.67797]},"properties":{"name":"Salerno","tier":2,"start_year":1100,"end_year":1184,"fid":2532}},{"type":"Feature","id":2533,"geometry":{"type":"Point","coordinates":[14.76599,40.67797]},"properties":{"name":"Salerno","tier":3,"start_year":1184,"end_year":1855,"fid":2533}},{"type":"Feature","id":2534,"geometry":{"type":"Point","coordinates":[-111.89105,40.76078]},"properties":{"name":"Salt Lake City","tier":3,"start_year":1900,"end_year":1976,"fid":2534}},{"type":"Feature","id":2535,"geometry":{"type":"Point","coordinates":[-38.51083,-12.97111]},"properties":{"name":"Salvador","tier":3,"start_year":1549,"end_year":1829,"fid":2535,"endonym":"São Salvador da Bahia de Todos os Santos"}},{"type":"Feature","id":2536,"geometry":{"type":"Point","coordinates":[-38.51083,-12.97111]},"properties":{"name":"Salvador","tier":2,"start_year":1829,"end_year":1860,"fid":2536,"endonym":"São Salvador da Bahia de Todos os Santos"}},{"type":"Feature","id":2537,"geometry":{"type":"Point","coordinates":[-38.51083,-12.97111]},"properties":{"name":"Salvador","tier":3,"start_year":1860,"end_year":2000,"fid":2537,"endonym":"São Salvador da Bahia de Todos os Santos"}},{"type":"Feature","id":2538,"geometry":{"type":"Point","coordinates":[-38.51083,-12.97111]},"properties":{"name":"Salvador","tier":2,"start_year":2000,"end_year":2025,"fid":2538,"endonym":"São Salvador da Bahia de Todos os Santos"}},{"type":"Feature","id":2539,"geometry":{"type":"Point","coordinates":[13.04399,47.79941]},"properties":{"name":"Salzburg","tier":3,"start_year":1900,"end_year":1901,"fid":2539}},{"type":"Feature","id":2540,"geometry":{"type":"Point","coordinates":[50.1408,53.2028]},"properties":{"name":"Samara","tier":3,"start_year":1950,"end_year":2025,"fid":2540,"endonym":"Самара"}},{"type":"Feature","id":2541,"geometry":{"type":"Point","coordinates":[35.19040505,32.2761695611]},"properties":{"name":"Samaria","tier":1,"start_year":-800,"end_year":-799,"fid":2541,"endonym":"Shomron"}},{"type":"Feature","id":2542,"geometry":{"type":"Point","coordinates":[66.947561,39.6576]},"properties":{"name":"Samarkand","tier":1,"start_year":-712,"end_year":-100,"fid":2542,"endonym":"سمرقند"}},{"type":"Feature","id":2543,"geometry":{"type":"Point","coordinates":[66.947561,39.6576]},"properties":{"name":"Samarkand","tier":2,"start_year":-100,"end_year":874,"fid":2543,"endonym":"سمرقند"}},{"type":"Feature","id":2544,"geometry":{"type":"Point","coordinates":[66.947561,39.6576]},"properties":{"name":"Samarkand","tier":1,"start_year":874,"end_year":950,"fid":2544,"endonym":"سمرقند"}},{"type":"Feature","id":2545,"geometry":{"type":"Point","coordinates":[66.947561,39.6576]},"properties":{"name":"Samarkand","tier":2,"start_year":950,"end_year":990,"fid":2545,"endonym":"سمرقند"}},{"type":"Feature","id":2546,"geometry":{"type":"Point","coordinates":[66.947561,39.6576]},"properties":{"name":"Samarkand","tier":1,"start_year":990,"end_year":1042,"fid":2546,"endonym":"سمرقند"}},{"type":"Feature","id":2547,"geometry":{"type":"Point","coordinates":[66.947561,39.6576]},"properties":{"name":"Samarkand","tier":2,"start_year":1042,"end_year":1215,"fid":2547,"endonym":"سمرقند"}},{"type":"Feature","id":2548,"geometry":{"type":"Point","coordinates":[66.947561,39.6576]},"properties":{"name":"Samarkand","tier":1,"start_year":1215,"end_year":1221,"fid":2548,"endonym":"سمرقند"}},{"type":"Feature","id":2549,"geometry":{"type":"Point","coordinates":[66.947561,39.6576]},"properties":{"name":"Samarkand","tier":3,"start_year":1221,"end_year":1236,"fid":2549,"endonym":"سمرقند"}},{"type":"Feature","id":2550,"geometry":{"type":"Point","coordinates":[66.947561,39.6576]},"properties":{"name":"Samarkand","tier":2,"start_year":1236,"end_year":1324,"fid":2550,"endonym":"سمرقند"}},{"type":"Feature","id":2551,"geometry":{"type":"Point","coordinates":[66.947561,39.6576]},"properties":{"name":"Samarkand","tier":1,"start_year":1324,"end_year":1446,"fid":2551,"endonym":"سمرقند"}},{"type":"Feature","id":2552,"geometry":{"type":"Point","coordinates":[66.947561,39.6576]},"properties":{"name":"Samarkand","tier":2,"start_year":1446,"end_year":1600,"fid":2552,"endonym":"سمرقند"}},{"type":"Feature","id":2553,"geometry":{"type":"Point","coordinates":[66.947561,39.6576]},"properties":{"name":"Samarkand","tier":3,"start_year":1600,"end_year":1901,"fid":2553,"endonym":"سمرقند"}},{"type":"Feature","id":2554,"geometry":{"type":"Point","coordinates":[43.874167,34.198333]},"properties":{"name":"Samarra","tier":1,"start_year":836,"end_year":990,"fid":2554,"endonym":"سامرّاء"}},{"type":"Feature","id":2555,"geometry":{"type":"Point","coordinates":[43.874167,34.198333]},"properties":{"name":"Samarra","tier":2,"start_year":990,"end_year":1034,"fid":2555,"endonym":"سامرّاء"}},{"type":"Feature","id":2556,"geometry":{"type":"Point","coordinates":[43.874167,34.198333]},"properties":{"name":"Samarra","tier":1,"start_year":1034,"end_year":1042,"fid":2556,"endonym":"سامرّاء"}},{"type":"Feature","id":2557,"geometry":{"type":"Point","coordinates":[43.874167,34.198333]},"properties":{"name":"Samarra","tier":2,"start_year":1042,"end_year":1450,"fid":2557,"endonym":"سامرّاء"}},{"type":"Feature","id":2558,"geometry":{"type":"Point","coordinates":[43.874167,34.198333]},"properties":{"name":"Samarra","tier":3,"start_year":1450,"end_year":1844,"fid":2558,"endonym":"سامرّاء"}},{"type":"Feature","id":2559,"geometry":{"type":"Point","coordinates":[78.56689,28.58323]},"properties":{"name":"Sambhal","tier":3,"start_year":1900,"end_year":1901,"fid":2559}},{"type":"Feature","id":2560,"geometry":{"type":"Point","coordinates":[-98.493628,29.424122]},"properties":{"name":"San Antonio","tier":3,"start_year":1900,"end_year":2025,"fid":2560}},{"type":"Feature","id":2561,"geometry":{"type":"Point","coordinates":[-117.3,34.1]},"properties":{"name":"San Bernardino","tier":3,"start_year":1975,"end_year":1976,"fid":2561}},{"type":"Feature","id":2562,"geometry":{"type":"Point","coordinates":[-117.157256,32.715328]},"properties":{"name":"San Diego","tier":3,"start_year":1950,"end_year":1970,"fid":2562}},{"type":"Feature","id":2563,"geometry":{"type":"Point","coordinates":[-117.157256,32.715328]},"properties":{"name":"San Diego","tier":2,"start_year":1970,"end_year":2000,"fid":2563}},{"type":"Feature","id":2564,"geometry":{"type":"Point","coordinates":[-117.157256,32.715328]},"properties":{"name":"San Diego","tier":3,"start_year":2000,"end_year":2025,"fid":2564}},{"type":"Feature","id":2565,"geometry":{"type":"Point","coordinates":[-122.419416,37.77493]},"properties":{"name":"San Francisco","tier":2,"start_year":1875,"end_year":1933,"fid":2565}},{"type":"Feature","id":2566,"geometry":{"type":"Point","coordinates":[-122.419416,37.77493]},"properties":{"name":"San Francisco","tier":1,"start_year":1933,"end_year":1976,"fid":2566}},{"type":"Feature","id":2567,"geometry":{"type":"Point","coordinates":[-66.0667,18.45]},"properties":{"name":"San Juan","tier":3,"start_year":1900,"end_year":1976,"fid":2567}},{"type":"Feature","id":2568,"geometry":{"type":"Point","coordinates":[-100.9828,22.14993]},"properties":{"name":"San Luis Potosi","tier":3,"start_year":1793,"end_year":1901,"fid":2568,"endonym":"San Luis Potosí"}},{"type":"Feature","id":2569,"geometry":{"type":"Point","coordinates":[-89.202258,13.706899]},"properties":{"name":"San Salvador","tier":3,"start_year":1900,"end_year":1976,"fid":2569}},{"type":"Feature","id":2570,"geometry":{"type":"Point","coordinates":[-1.97499,43.31283]},"properties":{"name":"San Sebastian","tier":3,"start_year":1900,"end_year":1901,"fid":2570,"endonym":"Donostia"}},{"type":"Feature","id":2571,"geometry":{"type":"Point","coordinates":[44.20667,15.35472]},"properties":{"name":"Sana'a","tier":3,"start_year":1503,"end_year":1911,"fid":2571,"endonym":"صنعاء"}},{"type":"Feature","id":2572,"geometry":{"type":"Point","coordinates":[9.376717,47.424482]},"properties":{"name":"Sankt Gallen","tier":3,"start_year":1900,"end_year":1901,"fid":2572}},{"type":"Feature","id":2573,"geometry":{"type":"Point","coordinates":[-16.25,28.466667]},"properties":{"name":"Santa Cruz","tier":3,"start_year":1900,"end_year":1901,"fid":2573}},{"type":"Feature","id":2574,"geometry":{"type":"Point","coordinates":[-60.697294,-31.610658]},"properties":{"name":"Santa Fe","tier":3,"start_year":1950,"end_year":1951,"fid":2574}},{"type":"Feature","id":2575,"geometry":{"type":"Point","coordinates":[-3.80444,43.46472]},"properties":{"name":"Santander","tier":3,"start_year":1900,"end_year":1901,"fid":2575}},{"type":"Feature","id":2576,"geometry":{"type":"Point","coordinates":[-70.666667,-33.45]},"properties":{"name":"Santiago","tier":3,"start_year":1657,"end_year":1868,"fid":2576}},{"type":"Feature","id":2577,"geometry":{"type":"Point","coordinates":[-70.666667,-33.45]},"properties":{"name":"Santiago","tier":2,"start_year":1868,"end_year":2000,"fid":2577}},{"type":"Feature","id":2578,"geometry":{"type":"Point","coordinates":[-70.666667,-33.45]},"properties":{"name":"Santiago","tier":1,"start_year":2000,"end_year":2025,"fid":2578}},{"type":"Feature","id":2579,"geometry":{"type":"Point","coordinates":[-75.813917,20.019833]},"properties":{"name":"Santiago de Cuba","tier":3,"start_year":1900,"end_year":1901,"fid":2579}},{"type":"Feature","id":2580,"geometry":{"type":"Point","coordinates":[-100.389889,20.588792]},"properties":{"name":"Santiago de Queretaro","tier":3,"start_year":1792,"end_year":1901,"fid":2580,"endonym":"Santiago de Querétaro"}},{"type":"Feature","id":2581,"geometry":{"type":"Point","coordinates":[-97.283333,17.25]},"properties":{"name":"Santiago Tilantongo","tier":3,"start_year":1572,"end_year":1851,"fid":2581}},{"type":"Feature","id":2582,"geometry":{"type":"Point","coordinates":[-69.95,18.466667]},"properties":{"name":"Santo Domingo","tier":3,"start_year":1975,"end_year":2000,"fid":2582}},{"type":"Feature","id":2583,"geometry":{"type":"Point","coordinates":[-69.95,18.466667]},"properties":{"name":"Santo Domingo","tier":2,"start_year":2000,"end_year":2025,"fid":2583}},{"type":"Feature","id":2584,"geometry":{"type":"Point","coordinates":[-46.33361,-23.96083]},"properties":{"name":"Santos","tier":3,"start_year":1900,"end_year":1901,"fid":2584}},{"type":"Feature","id":2585,"geometry":{"type":"Point","coordinates":[-44.3044,-2.5283]},"properties":{"name":"Sao Luis","tier":3,"start_year":1900,"end_year":1901,"fid":2585,"endonym":"São Luís"}},{"type":"Feature","id":2586,"geometry":{"type":"Point","coordinates":[-46.63611,-23.5475]},"properties":{"name":"Sao Paolo","tier":2,"start_year":1900,"end_year":1936,"fid":2586,"endonym":"São Paulo"}},{"type":"Feature","id":2587,"geometry":{"type":"Point","coordinates":[-46.63611,-23.5475]},"properties":{"name":"Sao Paolo","tier":1,"start_year":1936,"end_year":2025,"fid":2587,"endonym":"São Paulo"}},{"type":"Feature","id":2588,"geometry":{"type":"Point","coordinates":[141.34694,43.06417]},"properties":{"name":"Sapporo","tier":3,"start_year":1900,"end_year":2000,"fid":2588,"endonym":"札幌"}},{"type":"Feature","id":2589,"geometry":{"type":"Point","coordinates":[141.34694,43.06417]},"properties":{"name":"Sapporo","tier":2,"start_year":2000,"end_year":2025,"fid":2589,"endonym":"札幌"}},{"type":"Feature","id":2590,"geometry":{"type":"Point","coordinates":[88.3833,22.9667]},"properties":{"name":"Saptagram","tier":2,"start_year":1500,"end_year":1551,"fid":2590}},{"type":"Feature","id":2591,"geometry":{"type":"Point","coordinates":[41.02126,53.74577]},"properties":{"name":"Sarai","tier":2,"start_year":1250,"end_year":1277,"fid":2591,"endonym":"سرای"}},{"type":"Feature","id":2592,"geometry":{"type":"Point","coordinates":[41.02126,53.74577]},"properties":{"name":"Sarai","tier":1,"start_year":1277,"end_year":1351,"fid":2592,"endonym":"سرای"}},{"type":"Feature","id":2593,"geometry":{"type":"Point","coordinates":[18.35644,43.84864]},"properties":{"name":"Sarajevo","tier":3,"start_year":1600,"end_year":1901,"fid":2593,"endonym":"سرایبوسنا"}},{"type":"Feature","id":2594,"geometry":{"type":"Point","coordinates":[46.00861,51.54056]},"properties":{"name":"Saratov","tier":3,"start_year":1774,"end_year":1976,"fid":2594,"endonym":"Саратов"}},{"type":"Feature","id":2595,"geometry":{"type":"Point","coordinates":[28.04759086,38.48226723]},"properties":{"name":"Sardis","tier":2,"start_year":-430,"end_year":-429,"fid":2595,"endonym":"Σάρδεις"}},{"type":"Feature","id":2596,"geometry":{"type":"Point","coordinates":[129.72278,33.15917]},"properties":{"name":"Sasebo","tier":3,"start_year":1900,"end_year":1901,"fid":2596,"endonym":"佐世保"}},{"type":"Feature","id":2597,"geometry":{"type":"Point","coordinates":[8.56028,40.72722]},"properties":{"name":"Sassari","tier":3,"start_year":1900,"end_year":1901,"fid":2597}},{"type":"Feature","id":2598,"geometry":{"type":"Point","coordinates":[73.99333,17.68589]},"properties":{"name":"Satara","tier":3,"start_year":1872,"end_year":1873,"fid":2598,"endonym":"Sātārā"}},{"type":"Feature","id":2599,"geometry":{"type":"Point","coordinates":[-81.09983,32.08354]},"properties":{"name":"Savannah","tier":3,"start_year":1900,"end_year":1901,"fid":2599}},{"type":"Feature","id":2600,"geometry":{"type":"Point","coordinates":[-73.93957,42.81424]},"properties":{"name":"Schenectady","tier":3,"start_year":1900,"end_year":1901,"fid":2600}},{"type":"Feature","id":2601,"geometry":{"type":"Point","coordinates":[-75.66241,41.40897]},"properties":{"name":"Scranton","tier":3,"start_year":1900,"end_year":1920,"fid":2601}},{"type":"Feature","id":2602,"geometry":{"type":"Point","coordinates":[-75.66241,41.40897]},"properties":{"name":"Scranton","tier":2,"start_year":1920,"end_year":1930,"fid":2602}},{"type":"Feature","id":2603,"geometry":{"type":"Point","coordinates":[-75.66241,41.40897]},"properties":{"name":"Scranton","tier":3,"start_year":1930,"end_year":1951,"fid":2603}},{"type":"Feature","id":2604,"geometry":{"type":"Point","coordinates":[-122.33207,47.60621]},"properties":{"name":"Seattle","tier":3,"start_year":1900,"end_year":1970,"fid":2604}},{"type":"Feature","id":2605,"geometry":{"type":"Point","coordinates":[-122.33207,47.60621]},"properties":{"name":"Seattle","tier":2,"start_year":1970,"end_year":1976,"fid":2605}},{"type":"Feature","id":2606,"geometry":{"type":"Point","coordinates":[-6.265319,13.440597]},"properties":{"name":"Segou","tier":3,"start_year":1750,"end_year":1866,"fid":2606,"endonym":"Segu"}},{"type":"Feature","id":2607,"geometry":{"type":"Point","coordinates":[-4.113003,40.943564]},"properties":{"name":"Segovia","tier":3,"start_year":1530,"end_year":1858,"fid":2607}},{"type":"Feature","id":2608,"geometry":{"type":"Point","coordinates":[44.522222,33.094444]},"properties":{"name":"Seleucia","tier":1,"start_year":-300,"end_year":101,"fid":2608,"endonym":"Σελεύκεια"}},{"type":"Feature","id":2609,"geometry":{"type":"Point","coordinates":[110.4203,-6.9932]},"properties":{"name":"Semarang","tier":3,"start_year":1800,"end_year":2000,"fid":2609}},{"type":"Feature","id":2610,"geometry":{"type":"Point","coordinates":[110.4203,-6.9932]},"properties":{"name":"Semarang","tier":2,"start_year":2000,"end_year":2025,"fid":2610}},{"type":"Feature","id":2611,"geometry":{"type":"Point","coordinates":[140.866667,38.266667]},"properties":{"name":"Sendai","tier":2,"start_year":1661,"end_year":1799,"fid":2611,"endonym":"仙台"}},{"type":"Feature","id":2612,"geometry":{"type":"Point","coordinates":[140.866667,38.266667]},"properties":{"name":"Sendai","tier":3,"start_year":1799,"end_year":1800,"fid":2612,"endonym":"仙台"}},{"type":"Feature","id":2613,"geometry":{"type":"Point","coordinates":[140.866667,38.266667]},"properties":{"name":"Sendai","tier":2,"start_year":1800,"end_year":1801,"fid":2613,"endonym":"仙台"}},{"type":"Feature","id":2614,"geometry":{"type":"Point","coordinates":[140.866667,38.266667]},"properties":{"name":"Sendai","tier":3,"start_year":1801,"end_year":2025,"fid":2614,"endonym":"仙台"}},{"type":"Feature","id":2615,"geometry":{"type":"Point","coordinates":[33.567203,13.567469]},"properties":{"name":"Sennar","tier":3,"start_year":1600,"end_year":1851,"fid":2615,"endonym":"سنار"}},{"type":"Feature","id":2616,"geometry":{"type":"Point","coordinates":[126.97783,37.56826]},"properties":{"name":"Seoul","tier":1,"start_year":1400,"end_year":1827,"fid":2616,"endonym":"서울"}},{"type":"Feature","id":2617,"geometry":{"type":"Point","coordinates":[126.97783,37.56826]},"properties":{"name":"Seoul","tier":2,"start_year":1827,"end_year":1892,"fid":2617,"endonym":"서울"}},{"type":"Feature","id":2618,"geometry":{"type":"Point","coordinates":[126.97783,37.56826]},"properties":{"name":"Seoul","tier":3,"start_year":1892,"end_year":1928,"fid":2618,"endonym":"서울"}},{"type":"Feature","id":2619,"geometry":{"type":"Point","coordinates":[126.97783,37.56826]},"properties":{"name":"Seoul","tier":2,"start_year":1928,"end_year":1953,"fid":2619,"endonym":"서울"}},{"type":"Feature","id":2620,"geometry":{"type":"Point","coordinates":[126.97783,37.56826]},"properties":{"name":"Seoul","tier":1,"start_year":1953,"end_year":2025,"fid":2620,"endonym":"서울"}},{"type":"Feature","id":2621,"geometry":{"type":"Point","coordinates":[23.541319,41.090922]},"properties":{"name":"Serres","tier":3,"start_year":1500,"end_year":1871,"fid":2621,"endonym":"سيروز"}},{"type":"Feature","id":2622,"geometry":{"type":"Point","coordinates":[33.5224,44.58883]},"properties":{"name":"Sevastopol","tier":3,"start_year":1841,"end_year":1901,"fid":2622,"endonym":"Севастополь"}},{"type":"Feature","id":2623,"geometry":{"type":"Point","coordinates":[-5.982331,37.388097]},"properties":{"name":"Seville","tier":2,"start_year":622,"end_year":980,"fid":2623,"endonym":"Sevilla"}},{"type":"Feature","id":2624,"geometry":{"type":"Point","coordinates":[-5.982331,37.388097]},"properties":{"name":"Seville","tier":1,"start_year":980,"end_year":1236,"fid":2624,"endonym":"Sevilla"}},{"type":"Feature","id":2625,"geometry":{"type":"Point","coordinates":[-5.982331,37.388097]},"properties":{"name":"Seville","tier":2,"start_year":1236,"end_year":1297,"fid":2625,"endonym":"Sevilla"}},{"type":"Feature","id":2626,"geometry":{"type":"Point","coordinates":[-5.982331,37.388097]},"properties":{"name":"Seville","tier":1,"start_year":1297,"end_year":1300,"fid":2626,"endonym":"Sevilla"}},{"type":"Feature","id":2627,"geometry":{"type":"Point","coordinates":[-5.982331,37.388097]},"properties":{"name":"Seville","tier":2,"start_year":1300,"end_year":1302,"fid":2627,"endonym":"Sevilla"}},{"type":"Feature","id":2628,"geometry":{"type":"Point","coordinates":[-5.982331,37.388097]},"properties":{"name":"Seville","tier":1,"start_year":1302,"end_year":1316,"fid":2628,"endonym":"Sevilla"}},{"type":"Feature","id":2629,"geometry":{"type":"Point","coordinates":[-5.982331,37.388097]},"properties":{"name":"Seville","tier":2,"start_year":1316,"end_year":1577,"fid":2629,"endonym":"Sevilla"}},{"type":"Feature","id":2630,"geometry":{"type":"Point","coordinates":[-5.982331,37.388097]},"properties":{"name":"Seville","tier":1,"start_year":1577,"end_year":1610,"fid":2630,"endonym":"Sevilla"}},{"type":"Feature","id":2631,"geometry":{"type":"Point","coordinates":[-5.982331,37.388097]},"properties":{"name":"Seville","tier":2,"start_year":1610,"end_year":1900,"fid":2631,"endonym":"Sevilla"}},{"type":"Feature","id":2632,"geometry":{"type":"Point","coordinates":[-5.982331,37.388097]},"properties":{"name":"Seville","tier":3,"start_year":1900,"end_year":1901,"fid":2632,"endonym":"Sevilla"}},{"type":"Feature","id":2633,"geometry":{"type":"Point","coordinates":[-5.982331,37.388097]},"properties":{"name":"Seville","tier":2,"start_year":1901,"end_year":1905,"fid":2633,"endonym":"Sevilla"}},{"type":"Feature","id":2634,"geometry":{"type":"Point","coordinates":[-5.982331,37.388097]},"properties":{"name":"Seville","tier":3,"start_year":1905,"end_year":1976,"fid":2634,"endonym":"Sevilla"}},{"type":"Feature","id":2635,"geometry":{"type":"Point","coordinates":[79.9109,27.88142]},"properties":{"name":"Shahjahanpur","tier":3,"start_year":1800,"end_year":1901,"fid":2635}},{"type":"Feature","id":2636,"geometry":{"type":"Point","coordinates":[121.45806,31.22222]},"properties":{"name":"Shanghai","tier":3,"start_year":1554,"end_year":1738,"fid":2636,"endonym":"上海"}},{"type":"Feature","id":2637,"geometry":{"type":"Point","coordinates":[121.45806,31.22222]},"properties":{"name":"Shanghai","tier":2,"start_year":1738,"end_year":1859,"fid":2637,"endonym":"上海"}},{"type":"Feature","id":2638,"geometry":{"type":"Point","coordinates":[121.45806,31.22222]},"properties":{"name":"Shanghai","tier":1,"start_year":1859,"end_year":1860,"fid":2638,"endonym":"上海"}},{"type":"Feature","id":2639,"geometry":{"type":"Point","coordinates":[121.45806,31.22222]},"properties":{"name":"Shanghai","tier":2,"start_year":1860,"end_year":1900,"fid":2639,"endonym":"上海"}},{"type":"Feature","id":2640,"geometry":{"type":"Point","coordinates":[121.45806,31.22222]},"properties":{"name":"Shanghai","tier":1,"start_year":1900,"end_year":2025,"fid":2640,"endonym":"上海"}},{"type":"Feature","id":2641,"geometry":{"type":"Point","coordinates":[117.963333,28.441944]},"properties":{"name":"Shangrao","tier":3,"start_year":1948,"end_year":1949,"fid":2641,"endonym":"上饒"}},{"type":"Feature","id":2642,"geometry":{"type":"Point","coordinates":[120.583333,30]},"properties":{"name":"Shaoxing","tier":2,"start_year":1077,"end_year":1100,"fid":2642,"endonym":"紹興"}},{"type":"Feature","id":2643,"geometry":{"type":"Point","coordinates":[120.583333,30]},"properties":{"name":"Shaoxing","tier":3,"start_year":1100,"end_year":1949,"fid":2643,"endonym":"紹興"}},{"type":"Feature","id":2644,"geometry":{"type":"Point","coordinates":[-1.470086,53.381128]},"properties":{"name":"Sheffield","tier":3,"start_year":1615,"end_year":1813,"fid":2644}},{"type":"Feature","id":2645,"geometry":{"type":"Point","coordinates":[-1.470086,53.381128]},"properties":{"name":"Sheffield","tier":2,"start_year":1813,"end_year":1953,"fid":2645}},{"type":"Feature","id":2646,"geometry":{"type":"Point","coordinates":[-1.470086,53.381128]},"properties":{"name":"Sheffield","tier":3,"start_year":1953,"end_year":1976,"fid":2646}},{"type":"Feature","id":2647,"geometry":{"type":"Point","coordinates":[123.43278,41.79222]},"properties":{"name":"Shenyang","tier":3,"start_year":1331,"end_year":1353,"fid":2647,"endonym":"瀋陽"}},{"type":"Feature","id":2648,"geometry":{"type":"Point","coordinates":[123.43278,41.79222]},"properties":{"name":"Shenyang","tier":2,"start_year":1353,"end_year":1427,"fid":2648,"endonym":"瀋陽"}},{"type":"Feature","id":2649,"geometry":{"type":"Point","coordinates":[123.43278,41.79222]},"properties":{"name":"Shenyang","tier":1,"start_year":1427,"end_year":1660,"fid":2649,"endonym":"瀋陽"}},{"type":"Feature","id":2650,"geometry":{"type":"Point","coordinates":[123.43278,41.79222]},"properties":{"name":"Shenyang","tier":2,"start_year":1660,"end_year":1692,"fid":2650,"endonym":"瀋陽"}},{"type":"Feature","id":2651,"geometry":{"type":"Point","coordinates":[123.43278,41.79222]},"properties":{"name":"Shenyang","tier":3,"start_year":1692,"end_year":1930,"fid":2651,"endonym":"瀋陽"}},{"type":"Feature","id":2652,"geometry":{"type":"Point","coordinates":[123.43278,41.79222]},"properties":{"name":"Shenyang","tier":2,"start_year":1930,"end_year":2000,"fid":2652,"endonym":"瀋陽"}},{"type":"Feature","id":2653,"geometry":{"type":"Point","coordinates":[123.43278,41.79222]},"properties":{"name":"Shenyang","tier":1,"start_year":2000,"end_year":2025,"fid":2653,"endonym":"瀋陽"}},{"type":"Feature","id":2654,"geometry":{"type":"Point","coordinates":[5.303667,51.697819]},"properties":{"name":"s'Hertogenbosch","tier":3,"start_year":1374,"end_year":1901,"fid":2654,"endonym":"'s-Hertogenbosch"}},{"type":"Feature","id":2655,"geometry":{"type":"Point","coordinates":[114.514861,38.042308]},"properties":{"name":"Shijiazhuang","tier":3,"start_year":1975,"end_year":2025,"fid":2655,"endonym":"石家莊"}},{"type":"Feature","id":2656,"geometry":{"type":"Point","coordinates":[68.65,27.95]},"properties":{"name":"Shikarpur","tier":3,"start_year":1900,"end_year":1901,"fid":2656,"endonym":"شڪارپور"}},{"type":"Feature","id":2657,"geometry":{"type":"Point","coordinates":[130.95,33.95]},"properties":{"name":"Shimonoseki","tier":3,"start_year":1900,"end_year":1922,"fid":2657,"endonym":"下関"}},{"type":"Feature","id":2658,"geometry":{"type":"Point","coordinates":[130.95,33.95]},"properties":{"name":"Shimonoseki","tier":2,"start_year":1922,"end_year":1951,"fid":2658,"endonym":"下関"}},{"type":"Feature","id":2659,"geometry":{"type":"Point","coordinates":[52.53114,29.61031]},"properties":{"name":"Shiraz","tier":2,"start_year":693,"end_year":1563,"fid":2659,"endonym":"شیراز"}},{"type":"Feature","id":2660,"geometry":{"type":"Point","coordinates":[52.53114,29.61031]},"properties":{"name":"Shiraz","tier":3,"start_year":1563,"end_year":2025,"fid":2660,"endonym":"شیراز"}},{"type":"Feature","id":2661,"geometry":{"type":"Point","coordinates":[138.383084,34.97712]},"properties":{"name":"Shizuoka","tier":2,"start_year":1600,"end_year":1802,"fid":2661,"endonym":"静岡"}},{"type":"Feature","id":2662,"geometry":{"type":"Point","coordinates":[138.383084,34.97712]},"properties":{"name":"Shizuoka","tier":3,"start_year":1802,"end_year":1976,"fid":2662,"endonym":"静岡"}},{"type":"Feature","id":2663,"geometry":{"type":"Point","coordinates":[19.527661,42.0743]},"properties":{"name":"Shkoder","tier":3,"start_year":1474,"end_year":1901,"fid":2663,"endonym":"Shkodër"}},{"type":"Feature","id":2664,"geometry":{"type":"Point","coordinates":[126.293015,45.395992]},"properties":{"name":"Shuangcheng","tier":3,"start_year":1900,"end_year":1901,"fid":2664,"endonym":"雙城"}},{"type":"Feature","id":2665,"geometry":{"type":"Point","coordinates":[26.929167,43.276667]},"properties":{"name":"Shumen","tier":3,"start_year":1800,"end_year":1853,"fid":2665,"endonym":"شُمنو"}},{"type":"Feature","id":2666,"geometry":{"type":"Point","coordinates":[74.54313,32.5101]},"properties":{"name":"Sialkot","tier":3,"start_year":1900,"end_year":1901,"fid":2666,"endonym":"سیالکوٹ"}},{"type":"Feature","id":2667,"geometry":{"type":"Point","coordinates":[-4.28,31.28]},"properties":{"name":"Sidjilmasa","tier":2,"start_year":757,"end_year":801,"fid":2667,"endonym":"سجلماسة"}},{"type":"Feature","id":2668,"geometry":{"type":"Point","coordinates":[35.37564,33.55993]},"properties":{"name":"Sidon","tier":2,"start_year":-430,"end_year":-429,"fid":2668,"endonym":"Ṣīdōn"}},{"type":"Feature","id":2669,"geometry":{"type":"Point","coordinates":[11.33283,43.32004]},"properties":{"name":"Siena","tier":3,"start_year":1200,"end_year":1856,"fid":2669}},{"type":"Feature","id":2670,"geometry":{"type":"Point","coordinates":[27.267189,44.114728]},"properties":{"name":"Silistra","tier":3,"start_year":1530,"end_year":1853,"fid":2670,"endonym":"سليسترة"}},{"type":"Feature","id":2671,"geometry":{"type":"Point","coordinates":[34.102417,44.952117]},"properties":{"name":"Simferopol","tier":3,"start_year":1900,"end_year":1901,"fid":2671,"endonym":"Симферополь"}},{"type":"Feature","id":2672,"geometry":{"type":"Point","coordinates":[103.85007,1.28967]},"properties":{"name":"Singapore","tier":3,"start_year":1900,"end_year":1910,"fid":2672,"endonym":"Singapura"}},{"type":"Feature","id":2673,"geometry":{"type":"Point","coordinates":[103.85007,1.28967]},"properties":{"name":"Singapore","tier":2,"start_year":1910,"end_year":2025,"fid":2673,"endonym":"Singapura"}},{"type":"Feature","id":2674,"geometry":{"type":"Point","coordinates":[-96.40031,42.49999]},"properties":{"name":"Sioux City","tier":3,"start_year":1900,"end_year":1901,"fid":2674}},{"type":"Feature","id":2675,"geometry":{"type":"Point","coordinates":[76.9043,13.74155]},"properties":{"name":"Sira","tier":3,"start_year":1700,"end_year":1731,"fid":2675,"endonym":"Sirā"}},{"type":"Feature","id":2676,"geometry":{"type":"Point","coordinates":[76.9043,13.74155]},"properties":{"name":"Sira","tier":2,"start_year":1731,"end_year":1756,"fid":2676,"endonym":"Sirā"}},{"type":"Feature","id":2677,"geometry":{"type":"Point","coordinates":[76.9043,13.74155]},"properties":{"name":"Sira","tier":3,"start_year":1756,"end_year":1872,"fid":2677,"endonym":"Sirā"}},{"type":"Feature","id":2678,"geometry":{"type":"Point","coordinates":[52.3425,27.666667]},"properties":{"name":"Siraf","tier":2,"start_year":900,"end_year":1001,"fid":2678,"endonym":"سیراف"}},{"type":"Feature","id":2679,"geometry":{"type":"Point","coordinates":[37.01611,39.74833]},"properties":{"name":"Sivas","tier":2,"start_year":1100,"end_year":1288,"fid":2679,"endonym":"سيواس"}},{"type":"Feature","id":2680,"geometry":{"type":"Point","coordinates":[37.01611,39.74833]},"properties":{"name":"Sivas","tier":3,"start_year":1288,"end_year":1901,"fid":2680,"endonym":"سيواس"}},{"type":"Feature","id":2681,"geometry":{"type":"Point","coordinates":[21.43141,41.99646]},"properties":{"name":"Skopje","tier":3,"start_year":1400,"end_year":1488,"fid":2681,"endonym":"اسکوپیه"}},{"type":"Feature","id":2682,"geometry":{"type":"Point","coordinates":[21.43141,41.99646]},"properties":{"name":"Skopje","tier":2,"start_year":1488,"end_year":1540,"fid":2682,"endonym":"اسکوپیه"}},{"type":"Feature","id":2683,"geometry":{"type":"Point","coordinates":[21.43141,41.99646]},"properties":{"name":"Skopje","tier":3,"start_year":1540,"end_year":1541,"fid":2683,"endonym":"اسکوپیه"}},{"type":"Feature","id":2684,"geometry":{"type":"Point","coordinates":[21.43141,41.99646]},"properties":{"name":"Skopje","tier":2,"start_year":1541,"end_year":1547,"fid":2684,"endonym":"اسکوپیه"}},{"type":"Feature","id":2685,"geometry":{"type":"Point","coordinates":[21.43141,41.99646]},"properties":{"name":"Skopje","tier":3,"start_year":1547,"end_year":1548,"fid":2685,"endonym":"اسکوپیه"}},{"type":"Feature","id":2686,"geometry":{"type":"Point","coordinates":[21.43141,41.99646]},"properties":{"name":"Skopje","tier":2,"start_year":1548,"end_year":1550,"fid":2686,"endonym":"اسکوپیه"}},{"type":"Feature","id":2687,"geometry":{"type":"Point","coordinates":[21.43141,41.99646]},"properties":{"name":"Skopje","tier":3,"start_year":1550,"end_year":1551,"fid":2687,"endonym":"اسکوپیه"}},{"type":"Feature","id":2688,"geometry":{"type":"Point","coordinates":[21.43141,41.99646]},"properties":{"name":"Skopje","tier":2,"start_year":1551,"end_year":1601,"fid":2688,"endonym":"اسکوپیه"}},{"type":"Feature","id":2689,"geometry":{"type":"Point","coordinates":[21.43141,41.99646]},"properties":{"name":"Skopje","tier":3,"start_year":1601,"end_year":1860,"fid":2689,"endonym":"اسکوپیه"}},{"type":"Feature","id":2690,"geometry":{"type":"Point","coordinates":[32.0401,54.7818]},"properties":{"name":"Smolensk","tier":2,"start_year":1150,"end_year":1200,"fid":2690,"endonym":"Смоленск"}},{"type":"Feature","id":2691,"geometry":{"type":"Point","coordinates":[32.0401,54.7818]},"properties":{"name":"Smolensk","tier":3,"start_year":1200,"end_year":1201,"fid":2691,"endonym":"Смоленск"}},{"type":"Feature","id":2692,"geometry":{"type":"Point","coordinates":[32.0401,54.7818]},"properties":{"name":"Smolensk","tier":2,"start_year":1201,"end_year":1203,"fid":2692,"endonym":"Смоленск"}},{"type":"Feature","id":2693,"geometry":{"type":"Point","coordinates":[32.0401,54.7818]},"properties":{"name":"Smolensk","tier":3,"start_year":1203,"end_year":1458,"fid":2693,"endonym":"Смоленск"}},{"type":"Feature","id":2694,"geometry":{"type":"Point","coordinates":[32.0401,54.7818]},"properties":{"name":"Smolensk","tier":2,"start_year":1458,"end_year":1600,"fid":2694,"endonym":"Смоленск"}},{"type":"Feature","id":2695,"geometry":{"type":"Point","coordinates":[32.0401,54.7818]},"properties":{"name":"Smolensk","tier":3,"start_year":1600,"end_year":1901,"fid":2695,"endonym":"Смоленск"}},{"type":"Feature","id":2696,"geometry":{"type":"Point","coordinates":[27.13838,38.41273]},"properties":{"name":"Smyrna","tier":2,"start_year":-100,"end_year":1,"fid":2696,"endonym":"Σμύρνη"}},{"type":"Feature","id":2697,"geometry":{"type":"Point","coordinates":[27.13838,38.41273]},"properties":{"name":"Smyrna","tier":1,"start_year":1,"end_year":800,"fid":2697,"endonym":"Σμύρνη"}},{"type":"Feature","id":2698,"geometry":{"type":"Point","coordinates":[27.13838,38.41273]},"properties":{"name":"Smyrna","tier":2,"start_year":800,"end_year":808,"fid":2698,"endonym":"Σμύρνη"}},{"type":"Feature","id":2699,"geometry":{"type":"Point","coordinates":[27.13838,38.41273]},"properties":{"name":"Smyrna","tier":1,"start_year":808,"end_year":850,"fid":2699,"endonym":"Σμύρνη"}},{"type":"Feature","id":2700,"geometry":{"type":"Point","coordinates":[27.13838,38.41273]},"properties":{"name":"Smyrna","tier":2,"start_year":850,"end_year":958,"fid":2700,"endonym":"Σμύρνη"}},{"type":"Feature","id":2701,"geometry":{"type":"Point","coordinates":[27.13838,38.41273]},"properties":{"name":"Smyrna","tier":1,"start_year":958,"end_year":975,"fid":2701,"endonym":"Σμύρνη"}},{"type":"Feature","id":2702,"geometry":{"type":"Point","coordinates":[27.13838,38.41273]},"properties":{"name":"Smyrna","tier":2,"start_year":975,"end_year":1042,"fid":2702,"endonym":"Σμύρνη"}},{"type":"Feature","id":2703,"geometry":{"type":"Point","coordinates":[27.13838,38.41273]},"properties":{"name":"Smyrna","tier":1,"start_year":1042,"end_year":1046,"fid":2703,"endonym":"Σμύρνη"}},{"type":"Feature","id":2704,"geometry":{"type":"Point","coordinates":[27.13838,38.41273]},"properties":{"name":"Smyrna","tier":2,"start_year":1046,"end_year":1052,"fid":2704,"endonym":"Σμύρνη"}},{"type":"Feature","id":2705,"geometry":{"type":"Point","coordinates":[27.13838,38.41273]},"properties":{"name":"Smyrna","tier":1,"start_year":1052,"end_year":1100,"fid":2705,"endonym":"Σμύρνη"}},{"type":"Feature","id":2706,"geometry":{"type":"Point","coordinates":[27.13838,38.41273]},"properties":{"name":"Smyrna","tier":2,"start_year":1100,"end_year":1124,"fid":2706,"endonym":"Σμύρνη"}},{"type":"Feature","id":2707,"geometry":{"type":"Point","coordinates":[27.13838,38.41273]},"properties":{"name":"Smyrna","tier":1,"start_year":1124,"end_year":1143,"fid":2707,"endonym":"Σμύρνη"}},{"type":"Feature","id":2708,"geometry":{"type":"Point","coordinates":[27.13838,38.41273]},"properties":{"name":"Smyrna","tier":2,"start_year":1143,"end_year":1151,"fid":2708,"endonym":"Σμύρνη"}},{"type":"Feature","id":2709,"geometry":{"type":"Point","coordinates":[27.13838,38.41273]},"properties":{"name":"Smyrna","tier":1,"start_year":1151,"end_year":1169,"fid":2709,"endonym":"Σμύρνη"}},{"type":"Feature","id":2710,"geometry":{"type":"Point","coordinates":[27.13838,38.41273]},"properties":{"name":"Smyrna","tier":2,"start_year":1169,"end_year":1692,"fid":2710,"endonym":"Σμύρνη"}},{"type":"Feature","id":2711,"geometry":{"type":"Point","coordinates":[27.13838,38.41273]},"properties":{"name":"Smyrna","tier":1,"start_year":1692,"end_year":1700,"fid":2711,"endonym":"Σμύρνη"}},{"type":"Feature","id":2712,"geometry":{"type":"Point","coordinates":[27.13838,38.41273]},"properties":{"name":"Smyrna","tier":2,"start_year":1700,"end_year":1888,"fid":2712,"endonym":"Σμύρνη"}},{"type":"Feature","id":2713,"geometry":{"type":"Point","coordinates":[27.13838,38.41273]},"properties":{"name":"Smyrna","tier":3,"start_year":1888,"end_year":1976,"fid":2713,"endonym":"Σμύρνη"}},{"type":"Feature","id":2714,"geometry":{"type":"Point","coordinates":[32.680833,15.523889]},"properties":{"name":"Soba","tier":2,"start_year":1000,"end_year":1086,"fid":2714,"endonym":"Σόβα"}},{"type":"Feature","id":2715,"geometry":{"type":"Point","coordinates":[32.680833,15.523889]},"properties":{"name":"Soba","tier":3,"start_year":1086,"end_year":1301,"fid":2715,"endonym":"Σόβα"}},{"type":"Feature","id":2716,"geometry":{"type":"Point","coordinates":[8.10619,51.57558]},"properties":{"name":"Soest","tier":3,"start_year":1200,"end_year":1807,"fid":2716}},{"type":"Feature","id":2717,"geometry":{"type":"Point","coordinates":[23.32415,42.69751]},"properties":{"name":"Sofia","tier":3,"start_year":1400,"end_year":1976,"fid":2717,"endonym":"صوفیه"}},{"type":"Feature","id":2718,"geometry":{"type":"Point","coordinates":[3.32361,49.38167]},"properties":{"name":"Soissons","tier":3,"start_year":1720,"end_year":1721,"fid":2718}},{"type":"Feature","id":2719,"geometry":{"type":"Point","coordinates":[5.23902,13.06092]},"properties":{"name":"Sokoto","tier":3,"start_year":1824,"end_year":1851,"fid":2719,"endonym":"سكتو"}},{"type":"Feature","id":2720,"geometry":{"type":"Point","coordinates":[75.906391,17.659919]},"properties":{"name":"Solapur","tier":3,"start_year":1900,"end_year":1951,"fid":2720}},{"type":"Feature","id":2721,"geometry":{"type":"Point","coordinates":[7.0845,51.17343]},"properties":{"name":"Solingen","tier":3,"start_year":1900,"end_year":1901,"fid":2721}},{"type":"Feature","id":2722,"geometry":{"type":"Point","coordinates":[48.7975,36.434722]},"properties":{"name":"Soltaniyeh","tier":2,"start_year":1320,"end_year":1401,"fid":2722,"endonym":"سلطانیه"}},{"type":"Feature","id":2723,"geometry":{"type":"Point","coordinates":[70.384372,20.906002]},"properties":{"name":"Somnath","tier":2,"start_year":1000,"end_year":1273,"fid":2723,"endonym":"Somnātha"}},{"type":"Feature","id":2724,"geometry":{"type":"Point","coordinates":[70.384372,20.906002]},"properties":{"name":"Somnath","tier":3,"start_year":1273,"end_year":1801,"fid":2724,"endonym":"Somnātha"}},{"type":"Feature","id":2725,"geometry":{"type":"Point","coordinates":[74.938414,22.702178]},"properties":{"name":"Songadh","tier":2,"start_year":1751,"end_year":1752,"fid":2725}},{"type":"Feature","id":2726,"geometry":{"type":"Point","coordinates":[16.59049,47.68501]},"properties":{"name":"Sopron","tier":3,"start_year":1900,"end_year":1901,"fid":2726}},{"type":"Feature","id":2727,"geometry":{"type":"Point","coordinates":[-86.25001,41.68338]},"properties":{"name":"South Bend","tier":3,"start_year":1900,"end_year":1901,"fid":2727}},{"type":"Feature","id":2728,"geometry":{"type":"Point","coordinates":[-1.40428,50.90395]},"properties":{"name":"Southampton","tier":3,"start_year":1900,"end_year":1951,"fid":2728}},{"type":"Feature","id":2729,"geometry":{"type":"Point","coordinates":[21.883333,55.083333]},"properties":{"name":"Sovetsk","tier":3,"start_year":1900,"end_year":1901,"fid":2729,"endonym":"Tilsit"}},{"type":"Feature","id":2730,"geometry":{"type":"Point","coordinates":[22.4234456,37.08182158]},"properties":{"name":"Sparti","tier":2,"start_year":-430,"end_year":-199,"fid":2730,"endonym":"Σπάρτη"}},{"type":"Feature","id":2731,"geometry":{"type":"Point","coordinates":[8.436217,49.320478]},"properties":{"name":"Speyer","tier":3,"start_year":1125,"end_year":1856,"fid":2731}},{"type":"Feature","id":2732,"geometry":{"type":"Point","coordinates":[-117.42908,47.65966]},"properties":{"name":"Spokane","tier":3,"start_year":1900,"end_year":1901,"fid":2732}},{"type":"Feature","id":2733,"geometry":{"type":"Point","coordinates":[-89.65,39.783]},"properties":{"name":"Springfield","tier":3,"start_year":1900,"end_year":1901,"fid":2733}},{"type":"Feature","id":2734,"geometry":{"type":"Point","coordinates":[-72.547455,42.112411]},"properties":{"name":"Springfield","tier":3,"start_year":1900,"end_year":1976,"fid":2734}},{"type":"Feature","id":2735,"geometry":{"type":"Point","coordinates":[-83.804167,39.926944]},"properties":{"name":"Springfield","tier":3,"start_year":1900,"end_year":1901,"fid":2735}},{"type":"Feature","id":2736,"geometry":{"type":"Point","coordinates":[88.34,22.75]},"properties":{"name":"Srimantapur","tier":3,"start_year":1900,"end_year":1901,"fid":2736}},{"type":"Feature","id":2737,"geometry":{"type":"Point","coordinates":[74.80298,34.08842]},"properties":{"name":"Srinagar","tier":2,"start_year":622,"end_year":1446,"fid":2737,"endonym":"Śrīnagar"}},{"type":"Feature","id":2738,"geometry":{"type":"Point","coordinates":[74.80298,34.08842]},"properties":{"name":"Srinagar","tier":3,"start_year":1446,"end_year":1449,"fid":2738,"endonym":"Śrīnagar"}},{"type":"Feature","id":2739,"geometry":{"type":"Point","coordinates":[74.80298,34.08842]},"properties":{"name":"Srinagar","tier":2,"start_year":1449,"end_year":1450,"fid":2739,"endonym":"Śrīnagar"}},{"type":"Feature","id":2740,"geometry":{"type":"Point","coordinates":[74.80298,34.08842]},"properties":{"name":"Srinagar","tier":3,"start_year":1450,"end_year":1480,"fid":2740,"endonym":"Śrīnagar"}},{"type":"Feature","id":2741,"geometry":{"type":"Point","coordinates":[74.80298,34.08842]},"properties":{"name":"Srinagar","tier":2,"start_year":1480,"end_year":1482,"fid":2741,"endonym":"Śrīnagar"}},{"type":"Feature","id":2742,"geometry":{"type":"Point","coordinates":[74.80298,34.08842]},"properties":{"name":"Srinagar","tier":3,"start_year":1482,"end_year":1483,"fid":2742,"endonym":"Śrīnagar"}},{"type":"Feature","id":2743,"geometry":{"type":"Point","coordinates":[74.80298,34.08842]},"properties":{"name":"Srinagar","tier":2,"start_year":1483,"end_year":1492,"fid":2743,"endonym":"Śrīnagar"}},{"type":"Feature","id":2744,"geometry":{"type":"Point","coordinates":[74.80298,34.08842]},"properties":{"name":"Srinagar","tier":3,"start_year":1492,"end_year":1505,"fid":2744,"endonym":"Śrīnagar"}},{"type":"Feature","id":2745,"geometry":{"type":"Point","coordinates":[74.80298,34.08842]},"properties":{"name":"Srinagar","tier":2,"start_year":1505,"end_year":1658,"fid":2745,"endonym":"Śrīnagar"}},{"type":"Feature","id":2746,"geometry":{"type":"Point","coordinates":[74.80298,34.08842]},"properties":{"name":"Srinagar","tier":1,"start_year":1658,"end_year":1671,"fid":2746,"endonym":"Śrīnagar"}},{"type":"Feature","id":2747,"geometry":{"type":"Point","coordinates":[74.80298,34.08842]},"properties":{"name":"Srinagar","tier":2,"start_year":1671,"end_year":1678,"fid":2747,"endonym":"Śrīnagar"}},{"type":"Feature","id":2748,"geometry":{"type":"Point","coordinates":[74.80298,34.08842]},"properties":{"name":"Srinagar","tier":1,"start_year":1678,"end_year":1679,"fid":2748,"endonym":"Śrīnagar"}},{"type":"Feature","id":2749,"geometry":{"type":"Point","coordinates":[74.80298,34.08842]},"properties":{"name":"Srinagar","tier":2,"start_year":1679,"end_year":1689,"fid":2749,"endonym":"Śrīnagar"}},{"type":"Feature","id":2750,"geometry":{"type":"Point","coordinates":[74.80298,34.08842]},"properties":{"name":"Srinagar","tier":1,"start_year":1689,"end_year":1692,"fid":2750,"endonym":"Śrīnagar"}},{"type":"Feature","id":2751,"geometry":{"type":"Point","coordinates":[74.80298,34.08842]},"properties":{"name":"Srinagar","tier":2,"start_year":1692,"end_year":1791,"fid":2751,"endonym":"Śrīnagar"}},{"type":"Feature","id":2752,"geometry":{"type":"Point","coordinates":[74.80298,34.08842]},"properties":{"name":"Srinagar","tier":3,"start_year":1791,"end_year":1951,"fid":2752,"endonym":"Śrīnagar"}},{"type":"Feature","id":2753,"geometry":{"type":"Point","coordinates":[76.694687,12.417956]},"properties":{"name":"Srirangapatna","tier":2,"start_year":1700,"end_year":1800,"fid":2753,"endonym":"Śrīraṅgapaṭṭaṇa"}},{"type":"Feature","id":2754,"geometry":{"type":"Point","coordinates":[76.694687,12.417956]},"properties":{"name":"Srirangapatna","tier":3,"start_year":1800,"end_year":1872,"fid":2754,"endonym":"Śrīraṅgapaṭṭaṇa"}},{"type":"Feature","id":2755,"geometry":{"type":"Point","coordinates":[-122.816944,45.859444]},"properties":{"name":"St. Helens","tier":3,"start_year":1900,"end_year":1901,"fid":2755,"endonym":"St Helens"}},{"type":"Feature","id":2756,"geometry":{"type":"Point","coordinates":[-66.063308,45.273315]},"properties":{"name":"St. John","tier":3,"start_year":1900,"end_year":1901,"fid":2756,"endonym":"Saint John"}},{"type":"Feature","id":2757,"geometry":{"type":"Point","coordinates":[-52.70931,47.56494]},"properties":{"name":"St. John's","tier":3,"start_year":1900,"end_year":1901,"fid":2757}},{"type":"Feature","id":2758,"geometry":{"type":"Point","coordinates":[-90.199403,38.626978]},"properties":{"name":"St. Louis","tier":3,"start_year":1000,"end_year":1852,"fid":2758,"endonym":"Saint Louis"}},{"type":"Feature","id":2759,"geometry":{"type":"Point","coordinates":[-90.199403,38.626978]},"properties":{"name":"St. Louis","tier":2,"start_year":1852,"end_year":1976,"fid":2759,"endonym":"Saint Louis"}},{"type":"Feature","id":2760,"geometry":{"type":"Point","coordinates":[5.73332,58.97005]},"properties":{"name":"Stavanger","tier":3,"start_year":1900,"end_year":1901,"fid":2760}},{"type":"Feature","id":2761,"geometry":{"type":"Point","coordinates":[41.96667,45.049999]},"properties":{"name":"Stavropol","tier":3,"start_year":1900,"end_year":1901,"fid":2761,"endonym":"Ставрополь"}},{"type":"Feature","id":2762,"geometry":{"type":"Point","coordinates":[18.0649,59.33258]},"properties":{"name":"Stockholm","tier":3,"start_year":1461,"end_year":1715,"fid":2762}},{"type":"Feature","id":2763,"geometry":{"type":"Point","coordinates":[18.0649,59.33258]},"properties":{"name":"Stockholm","tier":2,"start_year":1715,"end_year":1970,"fid":2763}},{"type":"Feature","id":2764,"geometry":{"type":"Point","coordinates":[18.0649,59.33258]},"properties":{"name":"Stockholm","tier":3,"start_year":1970,"end_year":1976,"fid":2764}},{"type":"Feature","id":2765,"geometry":{"type":"Point","coordinates":[-2.15761,53.40979]},"properties":{"name":"Stockport","tier":3,"start_year":1801,"end_year":1852,"fid":2765}},{"type":"Feature","id":2766,"geometry":{"type":"Point","coordinates":[-2.86667,53.25]},"properties":{"name":"Stoke","tier":3,"start_year":1800,"end_year":1951,"fid":2766,"endonym":"Stoke-on-Trent"}},{"type":"Feature","id":2767,"geometry":{"type":"Point","coordinates":[13.0818,54.30911]},"properties":{"name":"Stralsund","tier":3,"start_year":1900,"end_year":1901,"fid":2767}},{"type":"Feature","id":2768,"geometry":{"type":"Point","coordinates":[7.74296,48.58342]},"properties":{"name":"Strasbourg","tier":3,"start_year":1150,"end_year":1732,"fid":2768,"endonym":"Straßburg"}},{"type":"Feature","id":2769,"geometry":{"type":"Point","coordinates":[7.74296,48.58342]},"properties":{"name":"Strasbourg","tier":2,"start_year":1732,"end_year":1750,"fid":2769,"endonym":"Straßburg"}},{"type":"Feature","id":2770,"geometry":{"type":"Point","coordinates":[7.74296,48.58342]},"properties":{"name":"Strasbourg","tier":3,"start_year":1750,"end_year":1951,"fid":2770,"endonym":"Straßburg"}},{"type":"Feature","id":2771,"geometry":{"type":"Point","coordinates":[9.17702,48.78232]},"properties":{"name":"Stuttgart","tier":3,"start_year":1758,"end_year":1894,"fid":2771}},{"type":"Feature","id":2772,"geometry":{"type":"Point","coordinates":[9.17702,48.78232]},"properties":{"name":"Stuttgart","tier":2,"start_year":1894,"end_year":1900,"fid":2772}},{"type":"Feature","id":2773,"geometry":{"type":"Point","coordinates":[9.17702,48.78232]},"properties":{"name":"Stuttgart","tier":3,"start_year":1900,"end_year":1951,"fid":2773}},{"type":"Feature","id":2774,"geometry":{"type":"Point","coordinates":[19.665556,46.100278]},"properties":{"name":"Subotica","tier":3,"start_year":1800,"end_year":1901,"fid":2774,"endonym":"Szabadka"}},{"type":"Feature","id":2775,"geometry":{"type":"Point","coordinates":[26.25,47.63333]},"properties":{"name":"Suceava","tier":3,"start_year":1500,"end_year":1851,"fid":2775}},{"type":"Feature","id":2776,"geometry":{"type":"Point","coordinates":[34.97471,44.84924]},"properties":{"name":"Sudak","tier":3,"start_year":1300,"end_year":1851,"fid":2776,"endonym":"Sudaq"}},{"type":"Feature","id":2777,"geometry":{"type":"Point","coordinates":[99.826372,17.005558]},"properties":{"name":"Sukhothai","tier":3,"start_year":1300,"end_year":1345,"fid":2777}},{"type":"Feature","id":2778,"geometry":{"type":"Point","coordinates":[99.826372,17.005558]},"properties":{"name":"Sukhothai","tier":2,"start_year":1345,"end_year":1350,"fid":2778}},{"type":"Feature","id":2779,"geometry":{"type":"Point","coordinates":[99.826372,17.005558]},"properties":{"name":"Sukhothai","tier":3,"start_year":1350,"end_year":1351,"fid":2779}},{"type":"Feature","id":2780,"geometry":{"type":"Point","coordinates":[-1.38222,54.90465]},"properties":{"name":"Sunderland","tier":3,"start_year":1801,"end_year":1951,"fid":2780}},{"type":"Feature","id":2781,"geometry":{"type":"Point","coordinates":[112.75083,-7.24917]},"properties":{"name":"Surabaya","tier":3,"start_year":1600,"end_year":1943,"fid":2781}},{"type":"Feature","id":2782,"geometry":{"type":"Point","coordinates":[112.75083,-7.24917]},"properties":{"name":"Surabaya","tier":2,"start_year":1943,"end_year":2025,"fid":2782}},{"type":"Feature","id":2783,"geometry":{"type":"Point","coordinates":[110.83167,-7.55611]},"properties":{"name":"Surakarta","tier":2,"start_year":1750,"end_year":1858,"fid":2783}},{"type":"Feature","id":2784,"geometry":{"type":"Point","coordinates":[110.83167,-7.55611]},"properties":{"name":"Surakarta","tier":3,"start_year":1858,"end_year":1951,"fid":2784}},{"type":"Feature","id":2785,"geometry":{"type":"Point","coordinates":[4.898611,13.0875]},"properties":{"name":"Surame","tier":3,"start_year":1600,"end_year":1601,"fid":2785}},{"type":"Feature","id":2786,"geometry":{"type":"Point","coordinates":[72.83023,21.19594]},"properties":{"name":"Surat","tier":2,"start_year":1530,"end_year":1700,"fid":2786}},{"type":"Feature","id":2787,"geometry":{"type":"Point","coordinates":[72.83023,21.19594]},"properties":{"name":"Surat","tier":3,"start_year":1700,"end_year":1707,"fid":2787}},{"type":"Feature","id":2788,"geometry":{"type":"Point","coordinates":[72.83023,21.19594]},"properties":{"name":"Surat","tier":2,"start_year":1707,"end_year":1854,"fid":2788}},{"type":"Feature","id":2789,"geometry":{"type":"Point","coordinates":[72.83023,21.19594]},"properties":{"name":"Surat","tier":3,"start_year":1854,"end_year":1855,"fid":2789}},{"type":"Feature","id":2790,"geometry":{"type":"Point","coordinates":[72.83023,21.19594]},"properties":{"name":"Surat","tier":2,"start_year":1855,"end_year":1857,"fid":2790}},{"type":"Feature","id":2791,"geometry":{"type":"Point","coordinates":[72.83023,21.19594]},"properties":{"name":"Surat","tier":3,"start_year":1857,"end_year":2025,"fid":2791}},{"type":"Feature","id":2792,"geometry":{"type":"Point","coordinates":[48.246028,32.19085]},"properties":{"name":"Susa","tier":1,"start_year":-2400,"end_year":-429,"fid":2792,"endonym":"Šušan"}},{"type":"Feature","id":2793,"geometry":{"type":"Point","coordinates":[120.6,31.3]},"properties":{"name":"Suzhou","tier":1,"start_year":-430,"end_year":808,"fid":2793,"endonym":"蘇州"}},{"type":"Feature","id":2794,"geometry":{"type":"Point","coordinates":[120.6,31.3]},"properties":{"name":"Suzhou","tier":2,"start_year":808,"end_year":827,"fid":2794,"endonym":"蘇州"}},{"type":"Feature","id":2795,"geometry":{"type":"Point","coordinates":[120.6,31.3]},"properties":{"name":"Suzhou","tier":1,"start_year":827,"end_year":833,"fid":2795,"endonym":"蘇州"}},{"type":"Feature","id":2796,"geometry":{"type":"Point","coordinates":[120.6,31.3]},"properties":{"name":"Suzhou","tier":2,"start_year":833,"end_year":850,"fid":2796,"endonym":"蘇州"}},{"type":"Feature","id":2797,"geometry":{"type":"Point","coordinates":[120.6,31.3]},"properties":{"name":"Suzhou","tier":1,"start_year":850,"end_year":900,"fid":2797,"endonym":"蘇州"}},{"type":"Feature","id":2798,"geometry":{"type":"Point","coordinates":[120.6,31.3]},"properties":{"name":"Suzhou","tier":2,"start_year":900,"end_year":903,"fid":2798,"endonym":"蘇州"}},{"type":"Feature","id":2799,"geometry":{"type":"Point","coordinates":[120.6,31.3]},"properties":{"name":"Suzhou","tier":1,"start_year":903,"end_year":1050,"fid":2799,"endonym":"蘇州"}},{"type":"Feature","id":2800,"geometry":{"type":"Point","coordinates":[120.6,31.3]},"properties":{"name":"Suzhou","tier":2,"start_year":1050,"end_year":1099,"fid":2800,"endonym":"蘇州"}},{"type":"Feature","id":2801,"geometry":{"type":"Point","coordinates":[120.6,31.3]},"properties":{"name":"Suzhou","tier":1,"start_year":1099,"end_year":1100,"fid":2801,"endonym":"蘇州"}},{"type":"Feature","id":2802,"geometry":{"type":"Point","coordinates":[120.6,31.3]},"properties":{"name":"Suzhou","tier":2,"start_year":1100,"end_year":1101,"fid":2802,"endonym":"蘇州"}},{"type":"Feature","id":2803,"geometry":{"type":"Point","coordinates":[120.6,31.3]},"properties":{"name":"Suzhou","tier":1,"start_year":1101,"end_year":1116,"fid":2803,"endonym":"蘇州"}},{"type":"Feature","id":2804,"geometry":{"type":"Point","coordinates":[120.6,31.3]},"properties":{"name":"Suzhou","tier":2,"start_year":1116,"end_year":1294,"fid":2804,"endonym":"蘇州"}},{"type":"Feature","id":2805,"geometry":{"type":"Point","coordinates":[120.6,31.3]},"properties":{"name":"Suzhou","tier":1,"start_year":1294,"end_year":1628,"fid":2805,"endonym":"蘇州"}},{"type":"Feature","id":2806,"geometry":{"type":"Point","coordinates":[120.6,31.3]},"properties":{"name":"Suzhou","tier":2,"start_year":1628,"end_year":1631,"fid":2806,"endonym":"蘇州"}},{"type":"Feature","id":2807,"geometry":{"type":"Point","coordinates":[120.6,31.3]},"properties":{"name":"Suzhou","tier":1,"start_year":1631,"end_year":1640,"fid":2807,"endonym":"蘇州"}},{"type":"Feature","id":2808,"geometry":{"type":"Point","coordinates":[120.6,31.3]},"properties":{"name":"Suzhou","tier":2,"start_year":1640,"end_year":1645,"fid":2808,"endonym":"蘇州"}},{"type":"Feature","id":2809,"geometry":{"type":"Point","coordinates":[120.6,31.3]},"properties":{"name":"Suzhou","tier":1,"start_year":1645,"end_year":1648,"fid":2809,"endonym":"蘇州"}},{"type":"Feature","id":2810,"geometry":{"type":"Point","coordinates":[120.6,31.3]},"properties":{"name":"Suzhou","tier":2,"start_year":1648,"end_year":1650,"fid":2810,"endonym":"蘇州"}},{"type":"Feature","id":2811,"geometry":{"type":"Point","coordinates":[120.6,31.3]},"properties":{"name":"Suzhou","tier":1,"start_year":1650,"end_year":1655,"fid":2811,"endonym":"蘇州"}},{"type":"Feature","id":2812,"geometry":{"type":"Point","coordinates":[120.6,31.3]},"properties":{"name":"Suzhou","tier":2,"start_year":1655,"end_year":1666,"fid":2812,"endonym":"蘇州"}},{"type":"Feature","id":2813,"geometry":{"type":"Point","coordinates":[120.6,31.3]},"properties":{"name":"Suzhou","tier":1,"start_year":1666,"end_year":1871,"fid":2813,"endonym":"蘇州"}},{"type":"Feature","id":2814,"geometry":{"type":"Point","coordinates":[120.6,31.3]},"properties":{"name":"Suzhou","tier":2,"start_year":1871,"end_year":1912,"fid":2814,"endonym":"蘇州"}},{"type":"Feature","id":2815,"geometry":{"type":"Point","coordinates":[120.6,31.3]},"properties":{"name":"Suzhou","tier":3,"start_year":1912,"end_year":1976,"fid":2815,"endonym":"蘇州"}},{"type":"Feature","id":2816,"geometry":{"type":"Point","coordinates":[39.651631,48.08455]},"properties":{"name":"Sverdlovs'k","tier":3,"start_year":1950,"end_year":1976,"fid":2816,"endonym":"Свердловск"}},{"type":"Feature","id":2817,"geometry":{"type":"Point","coordinates":[25.35,43.616667]},"properties":{"name":"Svishtov","tier":3,"start_year":1800,"end_year":1801,"fid":2817,"endonym":"زيشتوفي"}},{"type":"Feature","id":2818,"geometry":{"type":"Point","coordinates":[-3.94323,51.62079]},"properties":{"name":"Swansea","tier":3,"start_year":1900,"end_year":1901,"fid":2818,"endonym":"Abertawe"}},{"type":"Feature","id":2819,"geometry":{"type":"Point","coordinates":[116.681838,23.353299]},"properties":{"name":"Swatow","tier":3,"start_year":1900,"end_year":1951,"fid":2819,"endonym":"汕頭"}},{"type":"Feature","id":2820,"geometry":{"type":"Point","coordinates":[-1.78116,51.55797]},"properties":{"name":"Swindon","tier":3,"start_year":1900,"end_year":1901,"fid":2820}},{"type":"Feature","id":2821,"geometry":{"type":"Point","coordinates":[151.20732,-33.86785]},"properties":{"name":"Sydney","tier":3,"start_year":1800,"end_year":1858,"fid":2821}},{"type":"Feature","id":2822,"geometry":{"type":"Point","coordinates":[151.20732,-33.86785]},"properties":{"name":"Sydney","tier":2,"start_year":1858,"end_year":1925,"fid":2822}},{"type":"Feature","id":2823,"geometry":{"type":"Point","coordinates":[151.20732,-33.86785]},"properties":{"name":"Sydney","tier":1,"start_year":1925,"end_year":1928,"fid":2823}},{"type":"Feature","id":2824,"geometry":{"type":"Point","coordinates":[151.20732,-33.86785]},"properties":{"name":"Sydney","tier":2,"start_year":1928,"end_year":1947,"fid":2824}},{"type":"Feature","id":2825,"geometry":{"type":"Point","coordinates":[151.20732,-33.86785]},"properties":{"name":"Sydney","tier":1,"start_year":1947,"end_year":1948,"fid":2825}},{"type":"Feature","id":2826,"geometry":{"type":"Point","coordinates":[151.20732,-33.86785]},"properties":{"name":"Sydney","tier":2,"start_year":1948,"end_year":2025,"fid":2826}},{"type":"Feature","id":2827,"geometry":{"type":"Point","coordinates":[15.29420264,37.06082237]},"properties":{"name":"Syracuse","tier":1,"start_year":-500,"end_year":1,"fid":2827,"endonym":"Συράκουσαι"}},{"type":"Feature","id":2828,"geometry":{"type":"Point","coordinates":[15.29420264,37.06082237]},"properties":{"name":"Syracuse","tier":2,"start_year":1,"end_year":1077,"fid":2828,"endonym":"Συράκουσαι"}},{"type":"Feature","id":2829,"geometry":{"type":"Point","coordinates":[15.29420264,37.06082237]},"properties":{"name":"Syracuse","tier":3,"start_year":1077,"end_year":1901,"fid":2829,"endonym":"Συράκουσαι"}},{"type":"Feature","id":2830,"geometry":{"type":"Point","coordinates":[-76.147424,43.048122]},"properties":{"name":"Syracuse","tier":3,"start_year":1950,"end_year":1976,"fid":2830,"endonym":"Συράκουσαι"}},{"type":"Feature","id":2831,"geometry":{"type":"Point","coordinates":[48.466667,53.166667]},"properties":{"name":"Syzran","tier":3,"start_year":1900,"end_year":1901,"fid":2831,"endonym":"Сызрань"}},{"type":"Feature","id":2832,"geometry":{"type":"Point","coordinates":[14.583333,53.416667]},"properties":{"name":"Szczecin","tier":3,"start_year":1150,"end_year":1926,"fid":2832,"endonym":"Stettin"}},{"type":"Feature","id":2833,"geometry":{"type":"Point","coordinates":[20.145,46.255]},"properties":{"name":"Szeged","tier":3,"start_year":1522,"end_year":1901,"fid":2833}},{"type":"Feature","id":2834,"geometry":{"type":"Point","coordinates":[18.41034,47.18995]},"properties":{"name":"Szekesfehervar","tier":3,"start_year":1572,"end_year":1901,"fid":2834,"endonym":"Székesfehérvár"}},{"type":"Feature","id":2835,"geometry":{"type":"Point","coordinates":[20.27201,46.65627]},"properties":{"name":"Szentes","tier":3,"start_year":1900,"end_year":1901,"fid":2835}},{"type":"Feature","id":2836,"geometry":{"type":"Point","coordinates":[46.2919,38.08]},"properties":{"name":"Tabriz","tier":3,"start_year":1000,"end_year":1009,"fid":2836,"endonym":"تبریز"}},{"type":"Feature","id":2837,"geometry":{"type":"Point","coordinates":[46.2919,38.08]},"properties":{"name":"Tabriz","tier":2,"start_year":1009,"end_year":1198,"fid":2837,"endonym":"تبریز"}},{"type":"Feature","id":2838,"geometry":{"type":"Point","coordinates":[46.2919,38.08]},"properties":{"name":"Tabriz","tier":1,"start_year":1198,"end_year":1200,"fid":2838,"endonym":"تبریز"}},{"type":"Feature","id":2839,"geometry":{"type":"Point","coordinates":[46.2919,38.08]},"properties":{"name":"Tabriz","tier":2,"start_year":1200,"end_year":1203,"fid":2839,"endonym":"تبریز"}},{"type":"Feature","id":2840,"geometry":{"type":"Point","coordinates":[46.2919,38.08]},"properties":{"name":"Tabriz","tier":1,"start_year":1203,"end_year":1589,"fid":2840,"endonym":"تبریز"}},{"type":"Feature","id":2841,"geometry":{"type":"Point","coordinates":[46.2919,38.08]},"properties":{"name":"Tabriz","tier":2,"start_year":1589,"end_year":1716,"fid":2841,"endonym":"تبریز"}},{"type":"Feature","id":2842,"geometry":{"type":"Point","coordinates":[46.2919,38.08]},"properties":{"name":"Tabriz","tier":3,"start_year":1716,"end_year":2025,"fid":2842,"endonym":"تبریز"}},{"type":"Feature","id":2843,"geometry":{"type":"Point","coordinates":[-122.44429,47.25288]},"properties":{"name":"Tacoma","tier":3,"start_year":1900,"end_year":1901,"fid":2843}},{"type":"Feature","id":2844,"geometry":{"type":"Point","coordinates":[38.89688,47.23617]},"properties":{"name":"Taganrog","tier":3,"start_year":1900,"end_year":1901,"fid":2844,"endonym":"Таганрог"}},{"type":"Feature","id":2845,"geometry":{"type":"Point","coordinates":[117.083333,36.2]},"properties":{"name":"Taian","tier":3,"start_year":1800,"end_year":1931,"fid":2845,"endonym":"泰安"}},{"type":"Feature","id":2846,"geometry":{"type":"Point","coordinates":[117.083333,36.2]},"properties":{"name":"Taian","tier":2,"start_year":1931,"end_year":1970,"fid":2846,"endonym":"泰安"}},{"type":"Feature","id":2847,"geometry":{"type":"Point","coordinates":[117.083333,36.2]},"properties":{"name":"Taian","tier":3,"start_year":1970,"end_year":2025,"fid":2847,"endonym":"泰安"}},{"type":"Feature","id":2848,"geometry":{"type":"Point","coordinates":[120.6839,24.1469]},"properties":{"name":"Taichung","tier":3,"start_year":1950,"end_year":1951,"fid":2848,"endonym":"臺中"}},{"type":"Feature","id":2849,"geometry":{"type":"Point","coordinates":[120.18333,22.983333]},"properties":{"name":"Tainan City","tier":3,"start_year":1651,"end_year":1688,"fid":2849,"endonym":"臺南"}},{"type":"Feature","id":2850,"geometry":{"type":"Point","coordinates":[120.18333,22.983333]},"properties":{"name":"Tainan City","tier":2,"start_year":1688,"end_year":1772,"fid":2850,"endonym":"臺南"}},{"type":"Feature","id":2851,"geometry":{"type":"Point","coordinates":[120.18333,22.983333]},"properties":{"name":"Tainan City","tier":3,"start_year":1772,"end_year":1951,"fid":2851,"endonym":"臺南"}},{"type":"Feature","id":2852,"geometry":{"type":"Point","coordinates":[121.53185,25.04776]},"properties":{"name":"Taipei","tier":3,"start_year":1900,"end_year":1953,"fid":2852,"endonym":"臺北"}},{"type":"Feature","id":2853,"geometry":{"type":"Point","coordinates":[121.53185,25.04776]},"properties":{"name":"Taipei","tier":2,"start_year":1953,"end_year":2025,"fid":2853,"endonym":"臺北"}},{"type":"Feature","id":2854,"geometry":{"type":"Point","coordinates":[112.548879,37.87059]},"properties":{"name":"Taiyuan","tier":2,"start_year":800,"end_year":1649,"fid":2854,"endonym":"太原"}},{"type":"Feature","id":2855,"geometry":{"type":"Point","coordinates":[112.548879,37.87059]},"properties":{"name":"Taiyuan","tier":3,"start_year":1649,"end_year":1970,"fid":2855,"endonym":"太原"}},{"type":"Feature","id":2856,"geometry":{"type":"Point","coordinates":[112.548879,37.87059]},"properties":{"name":"Taiyuan","tier":2,"start_year":1970,"end_year":2025,"fid":2856,"endonym":"太原"}},{"type":"Feature","id":2857,"geometry":{"type":"Point","coordinates":[134.046574,34.342788]},"properties":{"name":"Takamatsu","tier":3,"start_year":1900,"end_year":1901,"fid":2857,"endonym":"高松"}},{"type":"Feature","id":2858,"geometry":{"type":"Point","coordinates":[137.01667,36.75]},"properties":{"name":"Takaoka","tier":3,"start_year":1900,"end_year":1901,"fid":2858,"endonym":"高岡"}},{"type":"Feature","id":2859,"geometry":{"type":"Point","coordinates":[139.01667,36.33333]},"properties":{"name":"Takasaki","tier":3,"start_year":1900,"end_year":1901,"fid":2859,"endonym":"高崎"}},{"type":"Feature","id":2860,"geometry":{"type":"Point","coordinates":[117.673611,38.974444]},"properties":{"name":"Taku","tier":3,"start_year":1850,"end_year":1866,"fid":2860,"endonym":"大沽"}},{"type":"Feature","id":2861,"geometry":{"type":"Point","coordinates":[-71.65542,-35.4264]},"properties":{"name":"Talca","tier":3,"start_year":1900,"end_year":1901,"fid":2861}},{"type":"Feature","id":2862,"geometry":{"type":"Point","coordinates":[24.753575,59.436961]},"properties":{"name":"Tallinn","tier":3,"start_year":1900,"end_year":1951,"fid":2862}},{"type":"Feature","id":2863,"geometry":{"type":"Point","coordinates":[69.516667,36.716667]},"properties":{"name":"Taluqan","tier":2,"start_year":500,"end_year":501,"fid":2863}},{"type":"Feature","id":2864,"geometry":{"type":"Point","coordinates":[41.44326,52.73169]},"properties":{"name":"Tambov","tier":3,"start_year":1900,"end_year":1901,"fid":2864,"endonym":"Тамбов"}},{"type":"Feature","id":2865,"geometry":{"type":"Point","coordinates":[23.761025,61.498151]},"properties":{"name":"Tammerfors","tier":3,"start_year":1900,"end_year":1901,"fid":2865,"endonym":"Tampere"}},{"type":"Feature","id":2866,"geometry":{"type":"Point","coordinates":[-82.45843,27.94752]},"properties":{"name":"Tampa","tier":3,"start_year":1975,"end_year":1976,"fid":2866}},{"type":"Feature","id":2867,"geometry":{"type":"Point","coordinates":[87.92,22.3]},"properties":{"name":"Tamralipti","tier":2,"start_year":630,"end_year":631,"fid":2867,"endonym":"Tāmraliptī"}},{"type":"Feature","id":2868,"geometry":{"type":"Point","coordinates":[-5.79975,35.76727]},"properties":{"name":"Tangier","tier":3,"start_year":1900,"end_year":1901,"fid":2868,"endonym":"طنجة"}},{"type":"Feature","id":2869,"geometry":{"type":"Point","coordinates":[118.18333,39.63333]},"properties":{"name":"Tangshan","tier":3,"start_year":1975,"end_year":2025,"fid":2869,"endonym":"唐山"}},{"type":"Feature","id":2870,"geometry":{"type":"Point","coordinates":[31,30.783333]},"properties":{"name":"Tanta","tier":3,"start_year":1900,"end_year":1901,"fid":2870,"endonym":"طنطا"}},{"type":"Feature","id":2871,"geometry":{"type":"Point","coordinates":[17.24555378,40.47054509]},"properties":{"name":"Taranto","tier":2,"start_year":-430,"end_year":-429,"fid":2871,"endonym":"Τάρας"}},{"type":"Feature","id":2872,"geometry":{"type":"Point","coordinates":[25.456667,44.924167]},"properties":{"name":"Targoviste","tier":3,"start_year":1400,"end_year":1466,"fid":2872,"endonym":"Târgoviște"}},{"type":"Feature","id":2873,"geometry":{"type":"Point","coordinates":[25.456667,44.924167]},"properties":{"name":"Targoviste","tier":2,"start_year":1466,"end_year":1568,"fid":2873,"endonym":"Târgoviște"}},{"type":"Feature","id":2874,"geometry":{"type":"Point","coordinates":[25.456667,44.924167]},"properties":{"name":"Targoviste","tier":3,"start_year":1568,"end_year":1641,"fid":2874,"endonym":"Târgoviște"}},{"type":"Feature","id":2875,"geometry":{"type":"Point","coordinates":[25.456667,44.924167]},"properties":{"name":"Targoviste","tier":2,"start_year":1641,"end_year":1659,"fid":2875,"endonym":"Târgoviște"}},{"type":"Feature","id":2876,"geometry":{"type":"Point","coordinates":[25.456667,44.924167]},"properties":{"name":"Targoviste","tier":3,"start_year":1659,"end_year":1851,"fid":2876,"endonym":"Târgoviște"}},{"type":"Feature","id":2877,"geometry":{"type":"Point","coordinates":[20.988611,50.0125]},"properties":{"name":"Tarnow","tier":3,"start_year":1900,"end_year":1901,"fid":2877,"endonym":"Tarnów"}},{"type":"Feature","id":2878,"geometry":{"type":"Point","coordinates":[34.8784,36.91876]},"properties":{"name":"Tarsus","tier":2,"start_year":850,"end_year":1300,"fid":2878,"endonym":"طرسوس"}},{"type":"Feature","id":2879,"geometry":{"type":"Point","coordinates":[34.8784,36.91876]},"properties":{"name":"Tarsus","tier":3,"start_year":1300,"end_year":1302,"fid":2879,"endonym":"طرسوس"}},{"type":"Feature","id":2880,"geometry":{"type":"Point","coordinates":[34.8784,36.91876]},"properties":{"name":"Tarsus","tier":2,"start_year":1302,"end_year":1316,"fid":2880,"endonym":"طرسوس"}},{"type":"Feature","id":2881,"geometry":{"type":"Point","coordinates":[34.8784,36.91876]},"properties":{"name":"Tarsus","tier":3,"start_year":1316,"end_year":1337,"fid":2881,"endonym":"طرسوس"}},{"type":"Feature","id":2882,"geometry":{"type":"Point","coordinates":[34.8784,36.91876]},"properties":{"name":"Tarsus","tier":2,"start_year":1337,"end_year":1340,"fid":2882,"endonym":"طرسوس"}},{"type":"Feature","id":2883,"geometry":{"type":"Point","coordinates":[34.8784,36.91876]},"properties":{"name":"Tarsus","tier":3,"start_year":1340,"end_year":1860,"fid":2883,"endonym":"طرسوس"}},{"type":"Feature","id":2884,"geometry":{"type":"Point","coordinates":[26.725015,58.380685]},"properties":{"name":"Tartu","tier":3,"start_year":1900,"end_year":1901,"fid":2884}},{"type":"Feature","id":2885,"geometry":{"type":"Point","coordinates":[69.21627,41.26465]},"properties":{"name":"Tashkent","tier":3,"start_year":1800,"end_year":1953,"fid":2885,"endonym":"تاشكنت"}},{"type":"Feature","id":2886,"geometry":{"type":"Point","coordinates":[69.21627,41.26465]},"properties":{"name":"Tashkent","tier":2,"start_year":1953,"end_year":2025,"fid":2886,"endonym":"تاشكنت"}},{"type":"Feature","id":2887,"geometry":{"type":"Point","coordinates":[-71.090278,41.9]},"properties":{"name":"Taunton","tier":3,"start_year":1900,"end_year":1901,"fid":2887}},{"type":"Feature","id":2888,"geometry":{"type":"Point","coordinates":[72.82952293,33.75743141]},"properties":{"name":"Taxilla","tier":1,"start_year":-300,"end_year":401,"fid":2888,"endonym":"Takṣaśilā"}},{"type":"Feature","id":2889,"geometry":{"type":"Point","coordinates":[-4.0167,34.2167]},"properties":{"name":"Taza","tier":3,"start_year":1515,"end_year":1851,"fid":2889,"endonym":"تازة"}},{"type":"Feature","id":2890,"geometry":{"type":"Point","coordinates":[44.792989,41.709975]},"properties":{"name":"Tbilisi","tier":2,"start_year":1150,"end_year":1221,"fid":2890}},{"type":"Feature","id":2891,"geometry":{"type":"Point","coordinates":[44.792989,41.709975]},"properties":{"name":"Tbilisi","tier":1,"start_year":1221,"end_year":1294,"fid":2891}},{"type":"Feature","id":2892,"geometry":{"type":"Point","coordinates":[44.792989,41.709975]},"properties":{"name":"Tbilisi","tier":2,"start_year":1294,"end_year":1542,"fid":2892}},{"type":"Feature","id":2893,"geometry":{"type":"Point","coordinates":[44.792989,41.709975]},"properties":{"name":"Tbilisi","tier":3,"start_year":1542,"end_year":2025,"fid":2893}},{"type":"Feature","id":2894,"geometry":{"type":"Point","coordinates":[51.42151,35.69439]},"properties":{"name":"Tehran","tier":3,"start_year":1628,"end_year":1933,"fid":2894,"endonym":"تهران"}},{"type":"Feature","id":2895,"geometry":{"type":"Point","coordinates":[51.42151,35.69439]},"properties":{"name":"Tehran","tier":2,"start_year":1933,"end_year":1975,"fid":2895,"endonym":"تهران"}},{"type":"Feature","id":2896,"geometry":{"type":"Point","coordinates":[51.42151,35.69439]},"properties":{"name":"Tehran","tier":1,"start_year":1975,"end_year":2025,"fid":2896,"endonym":"تهران"}},{"type":"Feature","id":2897,"geometry":{"type":"Point","coordinates":[34.78057,32.08088]},"properties":{"name":"Tel Aviv","tier":3,"start_year":1950,"end_year":1976,"fid":2897}},{"type":"Feature","id":2898,"geometry":{"type":"Point","coordinates":[-99.168472,19.532167]},"properties":{"name":"Tenayuca","tier":2,"start_year":1200,"end_year":1374,"fid":2898,"endonym":"Tenayocan"}},{"type":"Feature","id":2899,"geometry":{"type":"Point","coordinates":[-99.168472,19.532167]},"properties":{"name":"Tenayuca","tier":3,"start_year":1374,"end_year":1566,"fid":2899,"endonym":"Tenayocan"}},{"type":"Feature","id":2900,"geometry":{"type":"Point","coordinates":[-98.84606,19.69291001]},"properties":{"name":"Teotihuacan","tier":1,"start_year":-900,"end_year":-300,"fid":2900}},{"type":"Feature","id":2901,"geometry":{"type":"Point","coordinates":[-98.84606,19.69291001]},"properties":{"name":"Teotihuacan","tier":2,"start_year":-300,"end_year":260,"fid":2901}},{"type":"Feature","id":2902,"geometry":{"type":"Point","coordinates":[-98.84606,19.69291001]},"properties":{"name":"Teotihuacan","tier":1,"start_year":260,"end_year":300,"fid":2902}},{"type":"Feature","id":2903,"geometry":{"type":"Point","coordinates":[-98.84606,19.69291001]},"properties":{"name":"Teotihuacan","tier":2,"start_year":300,"end_year":361,"fid":2903}},{"type":"Feature","id":2904,"geometry":{"type":"Point","coordinates":[-98.84606,19.69291001]},"properties":{"name":"Teotihuacan","tier":1,"start_year":361,"end_year":620,"fid":2904}},{"type":"Feature","id":2905,"geometry":{"type":"Point","coordinates":[-98.84606,19.69291001]},"properties":{"name":"Teotihuacan","tier":2,"start_year":620,"end_year":640,"fid":2905}},{"type":"Feature","id":2906,"geometry":{"type":"Point","coordinates":[-98.84606,19.69291001]},"properties":{"name":"Teotihuacan","tier":1,"start_year":640,"end_year":701,"fid":2906}},{"type":"Feature","id":2907,"geometry":{"type":"Point","coordinates":[-42.801627,-5.089212]},"properties":{"name":"Teresina","tier":3,"start_year":1900,"end_year":1901,"fid":2907}},{"type":"Feature","id":2908,"geometry":{"type":"Point","coordinates":[25.621045,49.48479]},"properties":{"name":"Ternopol","tier":3,"start_year":1900,"end_year":1901,"fid":2908,"endonym":"Тернопіль"}},{"type":"Feature","id":2909,"geometry":{"type":"Point","coordinates":[-87.41391,39.4667]},"properties":{"name":"Terre Haute","tier":3,"start_year":1900,"end_year":1901,"fid":2909}},{"type":"Feature","id":2910,"geometry":{"type":"Point","coordinates":[-98.891425,19.504422]},"properties":{"name":"Texcoco","tier":2,"start_year":1300,"end_year":1520,"fid":2910,"endonym":"Tetzcohco"}},{"type":"Feature","id":2911,"geometry":{"type":"Point","coordinates":[-98.891425,19.504422]},"properties":{"name":"Texcoco","tier":3,"start_year":1520,"end_year":1637,"fid":2911,"endonym":"Tetzcohco"}},{"type":"Feature","id":2912,"geometry":{"type":"Point","coordinates":[72.97809,19.218331]},"properties":{"name":"Thana","tier":2,"start_year":1300,"end_year":1407,"fid":2912,"endonym":"Ṭhāṇe"}},{"type":"Feature","id":2913,"geometry":{"type":"Point","coordinates":[72.97809,19.218331]},"properties":{"name":"Thana","tier":3,"start_year":1407,"end_year":1854,"fid":2913,"endonym":"Ṭhāṇe"}},{"type":"Feature","id":2914,"geometry":{"type":"Point","coordinates":[86.689434,21.24099]},"properties":{"name":"Thanesar","tier":3,"start_year":1853,"end_year":1854,"fid":2914,"endonym":"Thānesar"}},{"type":"Feature","id":2915,"geometry":{"type":"Point","coordinates":[79.137827,10.786999]},"properties":{"name":"Thanjavur","tier":2,"start_year":900,"end_year":903,"fid":2915,"endonym":"Tañcāvūr"}},{"type":"Feature","id":2916,"geometry":{"type":"Point","coordinates":[79.137827,10.786999]},"properties":{"name":"Thanjavur","tier":1,"start_year":903,"end_year":1180,"fid":2916,"endonym":"Tañcāvūr"}},{"type":"Feature","id":2917,"geometry":{"type":"Point","coordinates":[79.137827,10.786999]},"properties":{"name":"Thanjavur","tier":2,"start_year":1180,"end_year":1575,"fid":2917,"endonym":"Tañcāvūr"}},{"type":"Feature","id":2918,"geometry":{"type":"Point","coordinates":[79.137827,10.786999]},"properties":{"name":"Thanjavur","tier":3,"start_year":1575,"end_year":1901,"fid":2918,"endonym":"Tañcāvūr"}},{"type":"Feature","id":2919,"geometry":{"type":"Point","coordinates":[67.924336,24.746117]},"properties":{"name":"Thatta","tier":2,"start_year":711,"end_year":1300,"fid":2919,"endonym":"ٺٽو"}},{"type":"Feature","id":2920,"geometry":{"type":"Point","coordinates":[67.924336,24.746117]},"properties":{"name":"Thatta","tier":3,"start_year":1300,"end_year":1307,"fid":2920,"endonym":"ٺٽو"}},{"type":"Feature","id":2921,"geometry":{"type":"Point","coordinates":[67.924336,24.746117]},"properties":{"name":"Thatta","tier":2,"start_year":1307,"end_year":1516,"fid":2921,"endonym":"ٺٽو"}},{"type":"Feature","id":2922,"geometry":{"type":"Point","coordinates":[67.924336,24.746117]},"properties":{"name":"Thatta","tier":3,"start_year":1516,"end_year":1851,"fid":2922,"endonym":"ٺٽو"}},{"type":"Feature","id":2923,"geometry":{"type":"Point","coordinates":[4.300694,52.070492]},"properties":{"name":"The Hague","tier":3,"start_year":1514,"end_year":1880,"fid":2923,"endonym":"'s-Gravenhage"}},{"type":"Feature","id":2924,"geometry":{"type":"Point","coordinates":[4.300694,52.070492]},"properties":{"name":"The Hague","tier":2,"start_year":1880,"end_year":1900,"fid":2924,"endonym":"'s-Gravenhage"}},{"type":"Feature","id":2925,"geometry":{"type":"Point","coordinates":[4.300694,52.070492]},"properties":{"name":"The Hague","tier":3,"start_year":1900,"end_year":1901,"fid":2925,"endonym":"'s-Gravenhage"}},{"type":"Feature","id":2926,"geometry":{"type":"Point","coordinates":[4.300694,52.070492]},"properties":{"name":"The Hague","tier":2,"start_year":1901,"end_year":1907,"fid":2926,"endonym":"'s-Gravenhage"}},{"type":"Feature","id":2927,"geometry":{"type":"Point","coordinates":[4.300694,52.070492]},"properties":{"name":"The Hague","tier":3,"start_year":1907,"end_year":1912,"fid":2927,"endonym":"'s-Gravenhage"}},{"type":"Feature","id":2928,"geometry":{"type":"Point","coordinates":[4.300694,52.070492]},"properties":{"name":"The Hague","tier":2,"start_year":1912,"end_year":1928,"fid":2928,"endonym":"'s-Gravenhage"}},{"type":"Feature","id":2929,"geometry":{"type":"Point","coordinates":[4.300694,52.070492]},"properties":{"name":"The Hague","tier":3,"start_year":1928,"end_year":1976,"fid":2929,"endonym":"'s-Gravenhage"}},{"type":"Feature","id":2930,"geometry":{"type":"Point","coordinates":[32.610278,25.720556]},"properties":{"name":"Thebes","tier":1,"start_year":-1800,"end_year":-699,"fid":2930,"endonym":"Waset"}},{"type":"Feature","id":2931,"geometry":{"type":"Point","coordinates":[22.944606,40.63935]},"properties":{"name":"Thessaloniki","tier":2,"start_year":-100,"end_year":978,"fid":2931,"endonym":"Θεσσαλονίκη"}},{"type":"Feature","id":2932,"geometry":{"type":"Point","coordinates":[22.944606,40.63935]},"properties":{"name":"Thessaloniki","tier":1,"start_year":978,"end_year":1015,"fid":2932,"endonym":"Θεσσαλονίκη"}},{"type":"Feature","id":2933,"geometry":{"type":"Point","coordinates":[22.944606,40.63935]},"properties":{"name":"Thessaloniki","tier":2,"start_year":1015,"end_year":1197,"fid":2933,"endonym":"Θεσσαλονίκη"}},{"type":"Feature","id":2934,"geometry":{"type":"Point","coordinates":[22.944606,40.63935]},"properties":{"name":"Thessaloniki","tier":3,"start_year":1197,"end_year":1223,"fid":2934,"endonym":"Θεσσαλονίκη"}},{"type":"Feature","id":2935,"geometry":{"type":"Point","coordinates":[22.944606,40.63935]},"properties":{"name":"Thessaloniki","tier":2,"start_year":1223,"end_year":1407,"fid":2935,"endonym":"Θεσσαλονίκη"}},{"type":"Feature","id":2936,"geometry":{"type":"Point","coordinates":[22.944606,40.63935]},"properties":{"name":"Thessaloniki","tier":3,"start_year":1407,"end_year":1568,"fid":2936,"endonym":"Θεσσαλονίκη"}},{"type":"Feature","id":2937,"geometry":{"type":"Point","coordinates":[22.944606,40.63935]},"properties":{"name":"Thessaloniki","tier":2,"start_year":1568,"end_year":1600,"fid":2937,"endonym":"Θεσσαλονίκη"}},{"type":"Feature","id":2938,"geometry":{"type":"Point","coordinates":[22.944606,40.63935]},"properties":{"name":"Thessaloniki","tier":3,"start_year":1600,"end_year":1800,"fid":2938,"endonym":"Θεσσαλονίκη"}},{"type":"Feature","id":2939,"geometry":{"type":"Point","coordinates":[22.944606,40.63935]},"properties":{"name":"Thessaloniki","tier":2,"start_year":1800,"end_year":1803,"fid":2939,"endonym":"Θεσσαλονίκη"}},{"type":"Feature","id":2940,"geometry":{"type":"Point","coordinates":[22.944606,40.63935]},"properties":{"name":"Thessaloniki","tier":3,"start_year":1803,"end_year":1976,"fid":2940,"endonym":"Θεσσαλονίκη"}},{"type":"Feature","id":2941,"geometry":{"type":"Point","coordinates":[76.948623,8.487495]},"properties":{"name":"Thiruvananthapuram","tier":3,"start_year":1800,"end_year":1901,"fid":2941}},{"type":"Feature","id":2942,"geometry":{"type":"Point","coordinates":[-68.67953,-16.55228]},"properties":{"name":"Tiahuanaco","tier":1,"start_year":-500,"end_year":801,"fid":2942,"endonym":"Tiwanaku"}},{"type":"Feature","id":2943,"geometry":{"type":"Point","coordinates":[117.17667,39.14222]},"properties":{"name":"Tianjin","tier":2,"start_year":1700,"end_year":1885,"fid":2943,"endonym":"天津"}},{"type":"Feature","id":2944,"geometry":{"type":"Point","coordinates":[117.17667,39.14222]},"properties":{"name":"Tianjin","tier":1,"start_year":1885,"end_year":1908,"fid":2944,"endonym":"天津"}},{"type":"Feature","id":2945,"geometry":{"type":"Point","coordinates":[117.17667,39.14222]},"properties":{"name":"Tianjin","tier":2,"start_year":1908,"end_year":1941,"fid":2945,"endonym":"天津"}},{"type":"Feature","id":2946,"geometry":{"type":"Point","coordinates":[117.17667,39.14222]},"properties":{"name":"Tianjin","tier":1,"start_year":1941,"end_year":2025,"fid":2946,"endonym":"天津"}},{"type":"Feature","id":2947,"geometry":{"type":"Point","coordinates":[105.74238,34.57952]},"properties":{"name":"Tianshui","tier":2,"start_year":1000,"end_year":1067,"fid":2947,"endonym":"天水"}},{"type":"Feature","id":2948,"geometry":{"type":"Point","coordinates":[105.74238,34.57952]},"properties":{"name":"Tianshui","tier":1,"start_year":1067,"end_year":1100,"fid":2948,"endonym":"天水"}},{"type":"Feature","id":2949,"geometry":{"type":"Point","coordinates":[105.74238,34.57952]},"properties":{"name":"Tianshui","tier":2,"start_year":1100,"end_year":1762,"fid":2949,"endonym":"天水"}},{"type":"Feature","id":2950,"geometry":{"type":"Point","coordinates":[105.74238,34.57952]},"properties":{"name":"Tianshui","tier":3,"start_year":1762,"end_year":2025,"fid":2950,"endonym":"天水"}},{"type":"Feature","id":2951,"geometry":{"type":"Point","coordinates":[-89.623614,17.222094]},"properties":{"name":"Tikal","tier":1,"start_year":-900,"end_year":740,"fid":2951,"endonym":"Yax Mutal"}},{"type":"Feature","id":2952,"geometry":{"type":"Point","coordinates":[-89.623614,17.222094]},"properties":{"name":"Tikal","tier":2,"start_year":740,"end_year":801,"fid":2952,"endonym":"Yax Mutal"}},{"type":"Feature","id":2953,"geometry":{"type":"Point","coordinates":[5.0913,51.55551]},"properties":{"name":"Tilburg","tier":3,"start_year":1900,"end_year":1901,"fid":2953}},{"type":"Feature","id":2954,"geometry":{"type":"Point","coordinates":[21.23,45.755533]},"properties":{"name":"Timisoara","tier":3,"start_year":1900,"end_year":1901,"fid":2954,"endonym":"Temesvár"}},{"type":"Feature","id":2955,"geometry":{"type":"Point","coordinates":[32.233333,31.2]},"properties":{"name":"Tinnis","tier":2,"start_year":1000,"end_year":1001,"fid":2955,"endonym":"تنيس"}},{"type":"Feature","id":2956,"geometry":{"type":"Point","coordinates":[32.233333,31.2]},"properties":{"name":"Tinnis","tier":1,"start_year":1001,"end_year":1194,"fid":2956,"endonym":"تنيس"}},{"type":"Feature","id":2957,"geometry":{"type":"Point","coordinates":[78.685556,10.805]},"properties":{"name":"Tiruchirappalli","tier":3,"start_year":1700,"end_year":1951,"fid":2957}},{"type":"Feature","id":2958,"geometry":{"type":"Point","coordinates":[-98.20959,19.32076]},"properties":{"name":"Tlaxcala","tier":3,"start_year":1500,"end_year":1851,"fid":2958,"endonym":"Tlaxcallan"}},{"type":"Feature","id":2959,"geometry":{"type":"Point","coordinates":[-1.315,34.87833]},"properties":{"name":"Tlemcen","tier":2,"start_year":1250,"end_year":1476,"fid":2959,"endonym":"تلمسان"}},{"type":"Feature","id":2960,"geometry":{"type":"Point","coordinates":[-1.315,34.87833]},"properties":{"name":"Tlemcen","tier":3,"start_year":1476,"end_year":1860,"fid":2960,"endonym":"تلمسان"}},{"type":"Feature","id":2961,"geometry":{"type":"Point","coordinates":[36.55444,40.31389]},"properties":{"name":"Tokat","tier":3,"start_year":1800,"end_year":1801,"fid":2961,"endonym":"طوقات"}},{"type":"Feature","id":2962,"geometry":{"type":"Point","coordinates":[134.554844,34.070269]},"properties":{"name":"Tokushima","tier":3,"start_year":1700,"end_year":1901,"fid":2962,"endonym":"徳島"}},{"type":"Feature","id":3489,"geometry":{"type":"Point","coordinates":[139.69171,35.6895]},"properties":{"name":"Edo","tier":2,"start_year":1600,"end_year":1607,"fid":3489,"endonym":"江戸"}},{"type":"Feature","id":3490,"geometry":{"type":"Point","coordinates":[139.69171,35.6895]},"properties":{"name":"Edo","tier":1,"start_year":1607,"end_year":1868,"fid":3490,"endonym":"江戸"}},{"type":"Feature","id":3491,"geometry":{"type":"Point","coordinates":[139.69171,35.6895]},"properties":{"name":"Tokyo","tier":1,"start_year":1868,"end_year":2025,"fid":3491,"endonym":"東京"}},{"type":"Feature","id":2965,"geometry":{"type":"Point","coordinates":[-4.027322,39.862831]},"properties":{"name":"Toledo","tier":2,"start_year":800,"end_year":1100,"fid":2965}},{"type":"Feature","id":2966,"geometry":{"type":"Point","coordinates":[-4.027322,39.862831]},"properties":{"name":"Toledo","tier":3,"start_year":1100,"end_year":1542,"fid":2966}},{"type":"Feature","id":2967,"geometry":{"type":"Point","coordinates":[-4.027322,39.862831]},"properties":{"name":"Toledo","tier":2,"start_year":1542,"end_year":1606,"fid":2967}},{"type":"Feature","id":2968,"geometry":{"type":"Point","coordinates":[-4.027322,39.862831]},"properties":{"name":"Toledo","tier":3,"start_year":1606,"end_year":1846,"fid":2968}},{"type":"Feature","id":2969,"geometry":{"type":"Point","coordinates":[-83.966889,41.571019]},"properties":{"name":"Toledo","tier":3,"start_year":1900,"end_year":1976,"fid":2969}},{"type":"Feature","id":2970,"geometry":{"type":"Point","coordinates":[-99.3409691,20.06369902]},"properties":{"name":"Tollan","tier":1,"start_year":-300,"end_year":1,"fid":2970}},{"type":"Feature","id":2971,"geometry":{"type":"Point","coordinates":[-99.3409691,20.06369902]},"properties":{"name":"Tollan","tier":2,"start_year":1,"end_year":260,"fid":2971}},{"type":"Feature","id":2972,"geometry":{"type":"Point","coordinates":[-99.3409691,20.06369902]},"properties":{"name":"Tollan","tier":1,"start_year":260,"end_year":300,"fid":2972}},{"type":"Feature","id":2973,"geometry":{"type":"Point","coordinates":[-99.3409691,20.06369902]},"properties":{"name":"Tollan","tier":2,"start_year":300,"end_year":975,"fid":2973}},{"type":"Feature","id":2974,"geometry":{"type":"Point","coordinates":[-99.3409691,20.06369902]},"properties":{"name":"Tollan","tier":1,"start_year":975,"end_year":1000,"fid":2974}},{"type":"Feature","id":2975,"geometry":{"type":"Point","coordinates":[-99.3409691,20.06369902]},"properties":{"name":"Tollan","tier":2,"start_year":1000,"end_year":1001,"fid":2975}},{"type":"Feature","id":2976,"geometry":{"type":"Point","coordinates":[-3.00742,16.77348]},"properties":{"name":"Tombouctou","tier":3,"start_year":1300,"end_year":1851,"fid":2976,"endonym":"تمبكتو"}},{"type":"Feature","id":2977,"geometry":{"type":"Point","coordinates":[84.97437,56.49771]},"properties":{"name":"Tomsk","tier":3,"start_year":1900,"end_year":1901,"fid":2977,"endonym":"Томск"}},{"type":"Feature","id":2978,"geometry":{"type":"Point","coordinates":[75.78824,26.16638]},"properties":{"name":"Tonk","tier":3,"start_year":1900,"end_year":1901,"fid":2978,"endonym":"ٹونک"}},{"type":"Feature","id":2979,"geometry":{"type":"Point","coordinates":[-95.67804,39.04833]},"properties":{"name":"Topeka","tier":3,"start_year":1900,"end_year":1901,"fid":2979}},{"type":"Feature","id":2980,"geometry":{"type":"Point","coordinates":[-79.4163,43.70011]},"properties":{"name":"Toronto","tier":3,"start_year":1900,"end_year":1905,"fid":2980}},{"type":"Feature","id":2981,"geometry":{"type":"Point","coordinates":[-79.4163,43.70011]},"properties":{"name":"Toronto","tier":2,"start_year":1905,"end_year":1976,"fid":2981}},{"type":"Feature","id":2982,"geometry":{"type":"Point","coordinates":[-3.5305,50.4792]},"properties":{"name":"Torquay","tier":3,"start_year":1900,"end_year":1901,"fid":2982}},{"type":"Feature","id":2983,"geometry":{"type":"Point","coordinates":[5.93333,43.11667]},"properties":{"name":"Toulon","tier":3,"start_year":1314,"end_year":1901,"fid":2983,"endonym":"Tolon"}},{"type":"Feature","id":2984,"geometry":{"type":"Point","coordinates":[1.44367,43.60426]},"properties":{"name":"Toulouse","tier":3,"start_year":1100,"end_year":1976,"fid":2984,"endonym":"Tolosa"}},{"type":"Feature","id":2985,"geometry":{"type":"Point","coordinates":[96.433333,18.933333]},"properties":{"name":"Toungoo","tier":2,"start_year":1600,"end_year":1643,"fid":2985,"endonym":"Taungoo"}},{"type":"Feature","id":2986,"geometry":{"type":"Point","coordinates":[96.433333,18.933333]},"properties":{"name":"Toungoo","tier":3,"start_year":1643,"end_year":1873,"fid":2986,"endonym":"Taungoo"}},{"type":"Feature","id":2987,"geometry":{"type":"Point","coordinates":[3.38932,50.60715]},"properties":{"name":"Tournai","tier":3,"start_year":1385,"end_year":1901,"fid":2987}},{"type":"Feature","id":2988,"geometry":{"type":"Point","coordinates":[0.68333,47.38333]},"properties":{"name":"Tours","tier":2,"start_year":700,"end_year":1000,"fid":2988}},{"type":"Feature","id":2989,"geometry":{"type":"Point","coordinates":[0.68333,47.38333]},"properties":{"name":"Tours","tier":3,"start_year":1000,"end_year":1496,"fid":2989}},{"type":"Feature","id":2990,"geometry":{"type":"Point","coordinates":[0.68333,47.38333]},"properties":{"name":"Tours","tier":2,"start_year":1496,"end_year":1500,"fid":2990}},{"type":"Feature","id":2991,"geometry":{"type":"Point","coordinates":[0.68333,47.38333]},"properties":{"name":"Tours","tier":3,"start_year":1500,"end_year":1501,"fid":2991}},{"type":"Feature","id":2992,"geometry":{"type":"Point","coordinates":[0.68333,47.38333]},"properties":{"name":"Tours","tier":2,"start_year":1501,"end_year":1593,"fid":2992}},{"type":"Feature","id":2993,"geometry":{"type":"Point","coordinates":[0.68333,47.38333]},"properties":{"name":"Tours","tier":3,"start_year":1593,"end_year":1666,"fid":2993}},{"type":"Feature","id":2994,"geometry":{"type":"Point","coordinates":[0.68333,47.38333]},"properties":{"name":"Tours","tier":2,"start_year":1666,"end_year":1680,"fid":2994}},{"type":"Feature","id":2995,"geometry":{"type":"Point","coordinates":[0.68333,47.38333]},"properties":{"name":"Tours","tier":3,"start_year":1680,"end_year":1901,"fid":2995}},{"type":"Feature","id":2996,"geometry":{"type":"Point","coordinates":[137.213677,36.695952]},"properties":{"name":"Toyama","tier":3,"start_year":1800,"end_year":1901,"fid":2996,"endonym":"富山"}},{"type":"Feature","id":2997,"geometry":{"type":"Point","coordinates":[39.717806,41.00145]},"properties":{"name":"Trabzon","tier":2,"start_year":260,"end_year":620,"fid":2997,"endonym":"Τραπεζοῦς"}},{"type":"Feature","id":2998,"geometry":{"type":"Point","coordinates":[39.717806,41.00145]},"properties":{"name":"Trabzon","tier":1,"start_year":620,"end_year":622,"fid":2998,"endonym":"Τραπεζοῦς"}},{"type":"Feature","id":2999,"geometry":{"type":"Point","coordinates":[39.717806,41.00145]},"properties":{"name":"Trabzon","tier":2,"start_year":622,"end_year":1449,"fid":2999,"endonym":"Τραπεζοῦς"}},{"type":"Feature","id":3000,"geometry":{"type":"Point","coordinates":[39.717806,41.00145]},"properties":{"name":"Trabzon","tier":3,"start_year":1449,"end_year":1901,"fid":3000,"endonym":"Τραπεζοῦς"}},{"type":"Feature","id":3001,"geometry":{"type":"Point","coordinates":[24.933333,54.633333]},"properties":{"name":"Trakai","tier":3,"start_year":1350,"end_year":1353,"fid":3001}},{"type":"Feature","id":3002,"geometry":{"type":"Point","coordinates":[24.933333,54.633333]},"properties":{"name":"Trakai","tier":2,"start_year":1353,"end_year":1513,"fid":3002}},{"type":"Feature","id":3003,"geometry":{"type":"Point","coordinates":[24.933333,54.633333]},"properties":{"name":"Trakai","tier":3,"start_year":1513,"end_year":1850,"fid":3003}},{"type":"Feature","id":3004,"geometry":{"type":"Point","coordinates":[12.51077,38.01584]},"properties":{"name":"Trapani","tier":3,"start_year":1900,"end_year":1901,"fid":3004}},{"type":"Feature","id":3005,"geometry":{"type":"Point","coordinates":[-74.764,40.2237]},"properties":{"name":"Trenton","tier":3,"start_year":1900,"end_year":1901,"fid":3005}},{"type":"Feature","id":3006,"geometry":{"type":"Point","coordinates":[-95.433333,18.466667]},"properties":{"name":"Tres Zapotes","tier":2,"start_year":-200,"end_year":-199,"fid":3006}},{"type":"Feature","id":3007,"geometry":{"type":"Point","coordinates":[6.63935,49.75565]},"properties":{"name":"Trier","tier":1,"start_year":300,"end_year":361,"fid":3007,"endonym":"Augusta Treverorum"}},{"type":"Feature","id":3008,"geometry":{"type":"Point","coordinates":[6.63935,49.75565]},"properties":{"name":"Trier","tier":2,"start_year":361,"end_year":1000,"fid":3008,"endonym":"Augusta Treverorum"}},{"type":"Feature","id":3009,"geometry":{"type":"Point","coordinates":[6.63935,49.75565]},"properties":{"name":"Trier","tier":3,"start_year":1000,"end_year":1901,"fid":3009,"endonym":"Augusta Treverorum"}},{"type":"Feature","id":3010,"geometry":{"type":"Point","coordinates":[13.8,45.633333]},"properties":{"name":"Trieste","tier":3,"start_year":1800,"end_year":1951,"fid":3010}},{"type":"Feature","id":3011,"geometry":{"type":"Point","coordinates":[13.187508,32.876175]},"properties":{"name":"Tripoli","tier":3,"start_year":1307,"end_year":2025,"fid":3011,"endonym":"طرابلس"}},{"type":"Feature","id":3012,"geometry":{"type":"Point","coordinates":[22.383333,37.516667]},"properties":{"name":"Tripolis","tier":3,"start_year":1800,"end_year":1816,"fid":3012,"endonym":"طرابلس"}},{"type":"Feature","id":3013,"geometry":{"type":"Point","coordinates":[10.39506,63.43049]},"properties":{"name":"Trondheim","tier":3,"start_year":1900,"end_year":1901,"fid":3013,"endonym":"Trondhjem"}},{"type":"Feature","id":3014,"geometry":{"type":"Point","coordinates":[-73.691786,42.728411]},"properties":{"name":"Troy","tier":3,"start_year":1800,"end_year":1901,"fid":3014,"endonym":"Wiluša"}},{"type":"Feature","id":3015,"geometry":{"type":"Point","coordinates":[4.08333,48.3]},"properties":{"name":"Troyes","tier":3,"start_year":1200,"end_year":1901,"fid":3015}},{"type":"Feature","id":3016,"geometry":{"type":"Point","coordinates":[118.58583,24.913889]},"properties":{"name":"Tsinkiang","tier":2,"start_year":742,"end_year":1326,"fid":3016,"endonym":"清江"}},{"type":"Feature","id":3017,"geometry":{"type":"Point","coordinates":[118.58583,24.913889]},"properties":{"name":"Tsinkiang","tier":1,"start_year":1326,"end_year":1357,"fid":3017,"endonym":"清江"}},{"type":"Feature","id":3018,"geometry":{"type":"Point","coordinates":[118.58583,24.913889]},"properties":{"name":"Tsinkiang","tier":2,"start_year":1357,"end_year":1640,"fid":3018,"endonym":"清江"}},{"type":"Feature","id":3019,"geometry":{"type":"Point","coordinates":[118.58583,24.913889]},"properties":{"name":"Tsinkiang","tier":3,"start_year":1640,"end_year":1949,"fid":3019,"endonym":"清江"}},{"type":"Feature","id":3020,"geometry":{"type":"Point","coordinates":[136.5,34.716667]},"properties":{"name":"Tsu","tier":3,"start_year":1900,"end_year":1901,"fid":3020,"endonym":"津"}},{"type":"Feature","id":3021,"geometry":{"type":"Point","coordinates":[-65.21759,-26.808285]},"properties":{"name":"Tucuman","tier":3,"start_year":1900,"end_year":1951,"fid":3021,"endonym":"Tucumán"}},{"type":"Feature","id":3022,"geometry":{"type":"Point","coordinates":[37.573261,54.107722]},"properties":{"name":"Tula","tier":3,"start_year":1654,"end_year":1976,"fid":3022,"endonym":"Тула"}},{"type":"Feature","id":3023,"geometry":{"type":"Point","coordinates":[-95.99278,36.15398]},"properties":{"name":"Tulsa","tier":3,"start_year":1950,"end_year":1951,"fid":3023}},{"type":"Feature","id":3024,"geometry":{"type":"Point","coordinates":[10.165961,36.818811]},"properties":{"name":"Tunis","tier":3,"start_year":1000,"end_year":1042,"fid":3024,"endonym":"تونس"}},{"type":"Feature","id":3025,"geometry":{"type":"Point","coordinates":[10.165961,36.818811]},"properties":{"name":"Tunis","tier":2,"start_year":1042,"end_year":1050,"fid":3025,"endonym":"تونس"}},{"type":"Feature","id":3026,"geometry":{"type":"Point","coordinates":[10.165961,36.818811]},"properties":{"name":"Tunis","tier":3,"start_year":1050,"end_year":1051,"fid":3026,"endonym":"تونس"}},{"type":"Feature","id":3027,"geometry":{"type":"Point","coordinates":[10.165961,36.818811]},"properties":{"name":"Tunis","tier":2,"start_year":1051,"end_year":1345,"fid":3027,"endonym":"تونس"}},{"type":"Feature","id":3028,"geometry":{"type":"Point","coordinates":[10.165961,36.818811]},"properties":{"name":"Tunis","tier":3,"start_year":1345,"end_year":1375,"fid":3028,"endonym":"تونس"}},{"type":"Feature","id":3029,"geometry":{"type":"Point","coordinates":[10.165961,36.818811]},"properties":{"name":"Tunis","tier":2,"start_year":1375,"end_year":1600,"fid":3029,"endonym":"تونس"}},{"type":"Feature","id":3030,"geometry":{"type":"Point","coordinates":[10.165961,36.818811]},"properties":{"name":"Tunis","tier":3,"start_year":1600,"end_year":1601,"fid":3030,"endonym":"تونس"}},{"type":"Feature","id":3031,"geometry":{"type":"Point","coordinates":[10.165961,36.818811]},"properties":{"name":"Tunis","tier":2,"start_year":1601,"end_year":1768,"fid":3031,"endonym":"تونس"}},{"type":"Feature","id":3032,"geometry":{"type":"Point","coordinates":[10.165961,36.818811]},"properties":{"name":"Tunis","tier":3,"start_year":1768,"end_year":1786,"fid":3032,"endonym":"تونس"}},{"type":"Feature","id":3033,"geometry":{"type":"Point","coordinates":[10.165961,36.818811]},"properties":{"name":"Tunis","tier":2,"start_year":1786,"end_year":1848,"fid":3033,"endonym":"تونس"}},{"type":"Feature","id":3034,"geometry":{"type":"Point","coordinates":[10.165961,36.818811]},"properties":{"name":"Tunis","tier":3,"start_year":1848,"end_year":1976,"fid":3034,"endonym":"تونس"}},{"type":"Feature","id":3035,"geometry":{"type":"Point","coordinates":[7.68682,45.07049]},"properties":{"name":"Turin","tier":3,"start_year":1377,"end_year":1749,"fid":3035,"endonym":"Torino"}},{"type":"Feature","id":3036,"geometry":{"type":"Point","coordinates":[7.68682,45.07049]},"properties":{"name":"Turin","tier":2,"start_year":1749,"end_year":1750,"fid":3036,"endonym":"Torino"}},{"type":"Feature","id":3037,"geometry":{"type":"Point","coordinates":[7.68682,45.07049]},"properties":{"name":"Turin","tier":3,"start_year":1750,"end_year":1815,"fid":3037,"endonym":"Torino"}},{"type":"Feature","id":3038,"geometry":{"type":"Point","coordinates":[7.68682,45.07049]},"properties":{"name":"Turin","tier":2,"start_year":1815,"end_year":1976,"fid":3038,"endonym":"Torino"}},{"type":"Feature","id":3039,"geometry":{"type":"Point","coordinates":[89.16667,42.93333]},"properties":{"name":"Turpan","tier":3,"start_year":1300,"end_year":1302,"fid":3039,"endonym":"تورفان"}},{"type":"Feature","id":3040,"geometry":{"type":"Point","coordinates":[89.16667,42.93333]},"properties":{"name":"Turpan","tier":2,"start_year":1302,"end_year":1501,"fid":3040,"endonym":"تورفان"}},{"type":"Feature","id":3041,"geometry":{"type":"Point","coordinates":[35.917597,56.858722]},"properties":{"name":"Tver","tier":3,"start_year":1300,"end_year":1951,"fid":3041,"endonym":"Тверь"}},{"type":"Feature","id":3042,"geometry":{"type":"Point","coordinates":[-1.42559,55.01788]},"properties":{"name":"Tynemouth","tier":3,"start_year":1800,"end_year":1852,"fid":3042}},{"type":"Feature","id":3043,"geometry":{"type":"Point","coordinates":[35.19389,33.27333]},"properties":{"name":"Tyre","tier":1,"start_year":-1000,"end_year":-430,"fid":3043,"endonym":"Ṣūr"}},{"type":"Feature","id":3044,"geometry":{"type":"Point","coordinates":[35.19389,33.27333]},"properties":{"name":"Tyre","tier":2,"start_year":-430,"end_year":-429,"fid":3044,"endonym":"Ṣūr"}},{"type":"Feature","id":3045,"geometry":{"type":"Point","coordinates":[-101.57857,19.62903]},"properties":{"name":"Tzintzuntzan","tier":3,"start_year":1500,"end_year":1794,"fid":3045}},{"type":"Feature","id":3046,"geometry":{"type":"Point","coordinates":[73.691544,24.57127]},"properties":{"name":"Udaipur","tier":2,"start_year":1600,"end_year":1743,"fid":3046,"endonym":"Udayapur"}},{"type":"Feature","id":3047,"geometry":{"type":"Point","coordinates":[73.691544,24.57127]},"properties":{"name":"Udaipur","tier":3,"start_year":1743,"end_year":1744,"fid":3047,"endonym":"Udayapur"}},{"type":"Feature","id":3048,"geometry":{"type":"Point","coordinates":[73.691544,24.57127]},"properties":{"name":"Udaipur","tier":2,"start_year":1744,"end_year":1745,"fid":3048,"endonym":"Udayapur"}},{"type":"Feature","id":3049,"geometry":{"type":"Point","coordinates":[73.691544,24.57127]},"properties":{"name":"Udaipur","tier":3,"start_year":1745,"end_year":1901,"fid":3049,"endonym":"Udayapur"}},{"type":"Feature","id":3050,"geometry":{"type":"Point","coordinates":[56.04562,54.78517]},"properties":{"name":"Ufa","tier":3,"start_year":1900,"end_year":2025,"fid":3050,"endonym":"Уфа"}},{"type":"Feature","id":3051,"geometry":{"type":"Point","coordinates":[35.78656277,35.60228865]},"properties":{"name":"Ugarit","tier":1,"start_year":-1400,"end_year":-1199,"fid":3051,"endonym":"Ugaritu"}},{"type":"Feature","id":3052,"geometry":{"type":"Point","coordinates":[75.77643,23.18239]},"properties":{"name":"Ujjain","tier":1,"start_year":-200,"end_year":400,"fid":3052,"endonym":"Ujjayinī"}},{"type":"Feature","id":3053,"geometry":{"type":"Point","coordinates":[75.77643,23.18239]},"properties":{"name":"Ujjain","tier":2,"start_year":400,"end_year":550,"fid":3053,"endonym":"Ujjayinī"}},{"type":"Feature","id":3054,"geometry":{"type":"Point","coordinates":[75.77643,23.18239]},"properties":{"name":"Ujjain","tier":1,"start_year":550,"end_year":700,"fid":3054,"endonym":"Ujjayinī"}},{"type":"Feature","id":3055,"geometry":{"type":"Point","coordinates":[75.77643,23.18239]},"properties":{"name":"Ujjain","tier":2,"start_year":700,"end_year":1750,"fid":3055,"endonym":"Ujjayinī"}},{"type":"Feature","id":3056,"geometry":{"type":"Point","coordinates":[75.77643,23.18239]},"properties":{"name":"Ujjain","tier":3,"start_year":1750,"end_year":1763,"fid":3056,"endonym":"Ujjayinī"}},{"type":"Feature","id":3057,"geometry":{"type":"Point","coordinates":[75.77643,23.18239]},"properties":{"name":"Ujjain","tier":2,"start_year":1763,"end_year":1830,"fid":3057,"endonym":"Ujjayinī"}},{"type":"Feature","id":3058,"geometry":{"type":"Point","coordinates":[75.77643,23.18239]},"properties":{"name":"Ujjain","tier":3,"start_year":1830,"end_year":1901,"fid":3058,"endonym":"Ujjayinī"}},{"type":"Feature","id":3059,"geometry":{"type":"Point","coordinates":[106.92,47.92]},"properties":{"name":"Ulaanbaatar","tier":3,"start_year":1900,"end_year":1901,"fid":3059,"endonym":"Yeke Küriye"}},{"type":"Feature","id":3060,"geometry":{"type":"Point","coordinates":[9.99155,48.39841]},"properties":{"name":"Ulm","tier":3,"start_year":1300,"end_year":1901,"fid":3060}},{"type":"Feature","id":3061,"geometry":{"type":"Point","coordinates":[48.383413,54.316684]},"properties":{"name":"Ulyanovsk","tier":3,"start_year":1900,"end_year":1901,"fid":3061,"endonym":"Симбирск"}},{"type":"Feature","id":3062,"geometry":{"type":"Point","coordinates":[46.10321,30.962659]},"properties":{"name":"Ur","tier":1,"start_year":-2800,"end_year":-1899,"fid":3062,"endonym":"Urim"}},{"type":"Feature","id":3063,"geometry":{"type":"Point","coordinates":[51.366667,51.233333]},"properties":{"name":"Uralsk","tier":3,"start_year":1900,"end_year":1901,"fid":3063,"endonym":"Уральск"}},{"type":"Feature","id":3064,"geometry":{"type":"Point","coordinates":[45.072499,37.555278]},"properties":{"name":"Urmieh","tier":3,"start_year":1800,"end_year":1901,"fid":3064,"endonym":"اورمیه"}},{"type":"Feature","id":3065,"geometry":{"type":"Point","coordinates":[45.636111,31.322222]},"properties":{"name":"Uruk","tier":1,"start_year":-3400,"end_year":-1299,"fid":3065,"endonym":"Unug"}},{"type":"Feature","id":3066,"geometry":{"type":"Point","coordinates":[87.616822,43.825644]},"properties":{"name":"Ürümqi","tier":3,"start_year":1800,"end_year":2025,"fid":3066,"endonym":"ئۈرۈمچى / 乌鲁木齐"}},{"type":"Feature","id":3067,"geometry":{"type":"Point","coordinates":[14.053146,50.661116]},"properties":{"name":"Usti nad Labem","tier":3,"start_year":1900,"end_year":1901,"fid":3067,"endonym":"Aussig"}},{"type":"Feature","id":3068,"geometry":{"type":"Point","coordinates":[-75.231887,43.096569]},"properties":{"name":"Utica","tier":3,"start_year":1900,"end_year":1901,"fid":3068}},{"type":"Feature","id":3069,"geometry":{"type":"Point","coordinates":[5.12222,52.09083]},"properties":{"name":"Utrecht","tier":3,"start_year":1100,"end_year":1951,"fid":3069}},{"type":"Feature","id":3070,"geometry":{"type":"Point","coordinates":[139.882807,36.555112]},"properties":{"name":"Utsunomiya","tier":3,"start_year":1900,"end_year":1901,"fid":3070,"endonym":"宇都宮"}},{"type":"Feature","id":3071,"geometry":{"type":"Point","coordinates":[132.560558,33.22334]},"properties":{"name":"Uwajima","tier":3,"start_year":1900,"end_year":1901,"fid":3071,"endonym":"宇和島"}},{"type":"Feature","id":3072,"geometry":{"type":"Point","coordinates":[73.181098,22.30731]},"properties":{"name":"Vadodara","tier":3,"start_year":1610,"end_year":1709,"fid":3072,"endonym":"Vaḍodārā"}},{"type":"Feature","id":3073,"geometry":{"type":"Point","coordinates":[73.181098,22.30731]},"properties":{"name":"Vadodara","tier":2,"start_year":1709,"end_year":1856,"fid":3073,"endonym":"Vaḍodārā"}},{"type":"Feature","id":3074,"geometry":{"type":"Point","coordinates":[73.181098,22.30731]},"properties":{"name":"Vadodara","tier":3,"start_year":1856,"end_year":2025,"fid":3074,"endonym":"Vaḍodārā"}},{"type":"Feature","id":3075,"geometry":{"type":"Point","coordinates":[85.081782,25.6833]},"properties":{"name":"Vaishali","tier":1,"start_year":-430,"end_year":1,"fid":3075,"endonym":"Vaiśālī"}},{"type":"Feature","id":3076,"geometry":{"type":"Point","coordinates":[85.081782,25.6833]},"properties":{"name":"Vaishali","tier":2,"start_year":1,"end_year":100,"fid":3076,"endonym":"Vaiśālī"}},{"type":"Feature","id":3077,"geometry":{"type":"Point","coordinates":[85.081782,25.6833]},"properties":{"name":"Vaishali","tier":1,"start_year":100,"end_year":301,"fid":3077,"endonym":"Vaiśālī"}},{"type":"Feature","id":3078,"geometry":{"type":"Point","coordinates":[-0.376289,39.469908]},"properties":{"name":"Valencia","tier":3,"start_year":1100,"end_year":1316,"fid":3078,"endonym":"València"}},{"type":"Feature","id":3079,"geometry":{"type":"Point","coordinates":[-0.376289,39.469908]},"properties":{"name":"Valencia","tier":2,"start_year":1316,"end_year":1450,"fid":3079,"endonym":"València"}},{"type":"Feature","id":3080,"geometry":{"type":"Point","coordinates":[-0.376289,39.469908]},"properties":{"name":"Valencia","tier":3,"start_year":1450,"end_year":1525,"fid":3080,"endonym":"València"}},{"type":"Feature","id":3081,"geometry":{"type":"Point","coordinates":[-0.376289,39.469908]},"properties":{"name":"Valencia","tier":2,"start_year":1525,"end_year":1646,"fid":3081,"endonym":"València"}},{"type":"Feature","id":3082,"geometry":{"type":"Point","coordinates":[-0.376289,39.469908]},"properties":{"name":"Valencia","tier":3,"start_year":1646,"end_year":1828,"fid":3082,"endonym":"València"}},{"type":"Feature","id":3083,"geometry":{"type":"Point","coordinates":[-0.376289,39.469908]},"properties":{"name":"Valencia","tier":2,"start_year":1828,"end_year":1858,"fid":3083,"endonym":"València"}},{"type":"Feature","id":3084,"geometry":{"type":"Point","coordinates":[-0.376289,39.469908]},"properties":{"name":"Valencia","tier":3,"start_year":1858,"end_year":1859,"fid":3084,"endonym":"València"}},{"type":"Feature","id":3085,"geometry":{"type":"Point","coordinates":[-0.376289,39.469908]},"properties":{"name":"Valencia","tier":2,"start_year":1859,"end_year":1875,"fid":3085,"endonym":"València"}},{"type":"Feature","id":3086,"geometry":{"type":"Point","coordinates":[-0.376289,39.469908]},"properties":{"name":"Valencia","tier":3,"start_year":1875,"end_year":1878,"fid":3086,"endonym":"València"}},{"type":"Feature","id":3087,"geometry":{"type":"Point","coordinates":[-0.376289,39.469908]},"properties":{"name":"Valencia","tier":2,"start_year":1878,"end_year":1880,"fid":3087,"endonym":"València"}},{"type":"Feature","id":3088,"geometry":{"type":"Point","coordinates":[-0.376289,39.469908]},"properties":{"name":"Valencia","tier":3,"start_year":1880,"end_year":1897,"fid":3088,"endonym":"València"}},{"type":"Feature","id":3089,"geometry":{"type":"Point","coordinates":[-0.376289,39.469908]},"properties":{"name":"Valencia","tier":2,"start_year":1897,"end_year":1900,"fid":3089,"endonym":"València"}},{"type":"Feature","id":3090,"geometry":{"type":"Point","coordinates":[-0.376289,39.469908]},"properties":{"name":"Valencia","tier":3,"start_year":1900,"end_year":2025,"fid":3090,"endonym":"València"}},{"type":"Feature","id":3091,"geometry":{"type":"Point","coordinates":[-67.999519,10.174124]},"properties":{"name":"Valencia","tier":3,"start_year":1900,"end_year":1901,"fid":3091,"endonym":"València"}},{"type":"Feature","id":3092,"geometry":{"type":"Point","coordinates":[3.53333,50.35]},"properties":{"name":"Valenciennes","tier":3,"start_year":1367,"end_year":1873,"fid":3092}},{"type":"Feature","id":3093,"geometry":{"type":"Point","coordinates":[71.8795,21.8878]},"properties":{"name":"Vallabhi","tier":2,"start_year":622,"end_year":623,"fid":3093,"endonym":"Vallabhī"}},{"type":"Feature","id":3094,"geometry":{"type":"Point","coordinates":[-4.72372,41.65518]},"properties":{"name":"Valladolid","tier":3,"start_year":1074,"end_year":1536,"fid":3094}},{"type":"Feature","id":3095,"geometry":{"type":"Point","coordinates":[-4.72372,41.65518]},"properties":{"name":"Valladolid","tier":2,"start_year":1536,"end_year":1595,"fid":3095}},{"type":"Feature","id":3096,"geometry":{"type":"Point","coordinates":[-4.72372,41.65518]},"properties":{"name":"Valladolid","tier":3,"start_year":1595,"end_year":1901,"fid":3096}},{"type":"Feature","id":3097,"geometry":{"type":"Point","coordinates":[14.51472,35.89972]},"properties":{"name":"Valletta","tier":3,"start_year":1632,"end_year":1901,"fid":3097}},{"type":"Feature","id":3098,"geometry":{"type":"Point","coordinates":[-71.6167,-33.05]},"properties":{"name":"Valparaiso","tier":3,"start_year":1827,"end_year":1951,"fid":3098,"endonym":"Valparaíso"}},{"type":"Feature","id":3099,"geometry":{"type":"Point","coordinates":[43.38311,38.49239]},"properties":{"name":"Van","tier":3,"start_year":1800,"end_year":1801,"fid":3099,"endonym":"وان"}},{"type":"Feature","id":3100,"geometry":{"type":"Point","coordinates":[-123.11934,49.24966]},"properties":{"name":"Vancouver","tier":3,"start_year":1950,"end_year":1976,"fid":3100}},{"type":"Feature","id":3101,"geometry":{"type":"Point","coordinates":[82.973914,25.317645]},"properties":{"name":"Varanasi","tier":1,"start_year":-430,"end_year":-300,"fid":3101,"endonym":"Vārāṇasī"}},{"type":"Feature","id":3102,"geometry":{"type":"Point","coordinates":[82.973914,25.317645]},"properties":{"name":"Varanasi","tier":2,"start_year":-300,"end_year":620,"fid":3102,"endonym":"Vārāṇasī"}},{"type":"Feature","id":3103,"geometry":{"type":"Point","coordinates":[82.973914,25.317645]},"properties":{"name":"Varanasi","tier":1,"start_year":620,"end_year":622,"fid":3103,"endonym":"Vārāṇasī"}},{"type":"Feature","id":3104,"geometry":{"type":"Point","coordinates":[82.973914,25.317645]},"properties":{"name":"Varanasi","tier":2,"start_year":622,"end_year":1618,"fid":3104,"endonym":"Vārāṇasī"}},{"type":"Feature","id":3105,"geometry":{"type":"Point","coordinates":[82.973914,25.317645]},"properties":{"name":"Varanasi","tier":3,"start_year":1618,"end_year":1628,"fid":3105,"endonym":"Vārāṇasī"}},{"type":"Feature","id":3106,"geometry":{"type":"Point","coordinates":[82.973914,25.317645]},"properties":{"name":"Varanasi","tier":2,"start_year":1628,"end_year":1629,"fid":3106,"endonym":"Vārāṇasī"}},{"type":"Feature","id":3107,"geometry":{"type":"Point","coordinates":[82.973914,25.317645]},"properties":{"name":"Varanasi","tier":3,"start_year":1629,"end_year":1647,"fid":3107,"endonym":"Vārāṇasī"}},{"type":"Feature","id":3108,"geometry":{"type":"Point","coordinates":[82.973914,25.317645]},"properties":{"name":"Varanasi","tier":2,"start_year":1647,"end_year":1769,"fid":3108,"endonym":"Vārāṇasī"}},{"type":"Feature","id":3109,"geometry":{"type":"Point","coordinates":[82.973914,25.317645]},"properties":{"name":"Varanasi","tier":1,"start_year":1769,"end_year":1806,"fid":3109,"endonym":"Vārāṇasī"}},{"type":"Feature","id":3110,"geometry":{"type":"Point","coordinates":[82.973914,25.317645]},"properties":{"name":"Varanasi","tier":2,"start_year":1806,"end_year":1900,"fid":3110,"endonym":"Vārāṇasī"}},{"type":"Feature","id":3111,"geometry":{"type":"Point","coordinates":[82.973914,25.317645]},"properties":{"name":"Varanasi","tier":3,"start_year":1900,"end_year":1976,"fid":3111,"endonym":"Vārāṇasī"}},{"type":"Feature","id":3112,"geometry":{"type":"Point","coordinates":[27.91667,43.21667]},"properties":{"name":"Varna","tier":3,"start_year":1656,"end_year":1901,"fid":3112,"endonym":"Варна"}},{"type":"Feature","id":3113,"geometry":{"type":"Point","coordinates":[25.65,43.083333]},"properties":{"name":"Veliko Tarnovo","tier":3,"start_year":1200,"end_year":1201,"fid":3113,"endonym":"Велико Търново"}},{"type":"Feature","id":3114,"geometry":{"type":"Point","coordinates":[25.65,43.083333]},"properties":{"name":"Veliko Tarnovo","tier":2,"start_year":1201,"end_year":1292,"fid":3114,"endonym":"Велико Търново"}},{"type":"Feature","id":3115,"geometry":{"type":"Point","coordinates":[25.65,43.083333]},"properties":{"name":"Veliko Tarnovo","tier":3,"start_year":1292,"end_year":1851,"fid":3115,"endonym":"Велико Търново"}},{"type":"Feature","id":3116,"geometry":{"type":"Point","coordinates":[79.13255,12.9184]},"properties":{"name":"Vellore","tier":2,"start_year":1638,"end_year":1734,"fid":3116,"endonym":"Vēlūr"}},{"type":"Feature","id":3117,"geometry":{"type":"Point","coordinates":[79.13255,12.9184]},"properties":{"name":"Vellore","tier":3,"start_year":1734,"end_year":1901,"fid":3117,"endonym":"Vēlūr"}},{"type":"Feature","id":3118,"geometry":{"type":"Point","coordinates":[12.315514,45.440847]},"properties":{"name":"Venice","tier":2,"start_year":906,"end_year":990,"fid":3118,"endonym":"Venezia"}},{"type":"Feature","id":3119,"geometry":{"type":"Point","coordinates":[12.315514,45.440847]},"properties":{"name":"Venice","tier":1,"start_year":990,"end_year":1000,"fid":3119,"endonym":"Venezia"}},{"type":"Feature","id":3120,"geometry":{"type":"Point","coordinates":[12.315514,45.440847]},"properties":{"name":"Venice","tier":2,"start_year":1000,"end_year":1001,"fid":3120,"endonym":"Venezia"}},{"type":"Feature","id":3121,"geometry":{"type":"Point","coordinates":[12.315514,45.440847]},"properties":{"name":"Venice","tier":1,"start_year":1001,"end_year":1034,"fid":3121,"endonym":"Venezia"}},{"type":"Feature","id":3122,"geometry":{"type":"Point","coordinates":[12.315514,45.440847]},"properties":{"name":"Venice","tier":2,"start_year":1034,"end_year":1251,"fid":3122,"endonym":"Venezia"}},{"type":"Feature","id":3123,"geometry":{"type":"Point","coordinates":[12.315514,45.440847]},"properties":{"name":"Venice","tier":1,"start_year":1251,"end_year":1350,"fid":3123,"endonym":"Venezia"}},{"type":"Feature","id":3124,"geometry":{"type":"Point","coordinates":[12.315514,45.440847]},"properties":{"name":"Venice","tier":2,"start_year":1350,"end_year":1353,"fid":3124,"endonym":"Venezia"}},{"type":"Feature","id":3125,"geometry":{"type":"Point","coordinates":[12.315514,45.440847]},"properties":{"name":"Venice","tier":1,"start_year":1353,"end_year":1783,"fid":3125,"endonym":"Venezia"}},{"type":"Feature","id":3126,"geometry":{"type":"Point","coordinates":[12.315514,45.440847]},"properties":{"name":"Venice","tier":2,"start_year":1783,"end_year":1878,"fid":3126,"endonym":"Venezia"}},{"type":"Feature","id":3127,"geometry":{"type":"Point","coordinates":[12.315514,45.440847]},"properties":{"name":"Venice","tier":3,"start_year":1878,"end_year":1951,"fid":3127,"endonym":"Venezia"}},{"type":"Feature","id":3128,"geometry":{"type":"Point","coordinates":[10.99779,45.43419]},"properties":{"name":"Verona","tier":2,"start_year":800,"end_year":1000,"fid":3128}},{"type":"Feature","id":3129,"geometry":{"type":"Point","coordinates":[10.99779,45.43419]},"properties":{"name":"Verona","tier":3,"start_year":1000,"end_year":1197,"fid":3129}},{"type":"Feature","id":3130,"geometry":{"type":"Point","coordinates":[10.99779,45.43419]},"properties":{"name":"Verona","tier":2,"start_year":1197,"end_year":1200,"fid":3130}},{"type":"Feature","id":3131,"geometry":{"type":"Point","coordinates":[10.99779,45.43419]},"properties":{"name":"Verona","tier":3,"start_year":1200,"end_year":1515,"fid":3131}},{"type":"Feature","id":3132,"geometry":{"type":"Point","coordinates":[10.99779,45.43419]},"properties":{"name":"Verona","tier":2,"start_year":1515,"end_year":1647,"fid":3132}},{"type":"Feature","id":3133,"geometry":{"type":"Point","coordinates":[10.99779,45.43419]},"properties":{"name":"Verona","tier":3,"start_year":1647,"end_year":1649,"fid":3133}},{"type":"Feature","id":3134,"geometry":{"type":"Point","coordinates":[10.99779,45.43419]},"properties":{"name":"Verona","tier":2,"start_year":1649,"end_year":1650,"fid":3134}},{"type":"Feature","id":3135,"geometry":{"type":"Point","coordinates":[10.99779,45.43419]},"properties":{"name":"Verona","tier":3,"start_year":1650,"end_year":1685,"fid":3135}},{"type":"Feature","id":3136,"geometry":{"type":"Point","coordinates":[10.99779,45.43419]},"properties":{"name":"Verona","tier":2,"start_year":1685,"end_year":1686,"fid":3136}},{"type":"Feature","id":3137,"geometry":{"type":"Point","coordinates":[10.99779,45.43419]},"properties":{"name":"Verona","tier":3,"start_year":1686,"end_year":1698,"fid":3137}},{"type":"Feature","id":3138,"geometry":{"type":"Point","coordinates":[10.99779,45.43419]},"properties":{"name":"Verona","tier":2,"start_year":1698,"end_year":1699,"fid":3138}},{"type":"Feature","id":3139,"geometry":{"type":"Point","coordinates":[10.99779,45.43419]},"properties":{"name":"Verona","tier":3,"start_year":1699,"end_year":1901,"fid":3139}},{"type":"Feature","id":3140,"geometry":{"type":"Point","coordinates":[2.13333,48.8]},"properties":{"name":"Versailles","tier":3,"start_year":1700,"end_year":1852,"fid":3140}},{"type":"Feature","id":3141,"geometry":{"type":"Point","coordinates":[5.86241,50.58907]},"properties":{"name":"Verviers","tier":3,"start_year":1900,"end_year":1901,"fid":3141}},{"type":"Feature","id":3142,"geometry":{"type":"Point","coordinates":[9.40201,56.45319]},"properties":{"name":"Viborg","tier":3,"start_year":1900,"end_year":1901,"fid":3142}},{"type":"Feature","id":3143,"geometry":{"type":"Point","coordinates":[11.535422,45.545478]},"properties":{"name":"Vicenza","tier":3,"start_year":1539,"end_year":1902,"fid":3143}},{"type":"Feature","id":3144,"geometry":{"type":"Point","coordinates":[22.8725,43.99]},"properties":{"name":"Vidin","tier":3,"start_year":1530,"end_year":1853,"fid":3144,"endonym":"بدين"}},{"type":"Feature","id":3145,"geometry":{"type":"Point","coordinates":[16.37208,48.20849]},"properties":{"name":"Vienna","tier":3,"start_year":1200,"end_year":1629,"fid":3145,"endonym":"Wien"}},{"type":"Feature","id":3146,"geometry":{"type":"Point","coordinates":[16.37208,48.20849]},"properties":{"name":"Vienna","tier":2,"start_year":1629,"end_year":1725,"fid":3146,"endonym":"Wien"}},{"type":"Feature","id":3147,"geometry":{"type":"Point","coordinates":[16.37208,48.20849]},"properties":{"name":"Vienna","tier":1,"start_year":1725,"end_year":1728,"fid":3147,"endonym":"Wien"}},{"type":"Feature","id":3148,"geometry":{"type":"Point","coordinates":[16.37208,48.20849]},"properties":{"name":"Vienna","tier":2,"start_year":1728,"end_year":1731,"fid":3148,"endonym":"Wien"}},{"type":"Feature","id":3149,"geometry":{"type":"Point","coordinates":[16.37208,48.20849]},"properties":{"name":"Vienna","tier":1,"start_year":1731,"end_year":1953,"fid":3149,"endonym":"Wien"}},{"type":"Feature","id":3150,"geometry":{"type":"Point","coordinates":[16.37208,48.20849]},"properties":{"name":"Vienna","tier":2,"start_year":1953,"end_year":2000,"fid":3150,"endonym":"Wien"}},{"type":"Feature","id":3151,"geometry":{"type":"Point","coordinates":[16.37208,48.20849]},"properties":{"name":"Vienna","tier":3,"start_year":2000,"end_year":2025,"fid":3151,"endonym":"Wien"}},{"type":"Feature","id":3152,"geometry":{"type":"Point","coordinates":[4.86667,45.51667]},"properties":{"name":"Vienne","tier":2,"start_year":361,"end_year":362,"fid":3152,"endonym":"Vienna"}},{"type":"Feature","id":3153,"geometry":{"type":"Point","coordinates":[76.462,15.335]},"properties":{"name":"Vijayanagar","tier":3,"start_year":1300,"end_year":1302,"fid":3153,"endonym":"Vijayanagara"}},{"type":"Feature","id":3154,"geometry":{"type":"Point","coordinates":[76.462,15.335]},"properties":{"name":"Vijayanagar","tier":2,"start_year":1302,"end_year":1340,"fid":3154,"endonym":"Vijayanagara"}},{"type":"Feature","id":3155,"geometry":{"type":"Point","coordinates":[76.462,15.335]},"properties":{"name":"Vijayanagar","tier":1,"start_year":1340,"end_year":1566,"fid":3155,"endonym":"Vijayanagara"}},{"type":"Feature","id":3156,"geometry":{"type":"Point","coordinates":[80.648015,16.506174]},"properties":{"name":"Vijayawada","tier":2,"start_year":622,"end_year":1100,"fid":3156,"endonym":"Vijayavāḍa"}},{"type":"Feature","id":3157,"geometry":{"type":"Point","coordinates":[80.648015,16.506174]},"properties":{"name":"Vijayawada","tier":3,"start_year":1100,"end_year":1882,"fid":3157,"endonym":"Vijayavāḍa"}},{"type":"Feature","id":3158,"geometry":{"type":"Point","coordinates":[25.283333,54.683333]},"properties":{"name":"Vilnius","tier":3,"start_year":1350,"end_year":1951,"fid":3158}},{"type":"Feature","id":3159,"geometry":{"type":"Point","coordinates":[83.218482,17.686816]},"properties":{"name":"Visakhapatnam","tier":3,"start_year":1900,"end_year":1925,"fid":3159,"endonym":"Viśākhāpaṭnam"}},{"type":"Feature","id":3160,"geometry":{"type":"Point","coordinates":[83.218482,17.686816]},"properties":{"name":"Visakhapatnam","tier":2,"start_year":1925,"end_year":1970,"fid":3160,"endonym":"Viśākhāpaṭnam"}},{"type":"Feature","id":3161,"geometry":{"type":"Point","coordinates":[83.218482,17.686816]},"properties":{"name":"Visakhapatnam","tier":3,"start_year":1970,"end_year":2025,"fid":3161,"endonym":"Viśākhāpaṭnam"}},{"type":"Feature","id":3162,"geometry":{"type":"Point","coordinates":[18.29602,57.64089]},"properties":{"name":"Visby","tier":3,"start_year":1300,"end_year":1846,"fid":3162}},{"type":"Feature","id":3163,"geometry":{"type":"Point","coordinates":[30.2049,55.1904]},"properties":{"name":"Vitebsk","tier":3,"start_year":1900,"end_year":1901,"fid":3163,"endonym":"Витебск"}},{"type":"Feature","id":3164,"geometry":{"type":"Point","coordinates":[83.395302,18.107187]},"properties":{"name":"Vizianagaram","tier":3,"start_year":1900,"end_year":1901,"fid":3164,"endonym":"Vijayanagaraṃ"}},{"type":"Feature","id":3165,"geometry":{"type":"Point","coordinates":[44.649944,43.083295]},"properties":{"name":"Vladikavkatz","tier":3,"start_year":1900,"end_year":1901,"fid":3165,"endonym":"Владикавказ"}},{"type":"Feature","id":3166,"geometry":{"type":"Point","coordinates":[40.39658,56.13655]},"properties":{"name":"Vladimir","tier":3,"start_year":1175,"end_year":1901,"fid":3166,"endonym":"Владимир"}},{"type":"Feature","id":3167,"geometry":{"type":"Point","coordinates":[131.87353,43.10562]},"properties":{"name":"Vladivostok","tier":3,"start_year":1900,"end_year":1976,"fid":3167,"endonym":"Владивосток"}},{"type":"Feature","id":3168,"geometry":{"type":"Point","coordinates":[44.50184,48.71939]},"properties":{"name":"Volgograd","tier":3,"start_year":1900,"end_year":1976,"fid":3168,"endonym":"Волгоград"}},{"type":"Feature","id":3169,"geometry":{"type":"Point","coordinates":[39.1843,51.67204]},"properties":{"name":"Voronezh","tier":3,"start_year":1742,"end_year":1976,"fid":3169,"endonym":"Воронеж"}},{"type":"Feature","id":3170,"geometry":{"type":"Point","coordinates":[135.167508,34.225986]},"properties":{"name":"Wakayama","tier":2,"start_year":1750,"end_year":1760,"fid":3170,"endonym":"和歌山"}},{"type":"Feature","id":3171,"geometry":{"type":"Point","coordinates":[135.167508,34.225986]},"properties":{"name":"Wakayama","tier":3,"start_year":1760,"end_year":1901,"fid":3171,"endonym":"和歌山"}},{"type":"Feature","id":3172,"geometry":{"type":"Point","coordinates":[-1.492,53.6801]},"properties":{"name":"Wakefield","tier":3,"start_year":1900,"end_year":1901,"fid":3172}},{"type":"Feature","id":3173,"geometry":{"type":"Point","coordinates":[108.467,30.9]},"properties":{"name":"Wanxian","tier":3,"start_year":1769,"end_year":1949,"fid":3173,"endonym":"萬縣"}},{"type":"Feature","id":3174,"geometry":{"type":"Point","coordinates":[79.58333,17.968901]},"properties":{"name":"Warangal","tier":2,"start_year":1300,"end_year":1388,"fid":3174,"endonym":"Varaṅgal"}},{"type":"Feature","id":3175,"geometry":{"type":"Point","coordinates":[79.58333,17.968901]},"properties":{"name":"Warangal","tier":3,"start_year":1388,"end_year":1423,"fid":3175,"endonym":"Varaṅgal"}},{"type":"Feature","id":3176,"geometry":{"type":"Point","coordinates":[-2.58024,53.39254]},"properties":{"name":"Warrington","tier":3,"start_year":1900,"end_year":1901,"fid":3176}},{"type":"Feature","id":3177,"geometry":{"type":"Point","coordinates":[21.01178,52.22977]},"properties":{"name":"Warsaw","tier":3,"start_year":1550,"end_year":1771,"fid":3177,"endonym":"Warszawa"}},{"type":"Feature","id":3178,"geometry":{"type":"Point","coordinates":[21.01178,52.22977]},"properties":{"name":"Warsaw","tier":2,"start_year":1771,"end_year":1882,"fid":3178,"endonym":"Warszawa"}},{"type":"Feature","id":3179,"geometry":{"type":"Point","coordinates":[21.01178,52.22977]},"properties":{"name":"Warsaw","tier":1,"start_year":1882,"end_year":1925,"fid":3179,"endonym":"Warszawa"}},{"type":"Feature","id":3180,"geometry":{"type":"Point","coordinates":[21.01178,52.22977]},"properties":{"name":"Warsaw","tier":2,"start_year":1925,"end_year":2025,"fid":3180,"endonym":"Warszawa"}},{"type":"Feature","id":3181,"geometry":{"type":"Point","coordinates":[-77.0234,38.914144]},"properties":{"name":"Washington D.C.","tier":3,"start_year":1800,"end_year":1868,"fid":3181}},{"type":"Feature","id":3182,"geometry":{"type":"Point","coordinates":[-77.0234,38.914144]},"properties":{"name":"Washington D.C.","tier":2,"start_year":1868,"end_year":1976,"fid":3182}},{"type":"Feature","id":3183,"geometry":{"type":"Point","coordinates":[-73.0515,41.55815]},"properties":{"name":"Waterbury","tier":3,"start_year":1900,"end_year":1901,"fid":3183}},{"type":"Feature","id":3184,"geometry":{"type":"Point","coordinates":[-7.11194,52.25833]},"properties":{"name":"Waterford","tier":3,"start_year":1800,"end_year":1801,"fid":3184,"endonym":"Port Láirge"}},{"type":"Feature","id":3185,"geometry":{"type":"Point","coordinates":[122.116667,37.516667]},"properties":{"name":"Weihai","tier":3,"start_year":1900,"end_year":1901,"fid":3185,"endonym":"威海"}},{"type":"Feature","id":3186,"geometry":{"type":"Point","coordinates":[8.243344,50.06308]},"properties":{"name":"Weisbaden","tier":3,"start_year":1900,"end_year":1976,"fid":3186,"endonym":"Wiesbaden"}},{"type":"Feature","id":3187,"geometry":{"type":"Point","coordinates":[174.776253,-41.286452]},"properties":{"name":"Wellington","tier":3,"start_year":1900,"end_year":1951,"fid":3187}},{"type":"Feature","id":3188,"geometry":{"type":"Point","coordinates":[120.66682,27.99942]},"properties":{"name":"Wenzhou","tier":3,"start_year":1385,"end_year":1926,"fid":3188,"endonym":"溫州"}},{"type":"Feature","id":3189,"geometry":{"type":"Point","coordinates":[-80.720915,40.063962]},"properties":{"name":"Wheeling","tier":3,"start_year":1900,"end_year":1901,"fid":3189}},{"type":"Feature","id":3190,"geometry":{"type":"Point","coordinates":[16.25,47.8]},"properties":{"name":"Wiener Neustadt","tier":3,"start_year":1192,"end_year":1852,"fid":3190}},{"type":"Feature","id":3191,"geometry":{"type":"Point","coordinates":[-2.61667,53.53333]},"properties":{"name":"Wigan","tier":3,"start_year":1900,"end_year":1901,"fid":3191}},{"type":"Feature","id":3192,"geometry":{"type":"Point","coordinates":[-75.88131,41.245915]},"properties":{"name":"Wilkes-Barre","tier":3,"start_year":1900,"end_year":1901,"fid":3192}},{"type":"Feature","id":3193,"geometry":{"type":"Point","coordinates":[-97.14704,49.8844]},"properties":{"name":"Winnipeg","tier":3,"start_year":1900,"end_year":1976,"fid":3193}},{"type":"Feature","id":3194,"geometry":{"type":"Point","coordinates":[-2.12296,52.58547]},"properties":{"name":"Wolverhampton","tier":3,"start_year":1801,"end_year":1845,"fid":3194}},{"type":"Feature","id":3195,"geometry":{"type":"Point","coordinates":[-2.12296,52.58547]},"properties":{"name":"Wolverhampton","tier":2,"start_year":1845,"end_year":1852,"fid":3195}},{"type":"Feature","id":3196,"geometry":{"type":"Point","coordinates":[-2.22001,52.18935]},"properties":{"name":"Worcester","tier":3,"start_year":1900,"end_year":1901,"fid":3196}},{"type":"Feature","id":3197,"geometry":{"type":"Point","coordinates":[-71.8,42.266667]},"properties":{"name":"Worcester","tier":3,"start_year":1900,"end_year":1951,"fid":3197}},{"type":"Feature","id":3198,"geometry":{"type":"Point","coordinates":[8.35916,49.63278]},"properties":{"name":"Worms","tier":3,"start_year":1200,"end_year":1901,"fid":3198}},{"type":"Feature","id":3199,"geometry":{"type":"Point","coordinates":[17.033333,51.116667]},"properties":{"name":"Wroclaw","tier":3,"start_year":1242,"end_year":1762,"fid":3199,"endonym":"Breslau"}},{"type":"Feature","id":3200,"geometry":{"type":"Point","coordinates":[17.033333,51.116667]},"properties":{"name":"Wroclaw","tier":2,"start_year":1762,"end_year":1763,"fid":3200,"endonym":"Breslau"}},{"type":"Feature","id":3201,"geometry":{"type":"Point","coordinates":[17.033333,51.116667]},"properties":{"name":"Wroclaw","tier":3,"start_year":1763,"end_year":1787,"fid":3201,"endonym":"Breslau"}},{"type":"Feature","id":3202,"geometry":{"type":"Point","coordinates":[17.033333,51.116667]},"properties":{"name":"Wroclaw","tier":2,"start_year":1787,"end_year":1933,"fid":3202,"endonym":"Breslau"}},{"type":"Feature","id":3203,"geometry":{"type":"Point","coordinates":[17.033333,51.116667]},"properties":{"name":"Wroclaw","tier":3,"start_year":1933,"end_year":1976,"fid":3203,"endonym":"Breslau"}},{"type":"Feature","id":3204,"geometry":{"type":"Point","coordinates":[114.26667,30.58333]},"properties":{"name":"Wuhan","tier":1,"start_year":750,"end_year":782,"fid":3204,"endonym":"武漢"}},{"type":"Feature","id":3205,"geometry":{"type":"Point","coordinates":[114.26667,30.58333]},"properties":{"name":"Wuhan","tier":2,"start_year":782,"end_year":1316,"fid":3205,"endonym":"武漢"}},{"type":"Feature","id":3206,"geometry":{"type":"Point","coordinates":[114.26667,30.58333]},"properties":{"name":"Wuhan","tier":1,"start_year":1316,"end_year":1407,"fid":3206,"endonym":"武漢"}},{"type":"Feature","id":3207,"geometry":{"type":"Point","coordinates":[114.26667,30.58333]},"properties":{"name":"Wuhan","tier":2,"start_year":1407,"end_year":1765,"fid":3207,"endonym":"武漢"}},{"type":"Feature","id":3208,"geometry":{"type":"Point","coordinates":[114.26667,30.58333]},"properties":{"name":"Wuhan","tier":1,"start_year":1765,"end_year":1769,"fid":3208,"endonym":"武漢"}},{"type":"Feature","id":3209,"geometry":{"type":"Point","coordinates":[114.26667,30.58333]},"properties":{"name":"Wuhan","tier":2,"start_year":1769,"end_year":1770,"fid":3209,"endonym":"武漢"}},{"type":"Feature","id":3210,"geometry":{"type":"Point","coordinates":[114.26667,30.58333]},"properties":{"name":"Wuhan","tier":1,"start_year":1770,"end_year":1773,"fid":3210,"endonym":"武漢"}},{"type":"Feature","id":3211,"geometry":{"type":"Point","coordinates":[114.26667,30.58333]},"properties":{"name":"Wuhan","tier":2,"start_year":1773,"end_year":1775,"fid":3211,"endonym":"武漢"}},{"type":"Feature","id":3212,"geometry":{"type":"Point","coordinates":[114.26667,30.58333]},"properties":{"name":"Wuhan","tier":1,"start_year":1775,"end_year":1776,"fid":3212,"endonym":"武漢"}},{"type":"Feature","id":3213,"geometry":{"type":"Point","coordinates":[114.26667,30.58333]},"properties":{"name":"Wuhan","tier":2,"start_year":1776,"end_year":2025,"fid":3213,"endonym":"武漢"}},{"type":"Feature","id":3214,"geometry":{"type":"Point","coordinates":[118.37351,31.33728]},"properties":{"name":"Wuhu","tier":3,"start_year":1800,"end_year":1951,"fid":3214,"endonym":"蕪湖"}},{"type":"Feature","id":3215,"geometry":{"type":"Point","coordinates":[7.18026,51.268752]},"properties":{"name":"Wuppertal","tier":3,"start_year":1818,"end_year":1857,"fid":3215}},{"type":"Feature","id":3216,"geometry":{"type":"Point","coordinates":[7.18026,51.268752]},"properties":{"name":"Wuppertal","tier":2,"start_year":1857,"end_year":1920,"fid":3216}},{"type":"Feature","id":3217,"geometry":{"type":"Point","coordinates":[7.18026,51.268752]},"properties":{"name":"Wuppertal","tier":3,"start_year":1920,"end_year":1976,"fid":3217}},{"type":"Feature","id":3218,"geometry":{"type":"Point","coordinates":[9.953694,49.791558]},"properties":{"name":"Wurzburg","tier":3,"start_year":1792,"end_year":1901,"fid":3218,"endonym":"Würzburg"}},{"type":"Feature","id":3219,"geometry":{"type":"Point","coordinates":[120.31191,31.49117]},"properties":{"name":"Wuxi","tier":1,"start_year":600,"end_year":1827,"fid":3219,"endonym":"無錫"}},{"type":"Feature","id":3220,"geometry":{"type":"Point","coordinates":[120.31191,31.49117]},"properties":{"name":"Wuxi","tier":2,"start_year":1827,"end_year":1894,"fid":3220,"endonym":"無錫"}},{"type":"Feature","id":3221,"geometry":{"type":"Point","coordinates":[120.31191,31.49117]},"properties":{"name":"Wuxi","tier":3,"start_year":1894,"end_year":2025,"fid":3221,"endonym":"無錫"}},{"type":"Feature","id":3222,"geometry":{"type":"Point","coordinates":[111.279115,23.476963]},"properties":{"name":"Wuzhou","tier":3,"start_year":1725,"end_year":1902,"fid":3222,"endonym":"梧州"}},{"type":"Feature","id":3223,"geometry":{"type":"Point","coordinates":[118.08187,24.47979]},"properties":{"name":"Xiamen","tier":3,"start_year":1600,"end_year":1601,"fid":3223,"endonym":"廈門"}},{"type":"Feature","id":3224,"geometry":{"type":"Point","coordinates":[118.08187,24.47979]},"properties":{"name":"Xiamen","tier":2,"start_year":1601,"end_year":1813,"fid":3224,"endonym":"廈門"}},{"type":"Feature","id":3225,"geometry":{"type":"Point","coordinates":[118.08187,24.47979]},"properties":{"name":"Xiamen","tier":3,"start_year":1813,"end_year":1814,"fid":3225,"endonym":"廈門"}},{"type":"Feature","id":3226,"geometry":{"type":"Point","coordinates":[118.08187,24.47979]},"properties":{"name":"Xiamen","tier":2,"start_year":1814,"end_year":1815,"fid":3226,"endonym":"廈門"}},{"type":"Feature","id":3227,"geometry":{"type":"Point","coordinates":[118.08187,24.47979]},"properties":{"name":"Xiamen","tier":3,"start_year":1815,"end_year":1901,"fid":3227,"endonym":"廈門"}},{"type":"Feature","id":3492,"geometry":{"type":"Point","coordinates":[108.940404,34.341485]},"properties":{"name":"Chang'an","tier":1,"start_year":-200,"end_year":200,"fid":3492,"endonym":"長安"}},{"type":"Feature","id":3493,"geometry":{"type":"Point","coordinates":[108.940404,34.341485]},"properties":{"name":"Chang'an","tier":2,"start_year":200,"end_year":260,"fid":3493,"endonym":"長安"}},{"type":"Feature","id":3494,"geometry":{"type":"Point","coordinates":[108.940404,34.341485]},"properties":{"name":"Chang'an","tier":1,"start_year":260,"end_year":300,"fid":3494,"endonym":"長安"}},{"type":"Feature","id":3495,"geometry":{"type":"Point","coordinates":[108.940404,34.341485]},"properties":{"name":"Chang'an","tier":2,"start_year":300,"end_year":361,"fid":3495,"endonym":"長安"}},{"type":"Feature","id":3496,"geometry":{"type":"Point","coordinates":[108.940404,34.341485]},"properties":{"name":"Chang'an","tier":1,"start_year":361,"end_year":904,"fid":3496,"endonym":"長安"}},{"type":"Feature","id":3497,"geometry":{"type":"Point","coordinates":[108.940404,34.341485]},"properties":{"name":"Xi'an","tier":1,"start_year":904,"end_year":1067,"fid":3497,"endonym":"西安"}},{"type":"Feature","id":3498,"geometry":{"type":"Point","coordinates":[108.940404,34.341485]},"properties":{"name":"Xi'an","tier":2,"start_year":1067,"end_year":1236,"fid":3498,"endonym":"西安"}},{"type":"Feature","id":3499,"geometry":{"type":"Point","coordinates":[108.940404,34.341485]},"properties":{"name":"Xi'an","tier":1,"start_year":1236,"end_year":1854,"fid":3499,"endonym":"西安"}},{"type":"Feature","id":3500,"geometry":{"type":"Point","coordinates":[108.940404,34.341485]},"properties":{"name":"Xi'an","tier":2,"start_year":1854,"end_year":1905,"fid":3500,"endonym":"西安"}},{"type":"Feature","id":3501,"geometry":{"type":"Point","coordinates":[108.940404,34.341485]},"properties":{"name":"Xi'an","tier":3,"start_year":1905,"end_year":1970,"fid":3501,"endonym":"西安"}},{"type":"Feature","id":3502,"geometry":{"type":"Point","coordinates":[108.940404,34.341485]},"properties":{"name":"Xi'an","tier":2,"start_year":1970,"end_year":2025,"fid":3502,"endonym":"西安"}},{"type":"Feature","id":3238,"geometry":{"type":"Point","coordinates":[112.9,27.85]},"properties":{"name":"Xiangtan","tier":3,"start_year":1370,"end_year":1944,"fid":3238,"endonym":"湘潭"}},{"type":"Feature","id":3239,"geometry":{"type":"Point","coordinates":[112.133,32.017]},"properties":{"name":"Xiangyang","tier":2,"start_year":1077,"end_year":1813,"fid":3239,"endonym":"襄陽"}},{"type":"Feature","id":3240,"geometry":{"type":"Point","coordinates":[112.133,32.017]},"properties":{"name":"Xiangyang","tier":3,"start_year":1813,"end_year":1931,"fid":3240,"endonym":"襄陽"}},{"type":"Feature","id":3241,"geometry":{"type":"Point","coordinates":[114.494,37.0631]},"properties":{"name":"Xingtai","tier":3,"start_year":1900,"end_year":1948,"fid":3241,"endonym":"邢臺"}},{"type":"Feature","id":3242,"geometry":{"type":"Point","coordinates":[114.494,37.0631]},"properties":{"name":"Xingtai","tier":2,"start_year":1948,"end_year":1950,"fid":3242,"endonym":"邢臺"}},{"type":"Feature","id":3243,"geometry":{"type":"Point","coordinates":[114.494,37.0631]},"properties":{"name":"Xingtai","tier":3,"start_year":1950,"end_year":2025,"fid":3243,"endonym":"邢臺"}},{"type":"Feature","id":3244,"geometry":{"type":"Point","coordinates":[101.76667,36.61667]},"properties":{"name":"Xining","tier":3,"start_year":1900,"end_year":1976,"fid":3244,"endonym":"西寧"}},{"type":"Feature","id":3245,"geometry":{"type":"Point","coordinates":[117.21,34.26]},"properties":{"name":"Xuzhou","tier":3,"start_year":1350,"end_year":1353,"fid":3245,"endonym":"徐州"}},{"type":"Feature","id":3246,"geometry":{"type":"Point","coordinates":[117.21,34.26]},"properties":{"name":"Xuzhou","tier":2,"start_year":1353,"end_year":1830,"fid":3246,"endonym":"徐州"}},{"type":"Feature","id":3247,"geometry":{"type":"Point","coordinates":[117.21,34.26]},"properties":{"name":"Xuzhou","tier":3,"start_year":1830,"end_year":1976,"fid":3247,"endonym":"徐州"}},{"type":"Feature","id":3248,"geometry":{"type":"Point","coordinates":[54.360681,31.896611]},"properties":{"name":"Yadz","tier":3,"start_year":1300,"end_year":1302,"fid":3248,"endonym":"یزد"}},{"type":"Feature","id":3249,"geometry":{"type":"Point","coordinates":[54.360681,31.896611]},"properties":{"name":"Yadz","tier":2,"start_year":1302,"end_year":1320,"fid":3249,"endonym":"یزد"}},{"type":"Feature","id":3250,"geometry":{"type":"Point","coordinates":[54.360681,31.896611]},"properties":{"name":"Yadz","tier":3,"start_year":1320,"end_year":1942,"fid":3250,"endonym":"یزد"}},{"type":"Feature","id":3251,"geometry":{"type":"Point","coordinates":[140.341385,38.243127]},"properties":{"name":"Yamagata","tier":3,"start_year":1900,"end_year":1901,"fid":3251,"endonym":"山形"}},{"type":"Feature","id":3252,"geometry":{"type":"Point","coordinates":[131.47065,34.185956]},"properties":{"name":"Yamaguchi","tier":3,"start_year":1400,"end_year":1518,"fid":3252,"endonym":"山口"}},{"type":"Feature","id":3253,"geometry":{"type":"Point","coordinates":[131.47065,34.185956]},"properties":{"name":"Yamaguchi","tier":2,"start_year":1518,"end_year":1715,"fid":3253,"endonym":"山口"}},{"type":"Feature","id":3254,"geometry":{"type":"Point","coordinates":[131.47065,34.185956]},"properties":{"name":"Yamaguchi","tier":3,"start_year":1715,"end_year":1874,"fid":3254,"endonym":"山口"}},{"type":"Feature","id":3255,"geometry":{"type":"Point","coordinates":[96.15611,16.80528]},"properties":{"name":"Yangon","tier":3,"start_year":1800,"end_year":1821,"fid":3255,"endonym":"Ran Kun"}},{"type":"Feature","id":3256,"geometry":{"type":"Point","coordinates":[96.15611,16.80528]},"properties":{"name":"Yangon","tier":2,"start_year":1821,"end_year":1900,"fid":3256,"endonym":"Ran Kun"}},{"type":"Feature","id":3257,"geometry":{"type":"Point","coordinates":[96.15611,16.80528]},"properties":{"name":"Yangon","tier":3,"start_year":1900,"end_year":1953,"fid":3257,"endonym":"Ran Kun"}},{"type":"Feature","id":3258,"geometry":{"type":"Point","coordinates":[96.15611,16.80528]},"properties":{"name":"Yangon","tier":2,"start_year":1953,"end_year":2025,"fid":3258,"endonym":"Ran Kun"}},{"type":"Feature","id":3259,"geometry":{"type":"Point","coordinates":[119.416667,32.4]},"properties":{"name":"Yangzhou","tier":2,"start_year":800,"end_year":1666,"fid":3259,"endonym":"揚州"}},{"type":"Feature","id":3260,"geometry":{"type":"Point","coordinates":[119.416667,32.4]},"properties":{"name":"Yangzhou","tier":3,"start_year":1666,"end_year":1734,"fid":3260,"endonym":"揚州"}},{"type":"Feature","id":3261,"geometry":{"type":"Point","coordinates":[119.416667,32.4]},"properties":{"name":"Yangzhou","tier":2,"start_year":1734,"end_year":1805,"fid":3261,"endonym":"揚州"}},{"type":"Feature","id":3262,"geometry":{"type":"Point","coordinates":[119.416667,32.4]},"properties":{"name":"Yangzhou","tier":3,"start_year":1805,"end_year":1937,"fid":3262,"endonym":"揚州"}},{"type":"Feature","id":3263,"geometry":{"type":"Point","coordinates":[77.246006,38.414289]},"properties":{"name":"Yarkand","tier":3,"start_year":1821,"end_year":1901,"fid":3263,"endonym":"يەركەند"}},{"type":"Feature","id":3264,"geometry":{"type":"Point","coordinates":[39.884464,57.626072]},"properties":{"name":"Yaroslavl","tier":3,"start_year":1783,"end_year":1976,"fid":3264,"endonym":"Ярославль"}},{"type":"Feature","id":3265,"geometry":{"type":"Point","coordinates":[60.6,56.833333]},"properties":{"name":"Yekaterinburg","tier":3,"start_year":1900,"end_year":2025,"fid":3265,"endonym":"Екатеринбург"}},{"type":"Feature","id":3266,"geometry":{"type":"Point","coordinates":[38.466667,52.616667]},"properties":{"name":"Yelets","tier":3,"start_year":1900,"end_year":1901,"fid":3266,"endonym":"Елец"}},{"type":"Feature","id":3267,"geometry":{"type":"Point","coordinates":[44.516667,40.183333]},"properties":{"name":"Yerevan","tier":3,"start_year":1950,"end_year":2025,"fid":3267}},{"type":"Feature","id":3268,"geometry":{"type":"Point","coordinates":[111.283333,30.716667]},"properties":{"name":"Yichang","tier":3,"start_year":1900,"end_year":1901,"fid":3268,"endonym":"宜昌"}},{"type":"Feature","id":3269,"geometry":{"type":"Point","coordinates":[106.2667,38.4667]},"properties":{"name":"Yinchuan","tier":2,"start_year":1000,"end_year":1400,"fid":3269,"endonym":"興慶府"}},{"type":"Feature","id":3270,"geometry":{"type":"Point","coordinates":[106.2667,38.4667]},"properties":{"name":"Yinchuan","tier":3,"start_year":1400,"end_year":1576,"fid":3270,"endonym":"興慶府"}},{"type":"Feature","id":3271,"geometry":{"type":"Point","coordinates":[106.2667,38.4667]},"properties":{"name":"Yinchuan","tier":2,"start_year":1576,"end_year":1798,"fid":3271,"endonym":"興慶府"}},{"type":"Feature","id":3272,"geometry":{"type":"Point","coordinates":[106.2667,38.4667]},"properties":{"name":"Yinchuan","tier":3,"start_year":1798,"end_year":1865,"fid":3272,"endonym":"興慶府"}},{"type":"Feature","id":3273,"geometry":{"type":"Point","coordinates":[81.316667,43.916667]},"properties":{"name":"Yining","tier":3,"start_year":1800,"end_year":1869,"fid":3273,"endonym":"寧遠"}},{"type":"Feature","id":3274,"geometry":{"type":"Point","coordinates":[110.368833,-7.797139]},"properties":{"name":"Yogyakarta","tier":3,"start_year":1800,"end_year":1951,"fid":3274,"endonym":"Ngayogyakarta"}},{"type":"Feature","id":3275,"geometry":{"type":"Point","coordinates":[139.638026,35.443708]},"properties":{"name":"Yokohama","tier":2,"start_year":1900,"end_year":2025,"fid":3275,"endonym":"横浜"}},{"type":"Feature","id":3276,"geometry":{"type":"Point","coordinates":[140.11667,37.91667]},"properties":{"name":"Yonezawa","tier":3,"start_year":1900,"end_year":1901,"fid":3276,"endonym":"米沢"}},{"type":"Feature","id":3277,"geometry":{"type":"Point","coordinates":[-1.081884,53.962301]},"properties":{"name":"York","tier":3,"start_year":1900,"end_year":1901,"fid":3277}},{"type":"Feature","id":3278,"geometry":{"type":"Point","coordinates":[-80.65,41.1]},"properties":{"name":"Youngstown","tier":3,"start_year":1900,"end_year":1976,"fid":3278}},{"type":"Feature","id":3279,"geometry":{"type":"Point","coordinates":[2.883339,50.849997]},"properties":{"name":"Ypres","tier":3,"start_year":1300,"end_year":1851,"fid":3279,"endonym":"Ieper"}},{"type":"Feature","id":3280,"geometry":{"type":"Point","coordinates":[-102.58141,22.76843]},"properties":{"name":"Zacatecas","tier":3,"start_year":1548,"end_year":1901,"fid":3280}},{"type":"Feature","id":3281,"geometry":{"type":"Point","coordinates":[44.40341925,14.21175142]},"properties":{"name":"Zafar","tier":2,"start_year":-100,"end_year":-99,"fid":3281,"endonym":"ظفار"}},{"type":"Feature","id":3282,"geometry":{"type":"Point","coordinates":[31.502,30.58768]},"properties":{"name":"Zagazig","tier":3,"start_year":1900,"end_year":1901,"fid":3282,"endonym":"الزقازيق"}},{"type":"Feature","id":3283,"geometry":{"type":"Point","coordinates":[15.97798,45.81444]},"properties":{"name":"Zagreb","tier":3,"start_year":1900,"end_year":1976,"fid":3283}},{"type":"Feature","id":3284,"geometry":{"type":"Point","coordinates":[6.237594,12.184417]},"properties":{"name":"Zamfara","tier":3,"start_year":1730,"end_year":1751,"fid":3284}},{"type":"Feature","id":3285,"geometry":{"type":"Point","coordinates":[39.19793,-6.16394]},"properties":{"name":"Zanzibar","tier":3,"start_year":1850,"end_year":1901,"fid":3285,"endonym":"زنجبار"}},{"type":"Feature","id":3286,"geometry":{"type":"Point","coordinates":[35.139567,47.8388]},"properties":{"name":"Zaporizhia","tier":3,"start_year":1950,"end_year":1976,"fid":3286,"endonym":"Запоріжжя"}},{"type":"Feature","id":3287,"geometry":{"type":"Point","coordinates":[-0.889581,41.648792]},"properties":{"name":"Zaragoza","tier":3,"start_year":1118,"end_year":1976,"fid":3287}},{"type":"Feature","id":3288,"geometry":{"type":"Point","coordinates":[7.7227,11.11128]},"properties":{"name":"Zaria","tier":3,"start_year":1560,"end_year":1565,"fid":3288,"endonym":"Zazzau"}},{"type":"Feature","id":3289,"geometry":{"type":"Point","coordinates":[7.7227,11.11128]},"properties":{"name":"Zaria","tier":2,"start_year":1565,"end_year":1671,"fid":3289,"endonym":"Zazzau"}},{"type":"Feature","id":3290,"geometry":{"type":"Point","coordinates":[7.7227,11.11128]},"properties":{"name":"Zaria","tier":3,"start_year":1671,"end_year":1674,"fid":3290,"endonym":"Zazzau"}},{"type":"Feature","id":3291,"geometry":{"type":"Point","coordinates":[7.7227,11.11128]},"properties":{"name":"Zaria","tier":2,"start_year":1674,"end_year":1676,"fid":3291,"endonym":"Zazzau"}},{"type":"Feature","id":3292,"geometry":{"type":"Point","coordinates":[7.7227,11.11128]},"properties":{"name":"Zaria","tier":3,"start_year":1676,"end_year":1680,"fid":3292,"endonym":"Zazzau"}},{"type":"Feature","id":3293,"geometry":{"type":"Point","coordinates":[7.7227,11.11128]},"properties":{"name":"Zaria","tier":2,"start_year":1680,"end_year":1681,"fid":3293,"endonym":"Zazzau"}},{"type":"Feature","id":3294,"geometry":{"type":"Point","coordinates":[7.7227,11.11128]},"properties":{"name":"Zaria","tier":3,"start_year":1681,"end_year":1682,"fid":3294,"endonym":"Zazzau"}},{"type":"Feature","id":3295,"geometry":{"type":"Point","coordinates":[7.7227,11.11128]},"properties":{"name":"Zaria","tier":2,"start_year":1682,"end_year":1688,"fid":3295,"endonym":"Zazzau"}},{"type":"Feature","id":3296,"geometry":{"type":"Point","coordinates":[7.7227,11.11128]},"properties":{"name":"Zaria","tier":3,"start_year":1688,"end_year":1689,"fid":3296,"endonym":"Zazzau"}},{"type":"Feature","id":3297,"geometry":{"type":"Point","coordinates":[7.7227,11.11128]},"properties":{"name":"Zaria","tier":2,"start_year":1689,"end_year":1690,"fid":3297,"endonym":"Zazzau"}},{"type":"Feature","id":3298,"geometry":{"type":"Point","coordinates":[7.7227,11.11128]},"properties":{"name":"Zaria","tier":3,"start_year":1690,"end_year":1692,"fid":3298,"endonym":"Zazzau"}},{"type":"Feature","id":3299,"geometry":{"type":"Point","coordinates":[7.7227,11.11128]},"properties":{"name":"Zaria","tier":2,"start_year":1692,"end_year":1700,"fid":3299,"endonym":"Zazzau"}},{"type":"Feature","id":3300,"geometry":{"type":"Point","coordinates":[7.7227,11.11128]},"properties":{"name":"Zaria","tier":3,"start_year":1700,"end_year":1932,"fid":3300,"endonym":"Zazzau"}},{"type":"Feature","id":3301,"geometry":{"type":"Point","coordinates":[-96.402969,19.91608]},"properties":{"name":"Zempoala","tier":3,"start_year":1500,"end_year":1522,"fid":3301,"endonym":"Cempoala"}},{"type":"Feature","id":3302,"geometry":{"type":"Point","coordinates":[114.887543,40.824418]},"properties":{"name":"Zhangjiakou","tier":3,"start_year":1900,"end_year":1976,"fid":3302,"endonym":"張家口"}},{"type":"Feature","id":3303,"geometry":{"type":"Point","coordinates":[100.45,38.93333]},"properties":{"name":"Zhangye","tier":3,"start_year":1725,"end_year":1949,"fid":3303,"endonym":"張掖"}},{"type":"Feature","id":3304,"geometry":{"type":"Point","coordinates":[28.658667,50.25465]},"properties":{"name":"Zhitomir","tier":3,"start_year":1900,"end_year":1901,"fid":3304,"endonym":"Житомир"}},{"type":"Feature","id":3305,"geometry":{"type":"Point","coordinates":[113.392782,22.517646]},"properties":{"name":"Zhongshan","tier":3,"start_year":1900,"end_year":2025,"fid":3305,"endonym":"中山國"}},{"type":"Feature","id":3306,"geometry":{"type":"Point","coordinates":[118.06333,36.79056]},"properties":{"name":"Zibo","tier":3,"start_year":1975,"end_year":2000,"fid":3306,"endonym":"淄博"}},{"type":"Feature","id":3307,"geometry":{"type":"Point","coordinates":[118.06333,36.79056]},"properties":{"name":"Zibo","tier":2,"start_year":2000,"end_year":2025,"fid":3307,"endonym":"淄博"}},{"type":"Feature","id":3308,"geometry":{"type":"Point","coordinates":[104.77689,29.34162]},"properties":{"name":"Zigong","tier":3,"start_year":1975,"end_year":1976,"fid":3308,"endonym":"自贡"}},{"type":"Feature","id":3309,"geometry":{"type":"Point","coordinates":[30.933333,-20.266667]},"properties":{"name":"Zimbabwe","tier":3,"start_year":1300,"end_year":1451,"fid":3309}},{"type":"Feature","id":3310,"geometry":{"type":"Point","coordinates":[14.80764,50.89772]},"properties":{"name":"Zittau","tier":3,"start_year":1900,"end_year":1901,"fid":3310}},{"type":"Feature","id":3311,"geometry":{"type":"Point","coordinates":[106.9072222,27.6866667]},"properties":{"name":"Zunyi","tier":3,"start_year":1900,"end_year":1901,"fid":3311,"endonym":"遵义"}},{"type":"Feature","id":3312,"geometry":{"type":"Point","coordinates":[8.55,47.36667]},"properties":{"name":"Zurich","tier":3,"start_year":1900,"end_year":1976,"fid":3312,"endonym":"Zürich"}},{"type":"Feature","id":3313,"geometry":{"type":"Point","coordinates":[12.48839,50.72724]},"properties":{"name":"Zwickau","tier":3,"start_year":1900,"end_year":1901,"fid":3313}},{"type":"Feature","id":3314,"geometry":{"type":"Point","coordinates":[45.96842134,31.94700807]},"properties":{"name":"Adab","tier":1,"start_year":-2800,"end_year":-1799,"fid":3314,"endonym":"Adabki"}},{"type":"Feature","id":3315,"geometry":{"type":"Point","coordinates":[44.32045916,32.77156192]},"properties":{"name":"Akkad","tier":1,"start_year":-2200,"end_year":-2199,"fid":3315,"endonym":"Agade"}},{"type":"Feature","id":3316,"geometry":{"type":"Point","coordinates":[25.403611,36.351389]},"properties":{"name":"Akrotiri","tier":1,"start_year":-1500,"end_year":-1499,"fid":3316}},{"type":"Feature","id":3317,"geometry":{"type":"Point","coordinates":[44.24471719,33.94720142]},"properties":{"name":"Akshak","tier":1,"start_year":-2500,"end_year":-2399,"fid":3317}},{"type":"Feature","id":3318,"geometry":{"type":"Point","coordinates":[49.621944,25.429444]},"properties":{"name":"Al Ahsa","tier":2,"start_year":1000,"end_year":1001,"fid":3318,"endonym":"الأحساء"}},{"type":"Feature","id":3319,"geometry":{"type":"Point","coordinates":[52.40857658,30.01201958]},"properties":{"name":"Anshan","tier":1,"start_year":-3300,"end_year":-1799,"fid":3319,"endonym":"Anzan"}},{"type":"Feature","id":3320,"geometry":{"type":"Point","coordinates":[115.599,28.8389]},"properties":{"name":"Anyi","tier":1,"start_year":-500,"end_year":-299,"fid":3320,"endonym":"安邑"}},{"type":"Feature","id":3321,"geometry":{"type":"Point","coordinates":[43.2625,35.456667]},"properties":{"name":"Assur","tier":1,"start_year":-1900,"end_year":-999,"fid":3321,"endonym":"Aššur"}},{"type":"Feature","id":3322,"geometry":{"type":"Point","coordinates":[46.004444,31.766667]},"properties":{"name":"Badtibira","tier":1,"start_year":-1800,"end_year":-1799,"fid":3322,"endonym":"bad3-tibiraki"}},{"type":"Feature","id":3323,"geometry":{"type":"Point","coordinates":[112.783333,34.733333]},"properties":{"name":"Bo","tier":1,"start_year":-1600,"end_year":-1599,"fid":3323,"endonym":"亳"}},{"type":"Feature","id":3324,"geometry":{"type":"Point","coordinates":[-88.5707,20.6792]},"properties":{"name":"Caracol","tier":1,"start_year":-900,"end_year":1,"fid":3324,"endonym":"Uxwitza'"}},{"type":"Feature","id":3325,"geometry":{"type":"Point","coordinates":[-88.5707,20.6792]},"properties":{"name":"Caracol","tier":2,"start_year":1,"end_year":100,"fid":3325,"endonym":"Uxwitza'"}},{"type":"Feature","id":3326,"geometry":{"type":"Point","coordinates":[-88.5707,20.6792]},"properties":{"name":"Caracol","tier":1,"start_year":100,"end_year":800,"fid":3326,"endonym":"Uxwitza'"}},{"type":"Feature","id":3327,"geometry":{"type":"Point","coordinates":[-88.5707,20.6792]},"properties":{"name":"Caracol","tier":2,"start_year":800,"end_year":801,"fid":3327,"endonym":"Uxwitza'"}},{"type":"Feature","id":3328,"geometry":{"type":"Point","coordinates":[38.015,36.829722]},"properties":{"name":"Carchemish","tier":1,"start_year":-1700,"end_year":-1299,"fid":3328,"endonym":"Gargamiš"}},{"type":"Feature","id":3329,"geometry":{"type":"Point","coordinates":[70.216667,23.886111]},"properties":{"name":"Dholavira","tier":1,"start_year":-2300,"end_year":-1999,"fid":3329}},{"type":"Feature","id":3330,"geometry":{"type":"Point","coordinates":[50.49894117,26.12163972]},"properties":{"name":"Dilmun","tier":1,"start_year":-1900,"end_year":-1899,"fid":3330,"endonym":"dilmunki"}},{"type":"Feature","id":3331,"geometry":{"type":"Point","coordinates":[48.520833,32.008333]},"properties":{"name":"Dur-Untash","tier":1,"start_year":-1200,"end_year":-1199,"fid":3331,"endonym":"Dur-Untaš"}},{"type":"Feature","id":3332,"geometry":{"type":"Point","coordinates":[32.883333,24.083333]},"properties":{"name":"Elephantine","tier":1,"start_year":-1900,"end_year":-1699,"fid":3332,"endonym":"Ybu"}},{"type":"Feature","id":3333,"geometry":{"type":"Point","coordinates":[45.99607031,30.8158379]},"properties":{"name":"Eridu","tier":1,"start_year":-3400,"end_year":-2999,"fid":3333,"endonym":"NUN.KI"}},{"type":"Feature","id":3334,"geometry":{"type":"Point","coordinates":[112.697078,34.701758]},"properties":{"name":"Erlitou","tier":1,"start_year":-1700,"end_year":-1699,"fid":3334,"endonym":"二里頭"}},{"type":"Feature","id":3335,"geometry":{"type":"Point","coordinates":[44.728333,33.484167]},"properties":{"name":"Eshnunna","tier":1,"start_year":-1800,"end_year":-1799,"fid":3335,"endonym":"Eš3-nun-na"}},{"type":"Feature","id":3336,"geometry":{"type":"Point","coordinates":[46.1754283,31.56002579]},"properties":{"name":"Girsu","tier":1,"start_year":-2400,"end_year":-1999,"fid":3336,"endonym":"Ĝirsu"}},{"type":"Feature","id":3337,"geometry":{"type":"Point","coordinates":[72.86614561,30.62983646]},"properties":{"name":"Harappa","tier":1,"start_year":-2500,"end_year":-1999,"fid":3337}},{"type":"Feature","id":3338,"geometry":{"type":"Point","coordinates":[30.803889,27.781389]},"properties":{"name":"Hermopolis","tier":1,"start_year":-1300,"end_year":-1199,"fid":3338,"endonym":"ḫmnw"}},{"type":"Feature","id":3339,"geometry":{"type":"Point","coordinates":[45.2692575,31.88487801]},"properties":{"name":"Isin","tier":1,"start_year":-2000,"end_year":-1199,"fid":3339}},{"type":"Feature","id":3340,"geometry":{"type":"Point","coordinates":[68.775833,39.750833]},"properties":{"name":"Jarkutan","tier":1,"start_year":-1400,"end_year":-1299,"fid":3340}},{"type":"Feature","id":3341,"geometry":{"type":"Point","coordinates":[79.91808,27.05519]},"properties":{"name":"Kanauji, Kanauj","tier":1,"start_year":600,"end_year":800,"fid":3341,"endonym":"Kanauj"}},{"type":"Feature","id":3342,"geometry":{"type":"Point","coordinates":[79.91808,27.05519]},"properties":{"name":"Kanauji, Kanauj","tier":2,"start_year":800,"end_year":804,"fid":3342,"endonym":"Kanauj"}},{"type":"Feature","id":3343,"geometry":{"type":"Point","coordinates":[79.91808,27.05519]},"properties":{"name":"Kanauji, Kanauj","tier":1,"start_year":804,"end_year":900,"fid":3343,"endonym":"Kanauj"}},{"type":"Feature","id":3344,"geometry":{"type":"Point","coordinates":[79.91808,27.05519]},"properties":{"name":"Kanauji, Kanauj","tier":2,"start_year":900,"end_year":903,"fid":3344,"endonym":"Kanauj"}},{"type":"Feature","id":3345,"geometry":{"type":"Point","coordinates":[79.91808,27.05519]},"properties":{"name":"Kanauji, Kanauj","tier":1,"start_year":903,"end_year":1000,"fid":3345,"endonym":"Kanauj"}},{"type":"Feature","id":3346,"geometry":{"type":"Point","coordinates":[79.91808,27.05519]},"properties":{"name":"Kanauji, Kanauj","tier":2,"start_year":1000,"end_year":1001,"fid":3346,"endonym":"Kanauj"}},{"type":"Feature","id":3347,"geometry":{"type":"Point","coordinates":[33.633333,34.916667]},"properties":{"name":"Kition","tier":1,"start_year":-1400,"end_year":-1299,"fid":3347}},{"type":"Feature","id":3348,"geometry":{"type":"Point","coordinates":[46.40981591,31.41480316]},"properties":{"name":"Lagash","tier":1,"start_year":-2500,"end_year":-2399,"fid":3348,"endonym":"Lagaš"}},{"type":"Feature","id":3349,"geometry":{"type":"Point","coordinates":[45.66099799,32.31273751]},"properties":{"name":"Larak","tier":1,"start_year":-3400,"end_year":-2299,"fid":3349}},{"type":"Feature","id":3350,"geometry":{"type":"Point","coordinates":[45.85304653,31.28397535]},"properties":{"name":"Larsa","tier":1,"start_year":-2800,"end_year":-1799,"fid":3350,"endonym":"Larsamki"}},{"type":"Feature","id":3351,"geometry":{"type":"Point","coordinates":[118.3,36.8167]},"properties":{"name":"Linzi","tier":1,"start_year":-700,"end_year":1,"fid":3351,"endonym":"臨淄"}},{"type":"Feature","id":3352,"geometry":{"type":"Point","coordinates":[118.3,36.8167]},"properties":{"name":"Linzi","tier":2,"start_year":1,"end_year":100,"fid":3352,"endonym":"臨淄"}},{"type":"Feature","id":3353,"geometry":{"type":"Point","coordinates":[118.3,36.8167]},"properties":{"name":"Linzi","tier":1,"start_year":100,"end_year":201,"fid":3353,"endonym":"臨淄"}},{"type":"Feature","id":3354,"geometry":{"type":"Point","coordinates":[108.570328,34.335853]},"properties":{"name":"Maoling","tier":1,"start_year":-100,"end_year":2,"fid":3354,"endonym":"茂陵"}},{"type":"Feature","id":3355,"geometry":{"type":"Point","coordinates":[40.88925833,34.54962872]},"properties":{"name":"Mari","tier":1,"start_year":-2800,"end_year":-1799,"fid":3355,"endonym":"Mariki"}},{"type":"Feature","id":3356,"geometry":{"type":"Point","coordinates":[35.623889,36.957778]},"properties":{"name":"Mopsuetia","tier":2,"start_year":900,"end_year":901,"fid":3356,"endonym":"Μοψουεστία"}},{"type":"Feature","id":3357,"geometry":{"type":"Point","coordinates":[65.49785591,31.90671754]},"properties":{"name":"Mundigak","tier":1,"start_year":-2000,"end_year":-1799,"fid":3357}},{"type":"Feature","id":3358,"geometry":{"type":"Point","coordinates":[41.05865393,36.66739231]},"properties":{"name":"Nagar","tier":1,"start_year":-3000,"end_year":-1899,"fid":3358}},{"type":"Feature","id":3359,"geometry":{"type":"Point","coordinates":[59.556944,37.372778]},"properties":{"name":"Namazga-Tepe","tier":1,"start_year":-2400,"end_year":-1999,"fid":3359}},{"type":"Feature","id":3360,"geometry":{"type":"Point","coordinates":[21.7,36.916667]},"properties":{"name":"Navarino","tier":1,"start_year":-1200,"end_year":-1199,"fid":3360,"endonym":"Pylos"}},{"type":"Feature","id":3361,"geometry":{"type":"Point","coordinates":[29.916667,40.766667]},"properties":{"name":"Nicomedia","tier":1,"start_year":300,"end_year":301,"fid":3361,"endonym":"Νικομήδεια"}},{"type":"Feature","id":3362,"geometry":{"type":"Point","coordinates":[46.407222,31.411389]},"properties":{"name":"Nina","tier":1,"start_year":-2100,"end_year":-1899,"fid":3362}},{"type":"Feature","id":3363,"geometry":{"type":"Point","coordinates":[85.144,25.611]},"properties":{"name":"Pataliputra","tier":1,"start_year":-400,"end_year":1,"fid":3363,"endonym":"Pāṭaliputra"}},{"type":"Feature","id":3364,"geometry":{"type":"Point","coordinates":[85.144,25.611]},"properties":{"name":"Pataliputra","tier":2,"start_year":1,"end_year":200,"fid":3364,"endonym":"Pāṭaliputra"}},{"type":"Feature","id":3365,"geometry":{"type":"Point","coordinates":[85.144,25.611]},"properties":{"name":"Pataliputra","tier":1,"start_year":200,"end_year":201,"fid":3365,"endonym":"Pāṭaliputra"}},{"type":"Feature","id":3366,"geometry":{"type":"Point","coordinates":[31.835833,30.798889]},"properties":{"name":"Pi-Ramesses","tier":1,"start_year":-1200,"end_year":-1099,"fid":3366,"endonym":"Per-Ramesses"}},{"type":"Feature","id":3367,"geometry":{"type":"Point","coordinates":[36.865833,34.835]},"properties":{"name":"Qatna","tier":1,"start_year":-1800,"end_year":-1599,"fid":3367,"endonym":"Qatanum"}},{"type":"Feature","id":3368,"geometry":{"type":"Point","coordinates":[117.033333,35.6]},"properties":{"name":"Qufu","tier":1,"start_year":-500,"end_year":2,"fid":3368,"endonym":"曲阜"}},{"type":"Feature","id":3369,"geometry":{"type":"Point","coordinates":[85.42,25.03]},"properties":{"name":"Rajagriha","tier":1,"start_year":-500,"end_year":-499,"fid":3369,"endonym":"Rājagṛha"}},{"type":"Feature","id":3370,"geometry":{"type":"Point","coordinates":[76.113056,29.288611]},"properties":{"name":"Rakhigarhi","tier":1,"start_year":-2300,"end_year":-1999,"fid":3370}},{"type":"Feature","id":3371,"geometry":{"type":"Point","coordinates":[104.2,30.993]},"properties":{"name":"Sanxingdui","tier":1,"start_year":-1200,"end_year":-1199,"fid":3371,"endonym":"三星堆"}},{"type":"Feature","id":3372,"geometry":{"type":"Point","coordinates":[35.25,40.266667]},"properties":{"name":"Sapinuwa","tier":1,"start_year":-1300,"end_year":-1199,"fid":3372}},{"type":"Feature","id":3373,"geometry":{"type":"Point","coordinates":[61.326389,30.595278]},"properties":{"name":"Shahr-e Sukhteh","tier":1,"start_year":-2500,"end_year":-2299,"fid":3373}},{"type":"Feature","id":3374,"geometry":{"type":"Point","coordinates":[121.45806,31.22222]},"properties":{"name":"Shangqi","tier":1,"start_year":-500,"end_year":-299,"fid":3374,"endonym":"商丘"}},{"type":"Feature","id":3375,"geometry":{"type":"Point","coordinates":[41.505278,36.957222]},"properties":{"name":"Shehna","tier":1,"start_year":-2500,"end_year":-1799,"fid":3375}},{"type":"Feature","id":3376,"geometry":{"type":"Point","coordinates":[45.50976115,31.77736278]},"properties":{"name":"Shuruppak","tier":1,"start_year":-2800,"end_year":-2399,"fid":3376,"endonym":"Šuruppag"}},{"type":"Feature","id":3377,"geometry":{"type":"Point","coordinates":[31.88,30.976944]},"properties":{"name":"Tanis","tier":1,"start_year":-1000,"end_year":-999,"fid":3377,"endonym":"Djanet"}},{"type":"Feature","id":3378,"geometry":{"type":"Point","coordinates":[42.4937529,36.33261877]},"properties":{"name":"Tell Taya","tier":1,"start_year":-2300,"end_year":-2299,"fid":3378}},{"type":"Feature","id":3379,"geometry":{"type":"Point","coordinates":[38.676116,37.47622]},"properties":{"name":"Titris Hoyuk","tier":1,"start_year":-2300,"end_year":-2199,"fid":3379}},{"type":"Feature","id":3380,"geometry":{"type":"Point","coordinates":[26.238889,39.9575]},"properties":{"name":"Troy","tier":1,"start_year":-1300,"end_year":-1299,"fid":3380,"endonym":"Wiluša"}},{"type":"Feature","id":3381,"geometry":{"type":"Point","coordinates":[45.93344587,31.6211048]},"properties":{"name":"Umma","tier":1,"start_year":-2800,"end_year":-1799,"fid":3381,"endonym":"Ummaki"}},{"type":"Feature","id":3382,"geometry":{"type":"Point","coordinates":[40.997222,37.056944]},"properties":{"name":"Urkesh","tier":1,"start_year":-2800,"end_year":-2299,"fid":3382}},{"type":"Feature","id":3383,"geometry":{"type":"Point","coordinates":[108.716667,34.35]},"properties":{"name":"Xianyang","tier":1,"start_year":-300,"end_year":-199,"fid":3383,"endonym":"咸陽"}},{"type":"Feature","id":3384,"geometry":{"type":"Point","coordinates":[113.433333,34.233333]},"properties":{"name":"Xinzheng","tier":1,"start_year":-400,"end_year":-299,"fid":3384,"endonym":"新鄭"}},{"type":"Feature","id":3385,"geometry":{"type":"Point","coordinates":[114.303056,36.139444]},"properties":{"name":"Yin","tier":1,"start_year":-1300,"end_year":-1199,"fid":3385,"endonym":"殷"}},{"type":"Feature","id":3386,"geometry":{"type":"Point","coordinates":[112.333333,28.583333]},"properties":{"name":"Yiyang","tier":1,"start_year":-400,"end_year":-299,"fid":3386,"endonym":"宜陽"}},{"type":"Feature","id":3387,"geometry":{"type":"Point","coordinates":[45.876667,31.743333]},"properties":{"name":"Zabalam","tier":1,"start_year":-2800,"end_year":-1799,"fid":3387,"endonym":"Zabalamki"}},{"type":"Feature","id":3388,"geometry":{"type":"Point","coordinates":[72.566004,23.039568]},"properties":{"name":"Ahmadabad","tier":2,"start_year":2000,"end_year":2025,"fid":3388,"endonym":"Amadavad"}},{"type":"Feature","id":3389,"geometry":{"type":"Point","coordinates":[-49.0606,-22.3147]},"properties":{"name":"Bauru","tier":2,"start_year":2000,"end_year":2025,"fid":3389}},{"type":"Feature","id":3390,"geometry":{"type":"Point","coordinates":[77.4167,23.25]},"properties":{"name":"Bhopal","tier":3,"start_year":2000,"end_year":2025,"fid":3390}},{"type":"Feature","id":3391,"geometry":{"type":"Point","coordinates":[106.8,-6.6]},"properties":{"name":"Bogor","tier":1,"start_year":2000,"end_year":2025,"fid":3391}},{"type":"Feature","id":3392,"geometry":{"type":"Point","coordinates":[120.97,14.65]},"properties":{"name":"Caloocan City","tier":3,"start_year":2000,"end_year":2025,"fid":3392,"endonym":"Lungsod ng Caloocan"}},{"type":"Feature","id":3393,"geometry":{"type":"Point","coordinates":[111.6833,29.0333]},"properties":{"name":"Changde","tier":3,"start_year":2000,"end_year":2025,"fid":3393,"endonym":"常德"}},{"type":"Feature","id":3394,"geometry":{"type":"Point","coordinates":[120.822,31.665]},"properties":{"name":"Changshu","tier":3,"start_year":2000,"end_year":2025,"fid":3394,"endonym":"常熟"}},{"type":"Feature","id":3395,"geometry":{"type":"Point","coordinates":[108.5667,-6.7167]},"properties":{"name":"Cirebon","tier":2,"start_year":2000,"end_year":2025,"fid":3395}},{"type":"Feature","id":3396,"geometry":{"type":"Point","coordinates":[121.6392,38.9208]},"properties":{"name":"Dalian","tier":2,"start_year":2000,"end_year":2025,"fid":3396,"endonym":"大连"}},{"type":"Feature","id":3397,"geometry":{"type":"Point","coordinates":[109.5833,19.5]},"properties":{"name":"Danzhou","tier":3,"start_year":2000,"end_year":2025,"fid":3397,"endonym":"儋州市"}},{"type":"Feature","id":3398,"geometry":{"type":"Point","coordinates":[125,46.5833]},"properties":{"name":"Daqing","tier":3,"start_year":2000,"end_year":2025,"fid":3398,"endonym":"大庆"}},{"type":"Feature","id":3399,"geometry":{"type":"Point","coordinates":[125.6,7.0667]},"properties":{"name":"Davao","tier":3,"start_year":2000,"end_year":2025,"fid":3399}},{"type":"Feature","id":3400,"geometry":{"type":"Point","coordinates":[114.9833,38.5167]},"properties":{"name":"Dingzhou","tier":3,"start_year":2000,"end_year":2025,"fid":3400,"endonym":"定州"}},{"type":"Feature","id":3401,"geometry":{"type":"Point","coordinates":[113.7167,23.0333]},"properties":{"name":"Dongguan","tier":2,"start_year":2000,"end_year":2025,"fid":3401,"endonym":"东莞"}},{"type":"Feature","id":3402,"geometry":{"type":"Point","coordinates":[120.519,32.795]},"properties":{"name":"Dongtai","tier":3,"start_year":2000,"end_year":2025,"fid":3402,"endonym":"东台"}},{"type":"Feature","id":3403,"geometry":{"type":"Point","coordinates":[-99.06,19.609722]},"properties":{"name":"Ecatepec","tier":2,"start_year":2000,"end_year":2025,"fid":3403,"endonym":"Ecatepec de Morelos"}},{"type":"Feature","id":3404,"geometry":{"type":"Point","coordinates":[108.3,21.6]},"properties":{"name":"Fangchenggang","tier":3,"start_year":2000,"end_year":2025,"fid":3404,"endonym":"防城港市"}},{"type":"Feature","id":3405,"geometry":{"type":"Point","coordinates":[31.2167,30.0167]},"properties":{"name":"Giza","tier":2,"start_year":2000,"end_year":2025,"fid":3405,"endonym":"الجيزة"}},{"type":"Feature","id":3406,"geometry":{"type":"Point","coordinates":[-46.5333,-23.4667]},"properties":{"name":"Guarulhos","tier":3,"start_year":2000,"end_year":2025,"fid":3406}},{"type":"Feature","id":3407,"geometry":{"type":"Point","coordinates":[74.1833,32.15]},"properties":{"name":"Gujranwala","tier":3,"start_year":2000,"end_year":2025,"fid":3407,"endonym":"گوجرانوالہ"}},{"type":"Feature","id":3408,"geometry":{"type":"Point","coordinates":[122.6833,40.8833]},"properties":{"name":"Haicheng","tier":3,"start_year":2000,"end_year":2025,"fid":3408,"endonym":"海城"}},{"type":"Feature","id":3409,"geometry":{"type":"Point","coordinates":[115.4333,35.2333]},"properties":{"name":"Heze","tier":3,"start_year":2000,"end_year":2025,"fid":3409,"endonym":"菏泽"}},{"type":"Feature","id":3410,"geometry":{"type":"Point","coordinates":[126.7333,42.95]},"properties":{"name":"Huadian","tier":3,"start_year":2000,"end_year":2025,"fid":3410,"endonym":"桦甸"}},{"type":"Feature","id":3411,"geometry":{"type":"Point","coordinates":[120.1,30.8667]},"properties":{"name":"Huzhou","tier":3,"start_year":2000,"end_year":2025,"fid":3411,"endonym":"湖州"}},{"type":"Feature","id":3412,"geometry":{"type":"Point","coordinates":[68.368333,25.379167]},"properties":{"name":"Hyderabad","tier":3,"start_year":2000,"end_year":2025,"fid":3412,"endonym":"حیدرآباد"}},{"type":"Feature","id":3413,"geometry":{"type":"Point","coordinates":[120.295,31.839]},"properties":{"name":"Jiangyin","tier":3,"start_year":2000,"end_year":2025,"fid":3413,"endonym":"江阴"}},{"type":"Feature","id":3414,"geometry":{"type":"Point","coordinates":[120.4667,36.3833]},"properties":{"name":"Jimo","tier":3,"start_year":2000,"end_year":2025,"fid":3414,"endonym":"即墨"}},{"type":"Feature","id":3415,"geometry":{"type":"Point","coordinates":[139.7,35.5167]},"properties":{"name":"Kawasaki","tier":3,"start_year":2000,"end_year":2025,"fid":3415,"endonym":"川崎市"}},{"type":"Feature","id":3416,"geometry":{"type":"Point","coordinates":[112.0119,-7.8166]},"properties":{"name":"Kediri","tier":2,"start_year":2000,"end_year":2025,"fid":3416}},{"type":"Feature","id":3417,"geometry":{"type":"Point","coordinates":[-58.6333,-34.7167]},"properties":{"name":"La Matanza Partido","tier":3,"start_year":2000,"end_year":2025,"fid":3417,"endonym":"La Matanza"}},{"type":"Feature","id":3418,"geometry":{"type":"Point","coordinates":[117.6667,36.1833]},"properties":{"name":"Laiwu","tier":3,"start_year":2000,"end_year":2025,"fid":3418,"endonym":"莱芜"}},{"type":"Feature","id":3419,"geometry":{"type":"Point","coordinates":[112.929,26.4]},"properties":{"name":"Leiyang","tier":3,"start_year":2000,"end_year":2025,"fid":3419,"endonym":"耒阳"}},{"type":"Feature","id":3420,"geometry":{"type":"Point","coordinates":[111.664,27.692]},"properties":{"name":"Lianyuan","tier":3,"start_year":2000,"end_year":2025,"fid":3420,"endonym":"涟源"}},{"type":"Feature","id":3421,"geometry":{"type":"Point","coordinates":[118.35,35.05]},"properties":{"name":"Linyi","tier":3,"start_year":2000,"end_year":2025,"fid":3421,"endonym":"临沂"}},{"type":"Feature","id":3422,"geometry":{"type":"Point","coordinates":[115.1,31.3167]},"properties":{"name":"Macheng","tier":3,"start_year":2000,"end_year":2025,"fid":3422,"endonym":"麻城"}},{"type":"Feature","id":3423,"geometry":{"type":"Point","coordinates":[110.2167,-7.4667]},"properties":{"name":"Magelang","tier":3,"start_year":2000,"end_year":2025,"fid":3423}},{"type":"Feature","id":3424,"geometry":{"type":"Point","coordinates":[124.8413,1.4931]},"properties":{"name":"Manado","tier":2,"start_year":2000,"end_year":2025,"fid":3424}},{"type":"Feature","id":3425,"geometry":{"type":"Point","coordinates":[32.5833,-25.9667]},"properties":{"name":"Maputo","tier":3,"start_year":2000,"end_year":2025,"fid":3425}},{"type":"Feature","id":3426,"geometry":{"type":"Point","coordinates":[105.0667,29.5833]},"properties":{"name":"Neijiang","tier":3,"start_year":2000,"end_year":2025,"fid":3426,"endonym":"内江"}},{"type":"Feature","id":3427,"geometry":{"type":"Point","coordinates":[-98.988889,19.4]},"properties":{"name":"Nezahualcoyotl","tier":3,"start_year":2000,"end_year":2025,"fid":3427,"endonym":"Ciudad Nezahualcóyotl"}},{"type":"Feature","id":3428,"geometry":{"type":"Point","coordinates":[119.9556,36.7833]},"properties":{"name":"Pingdu","tier":3,"start_year":2000,"end_year":2025,"fid":3428,"endonym":"平度"}},{"type":"Feature","id":3429,"geometry":{"type":"Point","coordinates":[113.85,27.6333]},"properties":{"name":"Pingxiang","tier":3,"start_year":2000,"end_year":2025,"fid":3429,"endonym":"萍乡"}},{"type":"Feature","id":3430,"geometry":{"type":"Point","coordinates":[113.2167,-7.75]},"properties":{"name":"Probolinggo","tier":3,"start_year":2000,"end_year":2025,"fid":3430}},{"type":"Feature","id":3431,"geometry":{"type":"Point","coordinates":[121.703,31.87]},"properties":{"name":"Qidong","tier":3,"start_year":2000,"end_year":2025,"fid":3431,"endonym":"启东"}},{"type":"Feature","id":3432,"geometry":{"type":"Point","coordinates":[108.6167,21.95]},"properties":{"name":"Qinzhou","tier":3,"start_year":2000,"end_year":2025,"fid":3432,"endonym":"钦州市"}},{"type":"Feature","id":3433,"geometry":{"type":"Point","coordinates":[-43.555,-22.7158]},"properties":{"name":"Queimados","tier":3,"start_year":2000,"end_year":2025,"fid":3433}},{"type":"Feature","id":3434,"geometry":{"type":"Point","coordinates":[121.0333,14.6333]},"properties":{"name":"Quezon City","tier":2,"start_year":2000,"end_year":2025,"fid":3434,"endonym":"Lungsod ng Quezon"}},{"type":"Feature","id":3435,"geometry":{"type":"Point","coordinates":[46.7167,24.6333]},"properties":{"name":"Riyadh","tier":2,"start_year":2000,"end_year":2025,"fid":3435,"endonym":"الرياض"}},{"type":"Feature","id":3436,"geometry":{"type":"Point","coordinates":[119.5271,35.4158]},"properties":{"name":"Rizhao","tier":3,"start_year":2000,"end_year":2025,"fid":3436,"endonym":"日照"}},{"type":"Feature","id":3437,"geometry":{"type":"Point","coordinates":[120.625,27.7833]},"properties":{"name":"Ruian","tier":3,"start_year":2000,"end_year":2025,"fid":3437,"endonym":"瑞安"}},{"type":"Feature","id":3438,"geometry":{"type":"Point","coordinates":[5.4,36.1833]},"properties":{"name":"Setif","tier":3,"start_year":2000,"end_year":2025,"fid":3438,"endonym":"سطيف"}},{"type":"Feature","id":3439,"geometry":{"type":"Point","coordinates":[105.5928979,30.532847]},"properties":{"name":"Suining","tier":3,"start_year":2000,"end_year":2025,"fid":3439,"endonym":"遂宁"}},{"type":"Feature","id":3440,"geometry":{"type":"Point","coordinates":[113.3833,31.6833]},"properties":{"name":"Suizhou","tier":3,"start_year":2000,"end_year":2025,"fid":3440,"endonym":"随州"}},{"type":"Feature","id":3441,"geometry":{"type":"Point","coordinates":[106.9272,-6.9196]},"properties":{"name":"Sukabumi","tier":2,"start_year":2000,"end_year":2025,"fid":3441}},{"type":"Feature","id":3442,"geometry":{"type":"Point","coordinates":[118.2833,33.9333]},"properties":{"name":"Suqian","tier":3,"start_year":2000,"end_year":2025,"fid":3442,"endonym":"宿迁"}},{"type":"Feature","id":3443,"geometry":{"type":"Point","coordinates":[109.1333,-6.8667]},"properties":{"name":"Tegal","tier":2,"start_year":2000,"end_year":2025,"fid":3443}},{"type":"Feature","id":3444,"geometry":{"type":"Point","coordinates":[113.166078,30.663337]},"properties":{"name":"Tianmen","tier":3,"start_year":2000,"end_year":2025,"fid":3444,"endonym":"天门"}},{"type":"Feature","id":3445,"geometry":{"type":"Point","coordinates":[121.974,39.631]},"properties":{"name":"Wafangdian","tier":3,"start_year":2000,"end_year":2025,"fid":3445,"endonym":"瓦房店"}},{"type":"Feature","id":3446,"geometry":{"type":"Point","coordinates":[119.1,36.7167]},"properties":{"name":"Weifang","tier":3,"start_year":2000,"end_year":2025,"fid":3446,"endonym":"潍坊"}},{"type":"Feature","id":3447,"geometry":{"type":"Point","coordinates":[113.45,30.3667]},"properties":{"name":"Xiantao","tier":3,"start_year":2000,"end_year":2025,"fid":3447,"endonym":"仙桃"}},{"type":"Feature","id":3448,"geometry":{"type":"Point","coordinates":[113.9,30.9167]},"properties":{"name":"Xiaogan","tier":3,"start_year":2000,"end_year":2025,"fid":3448,"endonym":"孝感"}},{"type":"Feature","id":3449,"geometry":{"type":"Point","coordinates":[119.83,32.93]},"properties":{"name":"Xinghua","tier":3,"start_year":2000,"end_year":2025,"fid":3449,"endonym":"兴化"}},{"type":"Feature","id":3450,"geometry":{"type":"Point","coordinates":[113.025278,34.455278]},"properties":{"name":"Yangcheng","tier":3,"start_year":2000,"end_year":2025,"fid":3450,"endonym":"阳城"}},{"type":"Feature","id":3451,"geometry":{"type":"Point","coordinates":[119.3,31.03]},"properties":{"name":"Yixing","tier":3,"start_year":2000,"end_year":2025,"fid":3451,"endonym":"宜兴"}},{"type":"Feature","id":3452,"geometry":{"type":"Point","coordinates":[110.15,22.6333]},"properties":{"name":"Yulin","tier":3,"start_year":2000,"end_year":2025,"fid":3452,"endonym":"玉林"}},{"type":"Feature","id":3453,"geometry":{"type":"Point","coordinates":[113.4608,34.1634]},"properties":{"name":"Yuzhou","tier":3,"start_year":2000,"end_year":2025,"fid":3453,"endonym":"禹州"}},{"type":"Feature","id":3454,"geometry":{"type":"Point","coordinates":[117.55,34.8667]},"properties":{"name":"Zaozhuang","tier":2,"start_year":2000,"end_year":2025,"fid":3454,"endonym":"枣庄"}},{"type":"Feature","id":3455,"geometry":{"type":"Point","coordinates":[110.4,21.2]},"properties":{"name":"Zhanjiang","tier":3,"start_year":2000,"end_year":2025,"fid":3455,"endonym":"湛江市"}},{"type":"Feature","id":3456,"geometry":{"type":"Point","coordinates":[119.4167,36.01]},"properties":{"name":"Zhucheng","tier":3,"start_year":2000,"end_year":2025,"fid":3456,"endonym":"诸城"}}]}