{"type":"FeatureCollection","features":[{"type":"Feature","id":1,"properties":{"id":"crimea-donbas","kind":"dispute","name":"Crimea & Donbas (disputed)","bilingual":"Крим, Донбас / Crimea, Donbas","claimants":["Ukraine (Україна)","Russia (Россия)"],"controller":"Russia (de facto since 2014)","note":"Crimea (annexed 2014) and parts of the Donbas — Donetsk and Luhansk — have been under Russian or Russian-backed de facto control since 2014, with four oblasts claimed/annexed by Russia in 2022; Ukraine and most of the international community recognize all of them as Ukrainian sovereign territory. Status disputed.","recognition":null,"start_year":2014,"end_year":2100},"geometry":{"type":"MultiPolygon","coordinates":[[[[32.481619,45.408881],[32.48585,45.394924],[32.512869,45.340562],[32.535411,45.338039],[32.57016,45.325181],[32.591482,45.320136],[32.663097,45.320136],[32.677419,45.325995],[32.712738,45.353176],[32.728526,45.36107],[32.750173,45.363349],[32.899262,45.354234],[32.940603,45.342515],[32.976573,45.32567],[33.043224,45.285346],[33.051768,45.281643],[33.069347,45.276557],[33.078624,45.271674],[33.090017,45.256659],[33.098481,45.248114],[33.123302,45.23786],[33.158376,45.206773],[33.173595,45.196601],[33.218516,45.187445],[33.240082,45.179633],[33.24936,45.165595],[33.259613,45.156073],[33.282563,45.160549],[33.317638,45.175482],[33.355154,45.185736],[33.396495,45.189765],[33.413422,45.184516],[33.469086,45.14883],[33.537446,45.117377],[33.562511,45.09394],[33.57838,45.053209],[33.581798,45.027493],[33.585216,45.018459],[33.602794,44.993394],[33.605642,44.987454],[33.608572,44.970608],[33.61964,44.931464],[33.619884,44.908637],[33.616059,44.889106],[33.609223,44.871731],[33.598318,44.85932],[33.570545,44.852465],[33.559581,44.849758],[33.546072,44.8369],[33.537364,44.818996],[33.530528,44.798774],[33.52768,44.793199],[33.524181,44.7897],[33.516287,44.785102],[33.525157,44.772406],[33.530447,44.75731],[33.536794,44.729804],[33.546723,44.70954],[33.54835,44.698676],[33.5442,44.682685],[33.535655,44.672187],[33.523611,44.661444],[33.514822,44.649115],[33.516287,44.634263],[33.525157,44.628852],[33.557791,44.624335],[33.571544,44.620551],[33.551117,44.614651],[33.500011,44.613918],[33.485525,44.610338],[33.477387,44.606635],[33.466482,44.60578],[33.444998,44.60692],[33.435883,44.605292],[33.413829,44.593329],[33.405447,44.590237],[33.375011,44.585395],[33.371104,44.588446],[33.371349,44.587958],[33.372325,44.576483],[33.379649,44.564521],[33.487153,44.510321],[33.499522,44.5008],[33.517589,44.490546],[33.539073,44.491604],[33.560395,44.496283],[33.57838,44.497056],[33.590017,44.490058],[33.620128,44.462226],[33.62615,44.45303],[33.631684,44.434312],[33.645356,44.425116],[33.720958,44.399644],[33.729998,44.397974],[33.741222,44.395901],[33.807628,44.39468],[33.818614,44.395982],[33.83961,44.40119],[33.852061,44.401516],[33.914887,44.383775],[33.937755,44.381049],[33.957856,44.383002],[34.065766,44.419623],[34.088715,44.422024],[34.10255,44.425116],[34.136485,44.441962],[34.147472,44.449897],[34.160818,44.466457],[34.170095,44.481635],[34.182465,44.492825],[34.229828,44.499905],[34.242931,44.507473],[34.26352,44.531887],[34.266124,44.535834],[34.265798,44.538967],[34.266124,44.541938],[34.271007,44.545478],[34.275401,44.546373],[34.286143,44.545396],[34.300304,44.5456],[34.322765,44.543524],[34.331309,44.545478],[34.341156,44.558498],[34.380219,44.631334],[34.414317,44.673774],[34.424001,44.682685],[34.429373,44.689643],[34.469005,44.729804],[34.473318,44.730292],[34.474376,44.728909],[34.474376,44.726386],[34.475271,44.723619],[34.500011,44.742621],[34.533214,44.752916],[34.613048,44.765204],[34.650645,44.777289],[34.720958,44.810981],[34.757009,44.820502],[34.826508,44.811835],[34.842621,44.816718],[34.857188,44.823717],[34.889903,44.818101],[34.907888,44.820502],[34.916026,44.825344],[34.922618,44.830878],[34.930186,44.836127],[34.942068,44.840277],[34.952485,44.841539],[34.986013,44.840277],[35.005707,44.835191],[35.017833,44.823188],[35.027029,44.809394],[35.037608,44.798774],[35.080821,44.793769],[35.108409,44.824937],[35.129731,44.868598],[35.154307,44.901109],[35.171886,44.907172],[35.215099,44.914374],[35.233165,44.925686],[35.256033,44.958686],[35.273204,44.966986],[35.298188,44.956366],[35.304942,44.960924],[35.315278,44.966051],[35.319347,44.970038],[35.367198,44.943345],[35.360606,44.973578],[35.362153,44.986558],[35.374034,44.997992],[35.389415,45.001939],[35.42213,45.000434],[35.435395,45.004828],[35.435395,45.010972],[35.406505,45.020087],[35.400645,45.024644],[35.397309,45.035061],[35.400401,45.042873],[35.405528,45.050971],[35.408051,45.062486],[35.416759,45.070868],[35.469574,45.10102],[35.506196,45.113511],[35.547374,45.119696],[35.590587,45.119859],[35.634044,45.114691],[35.706391,45.094672],[35.771169,45.065619],[35.783214,45.057522],[35.812999,45.031643],[35.819021,45.021552],[35.82781,44.999213],[35.847992,44.992418],[35.91684,45.00141],[35.993419,44.997992],[36.008474,45.009752],[36.025401,45.032904],[36.047862,45.048774],[36.079112,45.038967],[36.079112,45.046373],[36.135997,45.02143],[36.22462,45.007514],[36.244314,45.010972],[36.24822,45.016099],[36.253917,45.033189],[36.257823,45.038967],[36.267751,45.043687],[36.278494,45.045844],[36.367849,45.048774],[36.440115,45.06745],[36.45338,45.076483],[36.455333,45.09162],[36.442231,45.106513],[36.414806,45.128363],[36.408865,45.149482],[36.409434,45.171129],[36.417979,45.229926],[36.426036,45.251532],[36.437266,45.27204],[36.450369,45.285346],[36.459321,45.287746],[36.482107,45.288804],[36.490571,45.292182],[36.497244,45.300727],[36.494395,45.305243],[36.487966,45.309312],[36.484386,45.316392],[36.489268,45.33633],[36.502452,45.346869],[36.521821,45.349921],[36.545177,45.347398],[36.57488,45.336086],[36.586192,45.333808],[36.598318,45.334296],[36.63087,45.340562],[36.638357,45.351264],[36.631114,45.374742],[36.613536,45.408881],[36.598806,45.42121],[36.583263,45.427395],[36.566661,45.425198],[36.548595,45.412299],[36.53297,45.408922],[36.51588,45.419745],[36.490571,45.44302],[36.470551,45.445787],[36.411794,45.436225],[36.391368,45.439643],[36.35963,45.454495],[36.340505,45.457261],[36.329763,45.45425],[36.321056,45.448391],[36.311697,45.443508],[36.298839,45.44302],[36.307384,45.460924],[36.299978,45.473334],[36.284028,45.47663],[36.267833,45.467231],[36.252452,45.461493],[36.137462,45.462063],[36.117931,45.457099],[36.096365,45.441962],[36.068858,45.429999],[36.065278,45.425482],[36.051768,45.395209],[36.022309,45.368109],[35.986013,45.362738],[35.946625,45.372138],[35.871104,45.40412],[35.854015,45.414008],[35.846934,45.426256],[35.852224,45.444159],[35.860037,45.45954],[35.857677,45.469428],[35.833263,45.470893],[35.817149,45.464057],[35.803966,45.449164],[35.794932,45.430569],[35.791759,45.412299],[35.788422,45.407457],[35.772716,45.392279],[35.767426,45.388983],[35.75294,45.38642],[35.748546,45.379706],[35.747406,45.370754],[35.743337,45.36107],[35.715994,45.340562],[35.694998,45.33039],[35.517833,45.295478],[35.480724,45.297797],[35.332205,45.371243],[35.044444,45.670071],[35.001891,45.729003],[34.975667,45.717322],[34.952331,45.721989],[34.917328,45.747658],[34.870656,45.773328],[34.809983,45.784996],[34.788981,45.803664],[34.784314,45.829334],[34.784314,45.899341],[34.763312,45.932011],[34.735309,45.953013],[34.688637,45.974015],[34.641966,45.981016],[34.599961,45.978683],[34.569625,45.976349],[34.529954,45.981016],[34.52062,45.969348],[34.504285,45.95068],[34.464614,45.955347],[34.434277,45.971682],[34.410942,45.988017],[34.392273,46.009019],[34.378272,46.030021],[34.361937,46.055691],[34.333934,46.069692],[34.301264,46.069692],[34.273261,46.083693],[34.235923,46.097695],[34.20092,46.100028],[34.161249,46.090694],[34.105243,46.095361],[34.067906,46.104696],[34.025902,46.116364],[33.990898,46.130365],[33.944226,46.153701],[33.892888,46.177037],[33.846216,46.195705],[33.801878,46.202706],[33.755207,46.193372],[33.715726,46.195743],[33.67028,46.218106],[33.661623,46.21017],[33.671456,46.172951],[33.660449,46.148184],[33.628517,46.124935],[33.643565,46.104682],[33.648448,46.090033],[33.638845,46.078315],[33.62794,46.067816],[33.629568,46.056586],[33.642263,46.022162],[33.643565,46.01496],[33.636485,46.006415],[33.631114,45.996527],[33.632009,45.988267],[33.643565,45.984931],[33.646821,45.979722],[33.638438,45.968248],[33.619884,45.950751],[33.632009,45.944403],[33.639008,45.947333],[33.645844,45.953559],[33.657237,45.956936],[33.682465,45.958441],[33.739594,45.947821],[33.758637,45.940863],[33.777029,45.929633],[33.759451,45.922268],[33.725271,45.916083],[33.708669,45.909735],[33.693533,45.914496],[33.691091,45.896226],[33.693126,45.872545],[33.691661,45.860745],[33.670177,45.858547],[33.658946,45.85932],[33.654063,45.864447],[33.650564,45.870673],[33.641612,45.876044],[33.630382,45.880032],[33.619884,45.881822],[33.610199,45.880764],[33.598643,45.877387],[33.57838,45.86815],[33.55421,45.847073],[33.530121,45.841864],[33.519867,45.840888],[33.50766,45.842963],[33.489513,45.852362],[33.482188,45.854478],[33.46697,45.850084],[33.424978,45.830959],[33.410004,45.826606],[33.379649,45.803046],[33.374278,45.796536],[33.338145,45.785631],[33.265391,45.753811],[33.230154,45.750922],[33.194835,45.765123],[33.178559,45.78026],[33.1692,45.78441],[33.160655,45.778795],[33.15919,45.7685],[33.166759,45.7626],[33.176443,45.758938],[33.181,45.755194],[33.176117,45.743109],[33.163422,45.736274],[32.936778,45.662502],[32.868175,45.630072],[32.837738,45.6081],[32.83074,45.60102],[32.826996,45.595526],[32.82488,45.586982],[32.826427,45.579413],[32.829763,45.570217],[32.827891,45.562405],[32.813975,45.559068],[32.802419,45.560248],[32.783051,45.565375],[32.77296,45.566555],[32.757823,45.564643],[32.749766,45.559638],[32.743826,45.552883],[32.734711,45.545396],[32.72047,45.53734],[32.704845,45.531073],[32.686209,45.527004],[32.663097,45.52558],[32.643565,45.521674],[32.525157,45.458157],[32.495128,45.435533],[32.481619,45.408881]]],[[[36.531135,47.891134],[36.531342,47.887387],[36.533047,47.883641],[36.536768,47.880127],[36.545914,47.876949],[36.560022,47.874184],[36.565913,47.870618],[36.569479,47.867363],[36.576145,47.844212],[36.57692,47.803026],[36.583741,47.791398],[36.59418,47.78822],[36.605807,47.786489],[36.616969,47.78636],[36.643066,47.789796],[36.649577,47.789745],[36.652988,47.787833],[36.655003,47.784991],[36.656709,47.778066],[36.658569,47.763674],[36.661359,47.757137],[36.689265,47.715899],[36.703114,47.690836],[36.70885,47.685048],[36.715206,47.681379],[36.740786,47.67709],[36.747297,47.67492],[36.749158,47.672181],[36.748383,47.669907],[36.744972,47.668047],[36.736445,47.665308],[36.726989,47.663448],[36.722803,47.661329],[36.720012,47.657763],[36.721252,47.648927],[36.723733,47.644069],[36.727299,47.640503],[36.731949,47.63885],[36.749468,47.636472],[36.752413,47.633889],[36.75324,47.630375],[36.752103,47.626292],[36.748848,47.617301],[36.748073,47.61203],[36.748848,47.605105],[36.752103,47.601694],[36.756961,47.600247],[36.766573,47.601513],[36.797889,47.610247],[36.809051,47.60557],[36.825846,47.595855],[36.864965,47.566348],[36.881863,47.555935],[36.893335,47.550896],[36.897211,47.552757],[36.904187,47.557356],[36.930749,47.57105],[36.936795,47.571489],[36.944236,47.570378],[36.987541,47.552524],[36.995448,47.547486],[37.021182,47.524205],[37.099886,47.477826],[37.102831,47.475294],[37.122365,47.454623],[37.128721,47.451187],[37.134147,47.450437],[37.137713,47.452272],[37.140658,47.45483],[37.143914,47.461238],[37.147325,47.463253],[37.152182,47.463873],[37.19435,47.459274],[37.211455,47.459481],[37.219207,47.458137],[37.220912,47.455269],[37.220292,47.451962],[37.217811,47.448422],[37.201792,47.429147],[37.199931,47.425581],[37.199311,47.422067],[37.199621,47.413256],[37.198691,47.409148],[37.188769,47.395454],[37.184583,47.387883],[37.183033,47.383723],[37.182258,47.379692],[37.181948,47.375765],[37.183343,47.367781],[37.184738,47.362897],[37.185514,47.359125],[37.185048,47.355611],[37.182413,47.353079],[37.179157,47.350831],[37.171096,47.347498],[37.16722,47.346309],[37.163654,47.345896],[37.161019,47.34755],[37.159004,47.350082],[37.157143,47.353027],[37.152492,47.35866],[37.149702,47.361399],[37.143294,47.366386],[37.139883,47.368608],[37.135542,47.370546],[37.130737,47.371889],[37.125931,47.372561],[37.12283,47.372664],[37.118644,47.372354],[37.114458,47.371476],[37.106552,47.368091],[37.103296,47.36561],[37.100196,47.362742],[37.095855,47.355198],[37.092134,47.346774],[37.089964,47.34295],[37.087793,47.339901],[37.078905,47.330005],[37.076735,47.326414],[37.074874,47.322745],[37.074099,47.318817],[37.074719,47.307914],[37.074254,47.304193],[37.072394,47.300602],[37.069448,47.298044],[37.065418,47.296183],[37.028934,47.287553],[37.00785,47.286933],[36.989091,47.288638],[36.977413,47.291119],[36.973227,47.293238],[36.970126,47.295666],[36.966561,47.29763],[36.962065,47.298586],[36.951988,47.298741],[36.947027,47.299542],[36.943306,47.301454],[36.939895,47.303547],[36.936485,47.305072],[36.932144,47.305097],[36.927803,47.304348],[36.919432,47.301299],[36.915659,47.29825],[36.913024,47.293858],[36.913954,47.283626],[36.918501,47.275151],[36.933539,47.253602],[36.936175,47.24815],[36.938035,47.241122],[36.941136,47.215956],[36.940361,47.212312],[36.938655,47.209005],[36.935555,47.206602],[36.931679,47.204871],[36.922636,47.202752],[36.869926,47.199807],[36.864448,47.199031],[36.860107,47.197249],[36.856541,47.193709],[36.857006,47.19066],[36.858712,47.187663],[36.864448,47.182443],[36.888994,47.166062],[36.897676,47.162186],[36.940516,47.149629],[36.958809,47.141929],[36.96253,47.139707],[36.967491,47.135469],[36.983045,47.117434],[36.990797,47.106169],[37.002579,47.076532],[37.006455,47.069944],[37.010951,47.065629],[37.045884,47.046173],[37.049139,47.044777],[37.05255,47.045242],[37.055341,47.047826],[37.060767,47.054105],[37.063867,47.05656],[37.067123,47.058058],[37.070844,47.057541],[37.074099,47.05581],[37.090997,47.043899],[37.106242,47.037],[37.111358,47.033925],[37.118489,47.028189],[37.120505,47.0239],[37.119729,47.020231],[37.116629,47.017699],[37.105622,47.011291],[37.09849,47.005736],[37.09384,47.000904],[37.093685,47.000026],[37.114458,46.975789],[37.115699,46.969898],[37.114458,46.965712],[37.099731,46.957754],[37.095545,46.956101],[37.091204,46.955015],[37.086346,46.955119],[37.081541,46.95623],[37.072084,46.959718],[37.067278,46.96101],[37.061852,46.961062],[37.057046,46.959485],[37.051155,46.956876],[37.047434,46.953878],[37.018857,46.93574],[37.015601,46.933156],[37.012501,46.930081],[37.009555,46.9268],[37.00785,46.921942],[37.008315,46.918273],[37.009555,46.914837],[37.037719,46.876726],[37.037764,46.876664],[37.04656,46.877753],[37.162283,46.909084],[37.208181,46.93358],[37.227061,46.936998],[37.260753,46.932685],[37.295421,46.920233],[37.317393,46.900824],[37.312999,46.875556],[37.335216,46.882473],[37.351736,46.898749],[37.37794,46.933905],[37.482921,47.035956],[37.546397,47.08161],[37.58074,47.090399],[37.710297,47.074164],[37.753266,47.075263],[37.861095,47.101508],[37.95045,47.091254],[37.962087,47.095933],[37.987641,47.091946],[38.026215,47.08161],[38.035167,47.084296],[38.061046,47.094957],[38.06658,47.09809],[38.071544,47.099799],[38.10434,47.08161],[38.130056,47.074652],[38.130382,47.058417],[38.108084,47.026353],[38.142263,47.037665],[38.1963,47.089504],[38.216482,47.103095],[38.216645,47.103258],[38.20142,47.130742],[38.196976,47.162394],[38.203487,47.192314],[38.222504,47.215233],[38.241314,47.22394],[38.263948,47.231537],[38.284722,47.241149],[38.298158,47.256031],[38.300949,47.27603],[38.291853,47.287037],[38.27573,47.291817],[38.257644,47.292747],[38.220333,47.288794],[38.201006,47.290629],[38.188707,47.30099],[38.190568,47.316906],[38.203383,47.334631],[38.233356,47.362407],[38.257954,47.393232],[38.263638,47.421706],[38.260331,47.492942],[38.274387,47.527849],[38.293404,47.562783],[38.319035,47.591308],[38.352935,47.607095],[38.562225,47.626629],[38.587649,47.634303],[38.606356,47.645052],[38.643357,47.673525],[38.662167,47.683292],[38.677876,47.685178],[38.713016,47.675722],[38.734514,47.677143],[38.745159,47.693111],[38.753324,47.735149],[38.770997,47.780831],[38.796215,47.819925],[38.830942,47.848243],[38.877244,47.86124],[39.03618,47.857003],[39.039095,47.856925],[39.092942,47.832094],[39.113509,47.828555],[39.133249,47.829536],[39.173557,47.837055],[39.319698,47.846021],[39.340058,47.843567],[39.373545,47.828296],[39.391631,47.822612],[39.413956,47.82318],[39.457054,47.831293],[39.479895,47.826126],[39.50935,47.822767],[39.570018,47.830932],[39.600611,47.829485],[39.70076,47.811527],[39.733833,47.815997],[39.759051,47.832947],[39.775587,47.85801],[39.782925,47.886561],[39.782098,47.892892],[39.777551,47.906586],[39.777034,47.913743],[39.779825,47.922477],[39.79047,47.937747],[39.793984,47.945705],[39.796154,47.961363],[39.794397,47.971311],[39.780238,47.993144],[39.770109,48.004099],[39.761945,48.009784],[39.759878,48.014951],[39.768146,48.024331],[39.778791,48.029214],[39.833568,48.03619],[39.840286,48.035002],[39.842973,48.036397],[39.844317,48.045673],[39.829021,48.076782],[39.831191,48.099985],[39.843077,48.119751],[39.89372,48.182977],[39.912633,48.197679],[39.960485,48.222071],[39.977642,48.235455],[39.990665,48.253748],[39.993248,48.27323],[39.978882,48.290077],[39.957385,48.293384],[39.905192,48.280646],[39.884831,48.278992],[39.815895,48.308164],[39.884108,48.346352],[39.901471,48.361184],[39.924105,48.376118],[39.914493,48.384696],[39.906845,48.398339],[39.8962,48.423919],[39.864781,48.469833],[39.854342,48.47544],[39.84473,48.483502],[39.842146,48.499056],[39.846694,48.499831],[39.855996,48.499366],[39.865401,48.501485],[39.869535,48.509908],[39.868501,48.512906],[39.866124,48.51704],[39.863851,48.52275],[39.862714,48.530062],[39.855066,48.556107],[39.835325,48.57347],[39.809177,48.583754],[39.690114,48.593676],[39.670271,48.588405],[39.63172,48.586906],[39.641849,48.611711],[39.70293,48.746586],[39.711405,48.754803],[39.736313,48.761521],[39.744478,48.770513],[39.751196,48.781881],[39.759361,48.792837],[39.779411,48.80772],[39.801219,48.814903],[39.824163,48.815626],[39.934957,48.786687],[39.975265,48.789685],[40.019603,48.813146],[40.038724,48.829992],[40.05278,48.849733],[40.053813,48.869215],[40.034279,48.885596],[40.008855,48.887818],[39.989941,48.875674],[39.972268,48.860326],[39.950357,48.852781],[39.937644,48.856244],[39.918628,48.87247],[39.908189,48.878413],[39.89651,48.879912],[39.861887,48.876449],[39.782305,48.888438],[39.758741,48.895415],[39.747372,48.905336],[39.739414,48.918979],[39.725978,48.937014],[39.707788,48.948796],[39.687531,48.957581],[39.673991,48.970139],[39.681123,49.020316],[39.698279,49.028378],[39.748922,49.026208],[39.831501,49.045276],[39.86199,49.045121],[39.891342,49.041762],[39.907259,49.042589],[39.918731,49.047808],[39.923382,49.057989],[39.926069,49.086514],[39.930927,49.10057],[39.952114,49.124548],[39.979606,49.141859],[40.038414,49.168524],[40.057741,49.182787],[40.090917,49.217255],[40.110244,49.227642],[40.134015,49.236272],[40.141663,49.245781],[40.142697,49.281903],[40.157166,49.315854],[40.159543,49.333579],[40.148071,49.349599],[40.101355,49.385462],[40.061978,49.425821],[40.040894,49.455484],[40.0349,49.487058],[40.05433,49.519769],[40.072003,49.530673],[40.110657,49.545349],[40.126057,49.559095],[40.130708,49.579817],[40.118504,49.588451],[40.115515,49.590566],[40.017743,49.607878],[39.998106,49.608239],[39.974025,49.602555],[39.9147,49.562971],[39.889379,49.553256],[39.859406,49.545556],[39.828711,49.541473],[39.801529,49.542197],[39.781065,49.548398],[39.729182,49.580799],[39.688667,49.59346],[39.653321,49.599816],[39.622935,49.613459],[39.597407,49.647978],[39.581594,49.690715],[39.570432,49.713297],[39.557513,49.723994],[39.499118,49.728129],[39.479895,49.733606],[39.443618,49.749523],[39.405997,49.744252],[39.36724,49.731849],[39.327656,49.72632],[39.289932,49.732056],[39.26089,49.74451],[39.238049,49.765129],[39.182755,49.858508],[39.181006,49.859487],[39.15578,49.873598],[39.117126,49.864399],[39.099866,49.851635],[39.068344,49.821094],[39.04912,49.810552],[39.032273,49.807349],[38.937395,49.803473],[38.910524,49.820578],[38.886339,49.845176],[38.852233,49.865795],[38.747846,49.885432],[38.687282,49.913802],[38.680977,49.918298],[38.675603,49.927031],[38.672812,49.942999],[38.664337,49.962688],[38.664647,49.965168],[38.662167,49.962585],[38.637776,49.95721],[38.628887,49.953334],[38.619482,49.950751],[38.570183,49.956642],[38.497526,49.948167],[38.461145,49.9569],[38.437788,49.967287],[38.420114,49.971783],[38.376293,49.974935],[38.356036,49.980568],[38.34415,49.992092],[38.314074,50.049504],[38.299915,50.060511],[38.281208,50.062423],[38.25382,50.059064],[38.189844,50.062785],[38.173928,50.06015],[38.164109,50.030384],[38.171344,49.984082],[38.166176,49.94057],[38.119047,49.919176],[38.108402,49.920675],[38.090315,49.928426],[38.079153,49.929925],[38.066544,49.927238],[38.022924,49.909142],[38.024222,49.903156],[38.027478,49.893854],[38.043497,49.869359],[38.045978,49.866621],[38.051869,49.861324],[38.05528,49.858843],[38.05931,49.856647],[38.078999,49.849051],[38.080859,49.84626],[38.080084,49.843108],[38.075433,49.839904],[38.070472,49.838147],[38.064736,49.83732],[38.042671,49.836183],[38.022827,49.832411],[38.005308,49.826494],[38.000037,49.822644],[37.998487,49.82037],[37.997557,49.81745],[37.999727,49.813962],[38.001588,49.812179],[38.043497,49.790708],[38.045358,49.787866],[38.045151,49.784817],[38.041017,49.781561],[38.036624,49.779313],[38.023447,49.774275],[38.019726,49.771846],[38.016471,49.769055],[38.01368,49.765697],[38.011355,49.761976],[38.009339,49.757738],[38.004843,49.750504],[38.000968,49.749522],[37.998022,49.749418],[37.973941,49.753242],[37.96867,49.752726],[37.964484,49.75102],[37.960918,49.748592],[37.954252,49.743011],[37.94216,49.730505],[37.939989,49.726939],[37.939369,49.72265],[37.94216,49.717379],[37.946036,49.714769],[37.950686,49.714485],[37.977662,49.721875],[37.982933,49.722392],[37.988204,49.721875],[37.992906,49.720195],[37.996007,49.717844],[37.998332,49.715545],[38.000192,49.712676],[38.000658,49.711126],[38.001123,49.708439],[37.999262,49.680663],[37.999727,49.668441],[38.000968,49.663868],[38.001123,49.660587],[38.000348,49.656504],[37.998332,49.652008],[37.992906,49.646272],[37.980762,49.637074],[37.977352,49.632371],[37.96836,49.614595],[37.963709,49.609479],[37.958903,49.606146],[37.950531,49.603355],[37.947121,49.601676],[37.945726,49.599867],[37.944485,49.596792],[37.945881,49.591392],[37.952237,49.577284],[37.954097,49.574649],[37.960763,49.568964],[37.963244,49.566458],[37.963864,49.563642],[37.962314,49.560748],[37.956888,49.558371],[37.953167,49.556045],[37.953167,49.551033],[37.963089,49.531318],[37.964174,49.527933],[37.964484,49.524213],[37.963244,49.52013],[37.957973,49.514678],[37.953322,49.511655],[37.932496,49.502405],[37.928672,49.499692],[37.925675,49.495894],[37.920559,49.481011],[37.916838,49.464475],[37.910482,49.454656],[37.905056,49.449747],[37.89963,49.448041],[37.884437,49.445871],[37.879941,49.444476],[37.875859,49.442512],[37.863767,49.430265],[37.861596,49.42657],[37.860666,49.42272],[37.863612,49.417191],[37.867177,49.413651],[37.877306,49.405667],[37.879786,49.402799],[37.883197,49.396675],[37.885678,49.390061],[37.887073,49.383291],[37.881647,49.332648],[37.882422,49.320556],[37.885057,49.313063],[37.890173,49.311564],[37.907692,49.309885],[37.913583,49.30867],[37.918699,49.306965],[37.922574,49.304691],[37.925675,49.302159],[37.928156,49.299317],[37.929602,49.29619],[37.929086,49.290945],[37.92614,49.283865],[37.911257,49.268569],[37.898235,49.258337],[37.871518,49.246219],[37.847334,49.23175],[37.843923,49.222267],[37.843303,49.218753],[37.841908,49.214206],[37.838962,49.210433],[37.833846,49.207539],[37.816948,49.205498],[37.771163,49.204361],[37.643108,49.228313],[37.546939,49.227228],[37.540996,49.225161],[37.535311,49.22144],[37.503479,49.186404],[37.504874,49.183975],[37.508595,49.18196],[37.513866,49.180435],[37.525493,49.178446],[37.563372,49.175293],[37.585076,49.176172],[37.590192,49.175345],[37.593912,49.173407],[37.597013,49.170901],[37.610397,49.15731],[37.612413,49.154571],[37.609622,49.150179],[37.60125,49.144649],[37.373771,49.05251],[37.36943,49.049358],[37.364107,49.044733],[37.356821,49.034733],[37.353875,49.028713],[37.35248,49.023571],[37.35186,49.019696],[37.348759,49.015639],[37.343488,49.012202],[37.319614,49.005898],[37.314343,49.002901],[37.308555,48.998508],[37.291812,48.979853],[37.290727,48.976262],[37.291967,48.973135],[37.295068,48.970603],[37.303439,48.966288],[37.30592,48.963575],[37.30592,48.959958],[37.303439,48.951896],[37.302974,48.94802],[37.304214,48.944765],[37.306385,48.941871],[37.311656,48.936341],[37.313413,48.933293],[37.314446,48.930063],[37.314343,48.926523],[37.311036,48.922957],[37.305144,48.920218],[37.293517,48.91779],[37.265922,48.917764],[37.259049,48.915464],[37.220912,48.897558],[37.217036,48.894535],[37.211145,48.885104],[37.206959,48.87619],[37.203962,48.873245],[37.199828,48.870945],[37.19187,48.869782],[37.186134,48.867147],[37.180708,48.861307],[37.178847,48.856631],[37.178227,48.852212],[37.181483,48.834849],[37.181173,48.83149],[37.177142,48.828312],[37.170476,48.825625],[37.147635,48.821775],[37.139883,48.821516],[37.134147,48.822188],[37.128876,48.823532],[37.12438,48.825547],[37.12066,48.827924],[37.117404,48.830456],[37.109032,48.838415],[37.105157,48.840585],[37.100041,48.842032],[37.09446,48.842652],[37.088724,48.842394],[37.083556,48.841619],[37.07875,48.839293],[37.074409,48.835753],[37.070378,48.828699],[37.068828,48.823583],[37.067743,48.818829],[37.066348,48.81485],[37.062782,48.811646],[37.057356,48.809605],[37.047589,48.809631],[37.040923,48.810845],[37.029864,48.814282],[37.024593,48.815315],[37.018547,48.813713],[37.012656,48.810303],[37.000874,48.798469],[36.998238,48.794541],[36.998083,48.791389],[36.998393,48.78834],[36.999943,48.786144],[37.001804,48.784619],[37.005214,48.782707],[37.026609,48.776325],[37.030949,48.774336],[37.033637,48.771649],[37.03374,48.767928],[37.0325,48.764001],[37.028934,48.760771],[37.023818,48.75891],[37.014361,48.759608],[37.00878,48.761468],[37.004439,48.763561],[37.001494,48.765603],[36.999168,48.766894],[36.903102,48.799244],[36.890855,48.800923],[36.885118,48.800923],[36.874887,48.799502],[36.865585,48.797125],[36.860882,48.795368],[36.84693,48.787539],[36.836543,48.779865],[36.82538,48.773199],[36.82042,48.772424],[36.772929,48.774543],[36.760682,48.776868],[36.730554,48.787513],[36.718307,48.78927],[36.70699,48.789219],[36.701719,48.788159],[36.697016,48.785911],[36.69252,48.781777],[36.69004,48.77754],[36.690505,48.769297],[36.693296,48.75829],[36.709315,48.714443],[36.7104,48.705994],[36.710555,48.688398],[36.70854,48.660854],[36.710866,48.649589],[36.725438,48.625921],[36.728694,48.616464],[36.729314,48.613235],[36.730399,48.609178],[36.732105,48.606077],[36.73443,48.603442],[36.738306,48.601582],[36.743267,48.601116],[36.77851,48.605612],[36.783316,48.605302],[36.787192,48.6037],[36.789982,48.60122],[36.790602,48.598068],[36.789827,48.595044],[36.785176,48.592228],[36.776495,48.588146],[36.773084,48.585665],[36.762542,48.571816],[36.757736,48.569335],[36.75324,48.567372],[36.749313,48.563961],[36.747142,48.558173],[36.746677,48.539156],[36.747297,48.533834],[36.748538,48.530914],[36.751173,48.529235],[36.755411,48.529054],[36.786882,48.531405],[36.791377,48.532671],[36.795098,48.534816],[36.797889,48.538097],[36.800059,48.542128],[36.80719,48.56409],[36.809567,48.569077],[36.814063,48.575588],[36.819179,48.57825],[36.82445,48.579774],[36.868169,48.58241],[36.879072,48.581195],[36.883103,48.579309],[36.885584,48.576673],[36.887444,48.573625],[36.888684,48.570369],[36.890544,48.559724],[36.892095,48.537864],[36.89101,48.533989],[36.888684,48.530165],[36.881863,48.526186],[36.871166,48.522362],[36.857472,48.518744],[36.854216,48.516522],[36.852666,48.513163],[36.854991,48.503603],[36.856386,48.500296],[36.857472,48.498177],[36.858402,48.495645],[36.858557,48.492673],[36.856541,48.489444],[36.851425,48.486576],[36.841814,48.482984],[36.838248,48.480219],[36.835457,48.476344],[36.834992,48.445493],[36.837938,48.441746],[36.846154,48.436837],[36.84724,48.433969],[36.842744,48.429551],[36.838248,48.426812],[36.815149,48.419732],[36.811428,48.417174],[36.808947,48.413143],[36.809257,48.405211],[36.810188,48.400095],[36.814683,48.386401],[36.819024,48.357436],[36.818404,48.352475],[36.812358,48.330745],[36.811841,48.325707],[36.812668,48.322219],[36.814218,48.319015],[36.816544,48.316276],[36.819954,48.314416],[36.824605,48.313873],[36.829101,48.314777],[36.837938,48.317413],[36.84817,48.318808],[36.853596,48.318808],[36.858557,48.318291],[36.862588,48.316819],[36.864965,48.314261],[36.866515,48.311212],[36.867548,48.307982],[36.86946,48.305424],[36.873336,48.30439],[36.896126,48.302013],[36.901086,48.300308],[36.904032,48.297698],[36.905582,48.294443],[36.906978,48.28372],[36.908683,48.276847],[36.911473,48.270491],[36.913799,48.263824],[36.922532,48.225041],[36.922842,48.222018],[36.923566,48.218866],[36.924186,48.215378],[36.927028,48.20512],[36.927183,48.201503],[36.924703,48.19649],[36.919535,48.190496],[36.905117,48.180935],[36.896746,48.176905],[36.889614,48.174579],[36.879537,48.173081],[36.875352,48.170807],[36.871941,48.167448],[36.869771,48.16104],[36.869616,48.156441],[36.870081,48.152307],[36.876747,48.124944],[36.879227,48.118459],[36.889459,48.099958],[36.891475,48.093215],[36.8938,48.079081],[36.8938,48.075309],[36.89349,48.071485],[36.89256,48.067557],[36.886359,48.061485],[36.876127,48.053863],[36.85127,48.039859],[36.839023,48.034484],[36.829411,48.032107],[36.82383,48.033089],[36.788432,48.04513],[36.750553,48.052571],[36.745592,48.054328],[36.741561,48.056447],[36.738461,48.059082],[36.734275,48.068617],[36.731484,48.071304],[36.728074,48.073629],[36.723733,48.075619],[36.66508,48.088073],[36.659654,48.08828],[36.654383,48.087944],[36.620225,48.08182],[36.603172,48.082001],[36.598056,48.081407],[36.593405,48.080373],[36.589064,48.078926],[36.584672,48.07642],[36.580641,48.07319],[36.57692,48.067041],[36.57506,48.05823],[36.571339,47.999965],[36.571959,47.99552],[36.57661,47.982033],[36.57661,47.970716],[36.581106,47.965238],[36.586222,47.962344],[36.604257,47.960484],[36.609373,47.959114],[36.613404,47.957021],[36.616194,47.954334],[36.618055,47.951337],[36.61945,47.948133],[36.626116,47.935731],[36.632782,47.927101],[36.634023,47.924259],[36.633868,47.921726],[36.628907,47.919659],[36.618055,47.918264],[36.584568,47.918109],[36.57847,47.917282],[36.572424,47.91568],[36.564828,47.91196],[36.558317,47.910719],[36.541729,47.910254],[36.537698,47.908187],[36.534442,47.905035],[36.532065,47.899661],[36.531342,47.895268],[36.531135,47.891134]]]]}},{"type":"Feature","id":2,"properties":{"id":"crimea-donbas-2022","kind":"dispute","name":"Annexed oblasts (disputed)","bilingual":"Херсон, Запоріжжя / Kherson, Zaporizhzhia","claimants":["Ukraine (Україна)","Russia (Россия)"],"controller":"Russia (partial, claimed 2022)","note":"Russia declared the annexation of the Kherson and Zaporizhzhia oblasts in September 2022 alongside Donetsk and Luhansk; it does not fully control them and Ukraine and the international community recognize them as Ukrainian. Status disputed.","recognition":null,"start_year":2022,"end_year":2100},"geometry":{"type":"MultiPolygon","coordinates":[[[[31.504405,46.373358],[31.505056,46.354926],[31.514008,46.329413],[31.521983,46.313218],[31.549001,46.282416],[31.580333,46.262763],[31.737153,46.220771],[32.101817,46.166693],[32.143891,46.152655],[32.16627,46.149359],[32.153087,46.155992],[32.070811,46.18244],[31.940278,46.204576],[31.618175,46.259223],[31.577973,46.27558],[31.554373,46.296332],[31.538422,46.325832],[31.521983,46.368476],[31.504405,46.373358]]],[[[31.767345,46.318183],[31.772472,46.30268],[31.785899,46.292385],[31.801117,46.285061],[31.819184,46.280585],[31.882335,46.27912],[31.889903,46.28384],[31.88795,46.295152],[31.884044,46.308661],[31.885753,46.320014],[31.968435,46.275702],[32.018077,46.257514],[32.050141,46.266059],[32.077891,46.249498],[32.115408,46.214545],[32.128673,46.209703],[32.142589,46.207994],[32.187348,46.196723],[32.213145,46.193061],[32.239268,46.195258],[32.269298,46.204576],[32.266775,46.19481],[32.260916,46.188625],[32.241954,46.176663],[32.247406,46.170722],[32.25172,46.156887],[32.255626,46.149359],[32.257335,46.144965],[32.260509,46.132148],[32.262462,46.128241],[32.267751,46.126614],[32.280528,46.12759],[32.302501,46.116685],[32.503429,46.076117],[32.543712,46.080471],[32.551036,46.084296],[32.567556,46.096584],[32.57781,46.101549],[32.588227,46.104397],[32.714041,46.120063],[32.751313,46.133043],[32.766287,46.135688],[32.789806,46.134345],[32.844574,46.121405],[32.853201,46.120347],[32.87615,46.121405],[32.88266,46.120673],[32.891612,46.116685],[32.899262,46.11522],[32.913097,46.11518],[33.01824,46.127672],[33.032481,46.141018],[33.023448,46.169867],[33.081798,46.149359],[33.103282,46.138373],[33.112804,46.135688],[33.122895,46.135891],[33.135509,46.140692],[33.14324,46.141913],[33.175059,46.153144],[33.194998,46.178697],[33.211925,46.206285],[33.235118,46.223822],[33.225352,46.15412],[33.221853,46.141506],[33.21461,46.128241],[33.293468,46.135688],[33.315684,46.131008],[33.317719,46.119696],[33.306895,46.106147],[33.290294,46.094713],[33.296397,46.093573],[33.301443,46.093655],[33.305837,46.092353],[33.310802,46.087307],[33.331065,46.107489],[33.357758,46.103827],[33.384288,46.087592],[33.415294,46.058092],[33.423839,46.05329],[33.485525,46.053168],[33.506358,46.04682],[33.516287,46.046332],[33.495779,46.067857],[33.505626,46.080268],[33.531261,46.085924],[33.557872,46.087307],[33.557872,46.094713],[33.531261,46.106879],[33.532481,46.121527],[33.549815,46.13642],[33.571544,46.149359],[33.596528,46.155748],[33.613455,46.145209],[33.628517,46.124935],[33.660449,46.148184],[33.671456,46.172951],[33.661623,46.21017],[33.67028,46.218106],[33.715726,46.195743],[33.755207,46.193372],[33.801878,46.202706],[33.846216,46.195705],[33.892888,46.177037],[33.944226,46.153701],[33.990898,46.130365],[34.025902,46.116364],[34.067906,46.104696],[34.105243,46.095361],[34.161249,46.090694],[34.20092,46.100028],[34.235923,46.097695],[34.273261,46.083693],[34.301264,46.069692],[34.333934,46.069692],[34.361937,46.055691],[34.378272,46.030021],[34.392273,46.009019],[34.410942,45.988017],[34.434277,45.971682],[34.464614,45.955347],[34.504285,45.95068],[34.52062,45.969348],[34.529954,45.981016],[34.569625,45.976349],[34.599961,45.978683],[34.641966,45.981016],[34.688637,45.974015],[34.735309,45.953013],[34.763312,45.932011],[34.784314,45.899341],[34.784314,45.829334],[34.788981,45.803664],[34.809983,45.784996],[34.870656,45.773328],[34.917328,45.747658],[34.952331,45.721989],[34.975667,45.717322],[35.001891,45.729003],[34.958181,45.789537],[34.90504,45.888617],[34.895193,45.901028],[34.883474,45.912828],[34.87436,45.926093],[34.838552,46.047553],[34.828949,46.063422],[34.824229,46.077948],[34.819102,46.141913],[34.813243,46.158271],[34.81129,46.166246],[34.812266,46.176663],[34.817638,46.186225],[34.835134,46.203192],[34.838878,46.207668],[34.882172,46.221747],[34.885427,46.231391],[34.886567,46.242743],[34.893565,46.251776],[34.904796,46.255683],[34.907237,46.251654],[34.908051,46.244289],[34.914073,46.238105],[34.926524,46.235053],[34.936046,46.235419],[35.030772,46.251776],[35.075043,46.271064],[35.105056,46.295058],[35.108409,46.297756],[35.167817,46.361029],[35.201508,46.385321],[35.209483,46.39643],[35.213715,46.411811],[35.210704,46.420152],[35.205089,46.427558],[35.201996,46.440497],[35.192068,46.455064],[35.174001,46.473334],[35.166677,46.49315],[35.188324,46.512437],[35.191417,46.494289],[35.201671,46.476304],[35.21461,46.462633],[35.230317,46.455512],[35.243175,46.446967],[35.250499,46.443549],[35.260916,46.441596],[35.27711,46.440741],[35.284516,46.437405],[35.264496,46.399807],[35.258556,46.373358],[35.267589,46.35106],[35.291759,46.336412],[35.311534,46.337633],[35.328868,46.348049],[35.346039,46.361029],[35.342133,46.335761],[35.32781,46.319241],[35.291352,46.293362],[35.264799,46.260504],[35.262218,46.25731],[35.251801,46.24022],[35.227875,46.221747],[35.20045,46.18301],[35.148936,46.16413],[35.044444,46.141913],[35.049083,46.132066],[35.051931,46.128241],[35.0171,46.112779],[34.985362,46.08747],[34.982107,46.077826],[35.000011,46.073635],[35.038585,46.086086],[35.062266,46.098619],[35.096528,46.104193],[35.121104,46.118476],[35.161794,46.128241],[35.184744,46.145494],[35.209483,46.169867],[35.26352,46.242255],[35.279541,46.255145],[35.284516,46.259223],[35.380138,46.368476],[35.39503,46.378607],[35.430024,46.395575],[35.445486,46.405992],[35.475759,46.435696],[35.491466,46.447984],[35.510509,46.457221],[35.628673,46.498481],[35.661306,46.519273],[35.741954,46.584418],[35.771169,46.601264],[35.827159,46.623358],[35.901622,46.652737],[35.925548,46.652289],[36.062022,46.670111],[36.134451,46.662665],[36.171723,46.668606],[36.189464,46.669013],[36.209972,46.662665],[36.216645,46.658677],[36.221853,46.654039],[36.230642,46.642157],[36.232921,46.640692],[36.244314,46.635321],[36.244477,46.63052],[36.243337,46.624091],[36.240733,46.61994],[36.245779,46.610826],[36.246755,46.612738],[36.247895,46.619045],[36.257823,46.621731],[36.267589,46.625556],[36.271169,46.622219],[36.270844,46.607408],[36.278331,46.607408],[36.284353,46.63642],[36.303477,46.659247],[36.371104,46.708441],[36.400157,46.723944],[36.432465,46.734849],[36.482677,46.741685],[36.524099,46.758857],[36.590017,46.758857],[36.59783,46.762152],[36.605968,46.769436],[36.617035,46.776679],[36.633962,46.779975],[36.661632,46.773749],[36.67921,46.773017],[36.696056,46.779975],[36.710134,46.772773],[36.742849,46.764716],[36.758067,46.758857],[36.794281,46.729193],[36.802501,46.724758],[36.802257,46.707017],[36.790294,46.671291],[36.771658,46.643459],[36.751231,46.649604],[36.743826,46.649604],[36.743826,46.642157],[36.769298,46.637397],[36.793712,46.653632],[36.812266,46.680569],[36.819591,46.707668],[36.8296,46.731879],[36.849132,46.754462],[36.862478,46.776923],[36.853689,46.800482],[36.886241,46.804023],[36.938813,46.839504],[36.973806,46.848293],[36.984874,46.852484],[37.017751,46.871283],[37.028819,46.875556],[37.037764,46.876664],[37.037719,46.876726],[37.009555,46.914837],[37.008315,46.918273],[37.00785,46.921942],[37.009555,46.9268],[37.012501,46.930081],[37.015601,46.933156],[37.018857,46.93574],[37.047434,46.953878],[37.051155,46.956876],[37.057046,46.959485],[37.061852,46.961062],[37.067278,46.96101],[37.072084,46.959718],[37.081541,46.95623],[37.086346,46.955119],[37.091204,46.955015],[37.095545,46.956101],[37.099731,46.957754],[37.114458,46.965712],[37.115699,46.969898],[37.114458,46.975789],[37.093685,47.000026],[37.09384,47.000904],[37.09849,47.005736],[37.105622,47.011291],[37.116629,47.017699],[37.119729,47.020231],[37.120505,47.0239],[37.118489,47.028189],[37.111358,47.033925],[37.106242,47.037],[37.090997,47.043899],[37.074099,47.05581],[37.070844,47.057541],[37.067123,47.058058],[37.063867,47.05656],[37.060767,47.054105],[37.055341,47.047826],[37.05255,47.045242],[37.049139,47.044777],[37.045884,47.046173],[37.010951,47.065629],[37.006455,47.069944],[37.002579,47.076532],[36.990797,47.106169],[36.983045,47.117434],[36.967491,47.135469],[36.96253,47.139707],[36.958809,47.141929],[36.940516,47.149629],[36.897676,47.162186],[36.888994,47.166062],[36.864448,47.182443],[36.858712,47.187663],[36.857006,47.19066],[36.856541,47.193709],[36.860107,47.197249],[36.864448,47.199031],[36.869926,47.199807],[36.922636,47.202752],[36.931679,47.204871],[36.935555,47.206602],[36.938655,47.209005],[36.940361,47.212312],[36.941136,47.215956],[36.938035,47.241122],[36.936175,47.24815],[36.933539,47.253602],[36.918501,47.275151],[36.913954,47.283626],[36.913024,47.293858],[36.915659,47.29825],[36.919432,47.301299],[36.927803,47.304348],[36.932144,47.305097],[36.936485,47.305072],[36.939895,47.303547],[36.943306,47.301454],[36.947027,47.299542],[36.951988,47.298741],[36.962065,47.298586],[36.966561,47.29763],[36.970126,47.295666],[36.973227,47.293238],[36.977413,47.291119],[36.989091,47.288638],[37.00785,47.286933],[37.028934,47.287553],[37.065418,47.296183],[37.069448,47.298044],[37.072394,47.300602],[37.074254,47.304193],[37.074719,47.307914],[37.074099,47.318817],[37.074874,47.322745],[37.076735,47.326414],[37.078905,47.330005],[37.087793,47.339901],[37.089964,47.34295],[37.092134,47.346774],[37.095855,47.355198],[37.100196,47.362742],[37.103296,47.36561],[37.106552,47.368091],[37.114458,47.371476],[37.118644,47.372354],[37.12283,47.372664],[37.125931,47.372561],[37.130737,47.371889],[37.135542,47.370546],[37.139883,47.368608],[37.143294,47.366386],[37.149702,47.361399],[37.152492,47.35866],[37.157143,47.353027],[37.159004,47.350082],[37.161019,47.34755],[37.163654,47.345896],[37.16722,47.346309],[37.171096,47.347498],[37.179157,47.350831],[37.182413,47.353079],[37.185048,47.355611],[37.185514,47.359125],[37.184738,47.362897],[37.183343,47.367781],[37.181948,47.375765],[37.182258,47.379692],[37.183033,47.383723],[37.184583,47.387883],[37.188769,47.395454],[37.198691,47.409148],[37.199621,47.413256],[37.199311,47.422067],[37.199931,47.425581],[37.201792,47.429147],[37.217811,47.448422],[37.220292,47.451962],[37.220912,47.455269],[37.219207,47.458137],[37.211455,47.459481],[37.19435,47.459274],[37.152182,47.463873],[37.147325,47.463253],[37.143914,47.461238],[37.140658,47.45483],[37.137713,47.452272],[37.134147,47.450437],[37.128721,47.451187],[37.122365,47.454623],[37.102831,47.475294],[37.099886,47.477826],[37.021182,47.524205],[36.995448,47.547486],[36.987541,47.552524],[36.944236,47.570378],[36.936795,47.571489],[36.930749,47.57105],[36.904187,47.557356],[36.897211,47.552757],[36.893335,47.550896],[36.881863,47.555935],[36.864965,47.566348],[36.825846,47.595855],[36.809051,47.60557],[36.797889,47.610247],[36.766573,47.601513],[36.756961,47.600247],[36.752103,47.601694],[36.748848,47.605105],[36.748073,47.61203],[36.748848,47.617301],[36.752103,47.626292],[36.75324,47.630375],[36.752413,47.633889],[36.749468,47.636472],[36.731949,47.63885],[36.727299,47.640503],[36.723733,47.644069],[36.721252,47.648927],[36.720012,47.657763],[36.722803,47.661329],[36.726989,47.663448],[36.736445,47.665308],[36.744972,47.668047],[36.748383,47.669907],[36.749158,47.672181],[36.747297,47.67492],[36.740786,47.67709],[36.715206,47.681379],[36.70885,47.685048],[36.703114,47.690836],[36.689265,47.715899],[36.661359,47.757137],[36.658569,47.763674],[36.656709,47.778066],[36.655003,47.784991],[36.652988,47.787833],[36.649577,47.789745],[36.643066,47.789796],[36.616969,47.78636],[36.605807,47.786489],[36.59418,47.78822],[36.583741,47.791398],[36.57692,47.803026],[36.576145,47.844212],[36.39197,47.825712],[36.387784,47.827107],[36.384529,47.829329],[36.379103,47.834652],[36.375692,47.836977],[36.371506,47.838734],[36.366545,47.839613],[36.361223,47.839871],[36.354712,47.838734],[36.34727,47.836486],[36.336418,47.830569],[36.331457,47.825712],[36.325256,47.817753],[36.318435,47.81517],[36.307893,47.813826],[36.285982,47.813309],[36.274975,47.814394],[36.267378,47.816151],[36.256681,47.823024],[36.252341,47.824962],[36.247018,47.826228],[36.224384,47.827624],[36.219268,47.828605],[36.214927,47.830311],[36.213066,47.833205],[36.212291,47.836719],[36.211981,47.840284],[36.209501,47.854444],[36.208416,47.857751],[36.20671,47.860645],[36.203455,47.862764],[36.198804,47.86341],[36.193481,47.863539],[36.187435,47.86235],[36.181079,47.860231],[36.173172,47.85465],[36.168831,47.850103],[36.16325,47.8423],[36.159995,47.839664],[36.152243,47.837907],[36.106613,47.834703],[36.098241,47.83553],[36.095141,47.837726],[36.09266,47.840388],[36.08832,47.8423],[36.078656,47.845168],[36.076486,47.847571],[36.0754,47.850826],[36.07478,47.854237],[36.072145,47.856924],[36.062998,47.860852],[36.060673,47.86359],[36.059587,47.867001],[36.059587,47.870618],[36.060828,47.873771],[36.063773,47.875553],[36.071215,47.874649],[36.07571,47.872556],[36.082997,47.867776],[36.087544,47.867208],[36.092815,47.868345],[36.098396,47.873357],[36.101342,47.878034],[36.109404,47.894958],[36.11638,47.905758],[36.117775,47.909427],[36.117775,47.91289],[36.11669,47.916094],[36.11483,47.919194],[36.113589,47.92245],[36.113589,47.925912],[36.114519,47.929478],[36.11762,47.936222],[36.11762,47.938676],[36.117,47.939632],[36.114675,47.939813],[36.086924,47.938418],[36.082377,47.94002],[36.079586,47.941622],[36.078243,47.94356],[36.075866,47.945756],[36.072455,47.947616],[36.068114,47.948986],[36.063153,47.949838],[36.059122,47.95113],[36.057882,47.954076],[36.059432,47.965341],[36.059277,47.969062],[36.056642,47.98317],[36.054782,47.989939],[36.053076,47.99304],[36.050596,47.995805],[36.04641,47.997846],[36.041139,47.999086],[36.027496,48.00074],[36.024086,48.00198],[36.021295,48.004228],[36.020985,48.007561],[36.022535,48.011049],[36.025326,48.014124],[36.028272,48.016863],[36.041759,48.026888],[36.04455,48.03004],[36.04672,48.033399],[36.04765,48.037197],[36.04672,48.040427],[36.044705,48.043295],[36.039744,48.044148],[36.032457,48.042701],[36.00016,48.028076],[35.995819,48.027069],[35.989773,48.026268],[35.978921,48.026371],[35.97458,48.028645],[35.972254,48.031771],[35.972564,48.039497],[35.972099,48.043011],[35.966828,48.052261],[35.965898,48.055749],[35.965691,48.05947],[35.966518,48.063578],[35.970342,48.076575],[35.970859,48.080528],[35.969929,48.083913],[35.967552,48.086781],[35.963986,48.089106],[35.95918,48.090708],[35.953599,48.091483],[35.942282,48.091819],[35.882854,48.082027],[35.828542,48.067066],[35.81645,48.065955],[35.808853,48.066834],[35.793919,48.08337],[35.790508,48.085747],[35.786167,48.087814],[35.781051,48.089416],[35.732321,48.095928],[35.727515,48.097633],[35.723639,48.099855],[35.710927,48.109854],[35.702865,48.117813],[35.699609,48.120267],[35.696044,48.122619],[35.691548,48.124453],[35.685915,48.1259],[35.674133,48.126985],[35.646073,48.124324],[35.604318,48.11634],[35.595326,48.113343],[35.579203,48.104609],[35.556362,48.088951],[35.546595,48.084533],[35.530783,48.080683],[35.521894,48.079391],[35.514763,48.079391],[35.511662,48.080011],[35.497089,48.085231],[35.340045,48.103989],[35.274726,48.125797],[35.254572,48.129672],[35.245115,48.130189],[35.191113,48.12373],[35.173698,48.120939],[35.164552,48.11913],[35.15618,48.119802],[35.12874,48.12807],[35.118146,48.129052],[35.101403,48.128716],[35.080836,48.125771],[35.074066,48.122748],[35.065023,48.11975],[35.047711,48.118252],[35.038099,48.118252],[35.028643,48.11944],[35.017429,48.11665],[35.001771,48.110655],[34.96906,48.091949],[34.943118,48.080993],[34.886016,48.08089],[34.88059,48.082001],[34.876559,48.084042],[34.874543,48.086988],[34.873148,48.090269],[34.871288,48.09709],[34.870203,48.104273],[34.870048,48.111017],[34.870358,48.11634],[34.869893,48.119337],[34.867257,48.121559],[34.862606,48.122463],[34.857025,48.122851],[34.851444,48.122748],[34.845863,48.120836],[34.84054,48.117503],[34.83589,48.108588],[34.835269,48.103343],[34.836045,48.098873],[34.840385,48.089261],[34.845656,48.080786],[34.846276,48.078719],[34.846483,48.077272],[34.844933,48.073319],[34.843486,48.070503],[34.842246,48.065361],[34.84023,48.041306],[34.83837,48.038128],[34.834804,48.034691],[34.821162,48.028748],[34.816201,48.025803],[34.81372,48.01986],[34.81341,48.015519],[34.814961,48.012005],[34.817906,48.010093],[34.822712,48.009266],[34.833564,48.008956],[34.83868,48.008388],[34.842246,48.006553],[34.844003,48.003995],[34.844623,48.001515],[34.844933,47.995934],[34.845346,47.992678],[34.846276,47.989164],[34.848033,47.986064],[34.850204,47.98317],[34.853304,47.980715],[34.857025,47.97839],[34.866792,47.974901],[34.903534,47.96839],[34.908392,47.966685],[34.911802,47.964359],[34.914128,47.961414],[34.916608,47.954851],[34.916918,47.951156],[34.916298,47.947151],[34.915058,47.942862],[34.912112,47.938418],[34.907306,47.934387],[34.896558,47.93108],[34.852684,47.924465],[34.846483,47.922062],[34.819766,47.90674],[34.81434,47.901883],[34.810465,47.894855],[34.808759,47.889713],[34.807674,47.884984],[34.807829,47.881212],[34.808139,47.877543],[34.809535,47.874287],[34.811705,47.871394],[34.818371,47.866665],[34.895783,47.834781],[34.90188,47.830828],[34.903534,47.828916],[34.904154,47.827262],[34.903844,47.824213],[34.902604,47.820492],[34.90002,47.816358],[34.891132,47.804989],[34.887721,47.798943],[34.886636,47.794189],[34.887101,47.790442],[34.888186,47.787135],[34.889581,47.78388],[34.890512,47.780495],[34.890356,47.776567],[34.886636,47.763752],[34.886326,47.760134],[34.888806,47.757447],[34.893767,47.755742],[34.911647,47.752305],[34.935677,47.750057],[34.940793,47.748507],[34.944358,47.746207],[34.945289,47.742771],[34.945444,47.738895],[34.934126,47.692257],[34.92653,47.67678],[34.918623,47.64717],[34.912267,47.630168],[34.897333,47.604278],[34.895783,47.600867],[34.895317,47.59725],[34.896713,47.594201],[34.90002,47.591824],[34.919554,47.58154],[34.925755,47.576838],[34.928235,47.574047],[34.929786,47.570843],[34.930096,47.567174],[34.929631,47.563299],[34.923274,47.54193],[34.921879,47.538856],[34.916143,47.530872],[34.910562,47.526247],[34.907306,47.52436],[34.898263,47.523249],[34.832634,47.525911],[34.729901,47.539166],[34.644583,47.563609],[34.594612,47.568621],[34.58376,47.567174],[34.445939,47.522888],[34.319332,47.505189],[34.203732,47.478394],[34.157481,47.473898],[34.058211,47.48072],[33.901786,47.514464],[33.87972,47.513741],[33.752493,47.491003],[33.654411,47.486818],[33.642784,47.488523],[33.640304,47.491313],[33.634878,47.5017],[33.633017,47.504413],[33.630227,47.507643],[33.624336,47.511622],[33.617049,47.512346],[33.594518,47.510795],[33.588162,47.512191],[33.584441,47.514723],[33.582891,47.517927],[33.579015,47.527616],[33.575295,47.534282],[33.575295,47.53759],[33.57669,47.540974],[33.578705,47.544592],[33.586457,47.553945],[33.588472,47.556942],[33.588782,47.560043],[33.586922,47.563712],[33.583046,47.567614],[33.57545,47.572807],[33.569093,47.574616],[33.562892,47.575365],[33.503309,47.567123],[33.497418,47.565443],[33.494266,47.564151],[33.492096,47.561903],[33.491475,47.558725],[33.491941,47.555392],[33.493646,47.548364],[33.493956,47.544695],[33.493646,47.541026],[33.491786,47.537615],[33.488995,47.53498],[33.485274,47.532732],[33.476748,47.529916],[33.370604,47.515498],[33.365953,47.514361],[33.362078,47.512552],[33.359287,47.509865],[33.357582,47.506765],[33.356652,47.503612],[33.356032,47.500383],[33.355101,47.499323],[33.352466,47.497902],[33.3458,47.495292],[33.339443,47.495086],[33.333501,47.495732],[33.322649,47.500305],[33.313192,47.505964],[33.306681,47.510795],[33.304045,47.513586],[33.30203,47.516531],[33.300324,47.519632],[33.296604,47.529451],[33.293193,47.535652],[33.283426,47.539321],[33.267096,47.5433],[33.193406,47.553919],[33.184724,47.557769],[33.170151,47.566813],[33.165449,47.568518],[33.089278,47.582858],[33.087417,47.574202],[33.086797,47.56242],[33.087417,47.554875],[33.088038,47.551361],[33.089278,47.547977],[33.091603,47.545212],[33.094859,47.542731],[33.109742,47.534205],[33.115684,47.529709],[33.1177,47.526918],[33.11863,47.523715],[33.118165,47.519994],[33.11646,47.516583],[33.112274,47.509865],[33.110982,47.506093],[33.111189,47.503096],[33.111654,47.501132],[33.111809,47.500305],[33.112894,47.498186],[33.11801,47.489944],[33.12018,47.487334],[33.123126,47.482813],[33.124211,47.480461],[33.124986,47.477309],[33.125296,47.473769],[33.124986,47.469713],[33.123126,47.461315],[33.12049,47.452944],[33.120025,47.448939],[33.120335,47.445218],[33.121421,47.44173],[33.123126,47.438603],[33.125296,47.435761],[33.128862,47.429612],[33.129947,47.426201],[33.130102,47.422584],[33.128242,47.419018],[33.124056,47.416383],[33.115064,47.414496],[33.095944,47.413437],[33.090208,47.414031],[33.085092,47.415272],[33.081836,47.417571],[33.079976,47.420672],[33.07455,47.433617],[33.064473,47.448861],[33.061838,47.451316],[33.058892,47.452194],[33.055275,47.450644],[33.052794,47.445063],[33.05052,47.436097],[33.047213,47.431291],[33.0314,47.417003],[33.027835,47.412145],[33.026129,47.408734],[33.026749,47.405892],[33.028145,47.402895],[33.02985,47.399846],[33.032175,47.396952],[33.034966,47.394265],[33.038687,47.392043],[33.042717,47.390079],[33.047678,47.388581],[33.053621,47.387599],[33.087417,47.387392],[33.092223,47.386643],[33.096254,47.384912],[33.099355,47.382379],[33.120645,47.34941],[33.122041,47.346103],[33.123901,47.339333],[33.124676,47.333726],[33.124521,47.330961],[33.123901,47.327344],[33.12111,47.319283],[33.111189,47.300421],[33.106228,47.288277],[33.104677,47.279905],[33.104677,47.276004],[33.105091,47.272412],[33.106228,47.26895],[33.107778,47.265746],[33.113514,47.256857],[33.134908,47.230968],[33.136613,47.226885],[33.136148,47.224327],[33.130567,47.216576],[33.128552,47.212209],[33.127312,47.208127],[33.124986,47.204561],[33.120645,47.202442],[33.112739,47.202545],[33.107158,47.203837],[33.094549,47.209057],[33.089588,47.209935],[33.083852,47.208928],[33.077961,47.206266],[33.04866,47.182624],[33.043182,47.180066],[33.035896,47.177947],[33.021323,47.176242],[32.998327,47.176656],[32.995433,47.177534],[32.984685,47.187017],[32.980809,47.187921],[32.976158,47.186784],[32.971197,47.181229],[32.96205,47.164434],[32.936316,47.126891],[32.918436,47.110355],[32.91642,47.107047],[32.915025,47.103533],[32.915335,47.100123],[32.915955,47.097022],[32.91735,47.094077],[32.918746,47.089064],[32.919831,47.080124],[32.921846,47.077333],[32.925257,47.07537],[32.930218,47.074801],[32.945617,47.076067],[32.950888,47.075938],[32.956004,47.074982],[33.013572,47.051082],[33.059357,47.021471],[33.061373,47.018629],[33.061683,47.015322],[33.060132,47.011911],[33.057962,47.008656],[33.049384,46.999767],[33.031555,46.985659],[33.028765,46.982611],[33.027524,46.980595],[33.026284,46.977598],[33.026284,46.974291],[33.026129,46.971629],[33.025044,46.969924],[32.998327,46.981939],[32.991971,46.985815],[32.985925,46.990827],[32.980654,46.99615],[32.976313,46.99956],[32.974918,47.000232],[32.971352,46.99956],[32.965461,46.99739],[32.954919,46.99062],[32.951198,46.985659],[32.949493,46.981138],[32.949958,46.969743],[32.951198,46.962483],[32.952439,46.959149],[32.954299,46.956049],[32.957089,46.953568],[32.96081,46.951734],[32.965926,46.950985],[33.001324,46.950959],[33.00551,46.950209],[33.009076,46.948556],[33.012022,46.946127],[33.014347,46.943336],[33.015122,46.940055],[33.010161,46.936179],[32.999619,46.932536],[32.95895,46.924966],[32.946082,46.919617],[32.924327,46.902719],[32.91394,46.900032],[32.816478,46.888844],[32.811982,46.886983],[32.807021,46.882255],[32.806556,46.878689],[32.807796,46.875304],[32.811052,46.872902],[32.814773,46.870989],[32.818803,46.869646],[32.826451,46.868044],[32.849861,46.866597],[32.903863,46.870059],[32.910374,46.868561],[32.919521,46.865098],[32.924792,46.864582],[32.934869,46.865098],[32.938899,46.864427],[32.94076,46.861946],[32.931458,46.856959],[32.914095,46.850732],[32.836063,46.831767],[32.832343,46.829726],[32.828312,46.827943],[32.822059,46.826961],[32.772915,46.82846],[32.719533,46.823551],[32.708629,46.823757],[32.705684,46.824274],[32.701963,46.825773],[32.698552,46.82784],[32.695452,46.830372],[32.692661,46.833059],[32.68584,46.841586],[32.683049,46.844195],[32.679484,46.846495],[32.675143,46.848459],[32.652457,46.853471],[32.647651,46.855177],[32.64393,46.857269],[32.640675,46.859621],[32.632148,46.860809],[32.592874,46.859827],[32.582642,46.861584],[32.575201,46.863626],[32.571325,46.865874],[32.562798,46.866468],[32.557992,46.868018],[32.554582,46.870344],[32.551946,46.872798],[32.547399,46.874245],[32.542593,46.874219],[32.538407,46.872746],[32.536702,46.868302],[32.536702,46.853471],[32.536237,46.848691],[32.534996,46.844221],[32.533136,46.840604],[32.530656,46.837839],[32.527865,46.83585],[32.522594,46.833137],[32.514843,46.831715],[32.479754,46.829855],[32.469677,46.831354],[32.463166,46.833679],[32.461461,46.836754],[32.457275,46.842619],[32.454019,46.844996],[32.449524,46.846495],[32.444253,46.847115],[32.422807,46.845771],[32.389321,46.839519],[32.381827,46.836573],[32.374076,46.830656],[32.3702,46.825876],[32.358728,46.801433],[32.356403,46.798152],[32.351132,46.795749],[32.343225,46.794586],[32.317439,46.796214],[32.259251,46.81058],[32.248244,46.81089],[32.234911,46.809288],[32.22871,46.807583],[32.222664,46.804973],[32.214602,46.799314],[32.210572,46.794818],[32.207781,46.790374],[32.197963,46.771616],[32.188196,46.758619],[32.185405,46.755803],[32.178739,46.750971],[32.171608,46.746708],[32.154658,46.741669],[32.123032,46.735339],[32.11218,46.735236],[32.099467,46.738233],[32.082983,46.745235],[32.077712,46.74632],[32.071976,46.746785],[32.065154,46.745855],[32.057403,46.743917],[32.039833,46.735546],[32.032081,46.729706],[32.016733,46.726192],[31.966452,46.727019],[31.965005,46.72242],[31.964905,46.7221],[31.970714,46.712877],[31.974457,46.693996],[31.979828,46.677069],[31.992931,46.657416],[32.008962,46.639797],[32.022797,46.629136],[32.039561,46.623481],[32.101085,46.614895],[32.117931,46.606879],[32.132091,46.570299],[32.146332,46.560248],[32.169932,46.580756],[32.180186,46.581773],[32.199718,46.586493],[32.210948,46.587592],[32.220063,46.590725],[32.236827,46.604438],[32.24822,46.607408],[32.253754,46.604722],[32.269298,46.587592],[32.335785,46.562161],[32.409028,46.568915],[32.543712,46.621731],[32.567393,46.618476],[32.594574,46.628323],[32.621837,46.641791],[32.645518,46.649604],[32.6338,46.633124],[32.619395,46.623521],[32.60377,46.615709],[32.58839,46.604315],[32.570974,46.596422],[32.52475,46.592719],[32.505707,46.584133],[32.43572,46.543158],[32.408376,46.517279],[32.427013,46.498847],[32.399669,46.478339],[32.361013,46.466864],[32.317556,46.464342],[32.276134,46.470893],[32.221528,46.495429],[32.111664,46.512437],[32.091156,46.512844],[32.033458,46.506293],[31.947113,46.519273],[31.861827,46.519273],[31.851736,46.521959],[31.816591,46.483158],[31.816487,46.483106],[31.816288,46.483006],[31.910655,46.455878],[31.9546,46.450995],[31.99171,46.453559],[32.007823,46.448961],[32.053559,46.405992],[32.06186,46.393785],[32.055186,46.39057],[32.041677,46.390855],[32.029633,46.388983],[31.977306,46.355292],[31.968272,46.35106],[31.892589,46.341132],[31.837413,46.349555],[31.816742,46.347968],[31.799815,46.342231],[31.779959,46.331773],[31.767345,46.318183]]],[[[32.619395,46.060004],[33.04005,46.012152],[33.057465,46.025214],[33.045095,46.037909],[32.99936,46.035305],[32.989268,46.042629],[32.978689,46.05329],[32.954845,46.051744],[32.913585,46.038804],[32.881684,46.055406],[32.852061,46.056301],[32.783214,46.046332],[32.639334,46.060004],[32.631358,46.06623],[32.62672,46.065904],[32.619395,46.060004]]]]}},{"type":"Feature","id":3,"properties":{"id":"golan","kind":"dispute","name":"Golan Heights (disputed)","bilingual":"רמת הגולן / الجولان / Golan Heights","claimants":["Syria (سوريا)","Israel (ישראל)"],"controller":"Israel (de facto since 1967)","note":"Israel has administered the Golan Heights since the 1967 war and applied its law in 1981; Syria claims the territory and most international bodies treat it as occupied Syrian land. Status disputed.","recognition":null,"start_year":1967,"end_year":2100},"geometry":{"type":"Polygon","coordinates":[[[35.62,32.62],[35.95,32.62],[35.95,33.3],[35.62,33.3],[35.62,32.62]]]}},{"type":"Feature","id":4,"properties":{"id":"west-bank-gaza","kind":"dispute","name":"West Bank & Gaza (disputed)","bilingual":"الضفة الغربية وغزة / West Bank & Gaza","claimants":["State of Palestine (دولة فلسطين)","Israel (ישראל)"],"controller":"Israel / Palestinian Authority / Hamas (mixed de facto)","note":"The West Bank, East Jerusalem and Gaza are claimed by the State of Palestine for a future state; Israel administers the West Bank and East Jerusalem and disputes their status, while Gaza was under Hamas de facto control after 2007. Most international bodies treat these areas as occupied/disputed. Status disputed.","recognition":null,"start_year":1967,"end_year":2100},"geometry":{"type":"MultiPolygon","coordinates":[[[[34.481204,31.583141],[34.520126,31.558327],[34.556032,31.539825],[34.528259,31.520144],[34.495703,31.494409],[34.495496,31.494409],[34.480407,31.485624],[34.367339,31.392814],[34.345841,31.357725],[34.345531,31.340724],[34.353799,31.306359],[34.350905,31.289254],[34.315869,31.256905],[34.264399,31.224193],[34.248351,31.211449],[34.230396,31.25923],[34.224608,31.275715],[34.200269,31.314267],[34.222667,31.326646],[34.236664,31.342353],[34.281423,31.376695],[34.301606,31.407701],[34.348399,31.437649],[34.368175,31.468166],[34.44337,31.534573],[34.47877,31.578274],[34.481204,31.583141]]],[[[34.986695,31.967228],[34.997837,31.978779],[34.998827,31.993899],[34.996775,32.011102],[35.007245,32.020772],[34.984217,32.089584],[34.986943,32.123991],[34.97704,32.149987],[34.96268,32.173462],[34.958223,32.186454],[34.961411,32.201576],[35.000271,32.232013],[35.007609,32.24439],[35.011123,32.257102],[35.009366,32.267644],[35.002442,32.275137],[34.989936,32.27847],[34.993037,32.29157],[34.996551,32.323041],[35.000685,32.335728],[35.004509,32.338053],[35.017841,32.342213],[35.021562,32.34459],[35.028797,32.365157],[35.03273,32.3822],[35.044713,32.43412],[35.06435,32.463136],[35.090705,32.479233],[35.120678,32.491325],[35.151683,32.507914],[35.176798,32.532692],[35.190751,32.54171],[35.208631,32.54264],[35.210359,32.541868],[35.22372,32.535896],[35.252246,32.515949],[35.270436,32.510471],[35.333378,32.513081],[35.363143,32.51011],[35.392909,32.494478],[35.401797,32.470965],[35.401384,32.440011],[35.406862,32.414793],[35.432803,32.408256],[35.456678,32.40761],[35.480139,32.402416],[35.560961,32.384717],[35.563958,32.377043],[35.565612,32.367948],[35.55941,32.367948],[35.55941,32.374821],[35.551969,32.374821],[35.551969,32.367948],[35.557343,32.358207],[35.556517,32.328209],[35.565612,32.313352],[35.561167,32.301699],[35.560857,32.28263],[35.564578,32.263587],[35.572536,32.251908],[35.567575,32.249506],[35.563751,32.246818],[35.561064,32.243149],[35.55941,32.237594],[35.572536,32.237594],[35.559562,32.190371],[35.555173,32.174394],[35.55941,32.162534],[35.55941,32.155093],[35.551246,32.151527],[35.546698,32.147031],[35.546698,32.141605],[35.551969,32.135197],[35.535226,32.110806],[35.534606,32.09923],[35.545148,32.086828],[35.528301,32.075098],[35.522824,32.057838],[35.524684,32.011691],[35.535536,31.988229],[35.537706,31.977584],[35.538326,31.963942],[35.53998,31.955622],[35.545871,31.944563],[35.545148,31.936605],[35.5406,31.932006],[35.533676,31.9303],[35.527474,31.927355],[35.524684,31.919241],[35.549075,31.839195],[35.538326,31.826741],[35.538326,31.819299],[35.55941,31.765349],[35.527578,31.735067],[35.502479,31.68536],[35.480139,31.641119],[35.464222,31.568565],[35.458745,31.494409],[35.459055,31.492808],[35.459158,31.491877],[35.458745,31.491567],[35.458125,31.491929],[35.390118,31.487071],[35.332344,31.458804],[35.223307,31.381031],[35.164913,31.362273],[35.040166,31.363203],[34.980324,31.356175],[34.9549,31.34863],[34.927408,31.34491],[34.900949,31.348475],[34.878832,31.362841],[34.867153,31.396431],[34.881726,31.429866],[34.926788,31.494409],[34.932472,31.526966],[34.932885,31.554923],[34.93733,31.582001],[34.953176,31.60832],[34.955313,31.61187],[34.973606,31.63037],[35.059226,31.676797],[35.093387,31.702416],[35.114231,31.717685],[35.125742,31.733103],[35.148952,31.737349],[35.154355,31.733426],[35.166733,31.732052],[35.179423,31.720103],[35.205255,31.723187],[35.219389,31.715115],[35.224148,31.719163],[35.228,31.717428],[35.231399,31.712609],[35.23797,31.709332],[35.242417,31.71085],[35.244315,31.719356],[35.249215,31.723572],[35.252472,31.738051],[35.258122,31.742423],[35.262811,31.748625],[35.259724,31.756935],[35.253152,31.762522],[35.252699,31.76965],[35.258137,31.783713],[35.262896,31.789684],[35.25995,31.792573],[35.258817,31.800662],[35.255871,31.812216],[35.26063,31.818763],[35.264935,31.826272],[35.260177,31.828774],[35.253605,31.829352],[35.251566,31.831277],[35.257231,31.838593],[35.253747,31.841456],[35.24998,31.844368],[35.244768,31.845138],[35.233353,31.842611],[35.227462,31.850311],[35.225649,31.85724],[35.226555,31.867247],[35.222023,31.879178],[35.212053,31.881487],[35.205255,31.877254],[35.204802,31.871096],[35.209334,31.863398],[35.212959,31.85339],[35.216132,31.839146],[35.216132,31.823745],[35.215764,31.82011],[35.213271,31.818763],[35.196644,31.82644],[35.189931,31.826657],[35.183587,31.825116],[35.182227,31.819918],[35.185768,31.814117],[35.186167,31.80874],[35.173922,31.807551],[35.136957,31.814293],[35.121392,31.824845],[35.112472,31.823963],[35.097585,31.831266],[35.088091,31.848132],[35.07632,31.854158],[35.064436,31.854579],[35.056018,31.853317],[35.04562,31.84827],[35.027492,31.832731],[35.012939,31.82934],[35.00155,31.828499],[34.98031,31.831317],[34.977433,31.833366],[34.97874,31.837333],[34.989761,31.845584],[34.99854,31.853835],[35.006572,31.856056],[35.030107,31.857008],[35.034323,31.861114],[35.039006,31.908637],[35.029902,31.92443],[35.016354,31.926586],[35.005424,31.933769],[35.003776,31.939211],[35.007734,31.944922],[35.001223,31.949619],[34.986695,31.967228]]]]}},{"type":"Feature","id":5,"properties":{"id":"kashmir","kind":"dispute","name":"Kashmir (disputed)","bilingual":"कश्मीर / کشمیر / Kashmir","claimants":["India (भारत)","Pakistan (پاکستان)","China (中国)"],"controller":"India, Pakistan & China (partitioned de facto)","note":"Disputed since 1947: India administers Jammu, the Kashmir Valley and Ladakh; Pakistan administers Azad Kashmir and Gilgit-Baltistan; China administers Aksai Chin. India and Pakistan each claim the whole of the former princely state of Jammu and Kashmir. Status disputed.","recognition":null,"start_year":1947,"end_year":2100},"geometry":{"type":"Polygon","coordinates":[[[72.515604,35.903959],[72.55675,35.889345],[72.653888,35.854842],[72.655854,35.854143],[72.750009,35.844842],[72.792383,35.837555],[72.798481,35.83771],[72.806129,35.838692],[72.80892,35.841328],[72.814604,35.848097],[72.818015,35.851198],[72.856152,35.870215],[72.864627,35.872799],[72.872172,35.874297],[72.971597,35.878121],[72.977798,35.877191],[72.982509,35.875827],[72.985653,35.874917],[73.000383,35.86878],[73.000536,35.868716],[73.007168,35.86511],[73.008804,35.86422],[73.015744,35.861407],[73.016452,35.86112],[73.031645,35.856831],[73.042187,35.856055],[73.052729,35.85652],[73.05955,35.857761],[73.064305,35.859518],[73.068129,35.861636],[73.07247,35.864892],[73.080634,35.873419],[73.085285,35.876519],[73.086359,35.876304],[73.087966,35.875983],[73.088386,35.875899],[73.090556,35.874142],[73.09221,35.871145],[73.094277,35.868354],[73.108333,35.856159],[73.119097,35.848624],[73.119527,35.848323],[73.119702,35.848201],[73.129359,35.842938],[73.148816,35.832334],[73.149571,35.831923],[73.152981,35.828098],[73.154738,35.824895],[73.154118,35.821329],[73.151328,35.817453],[73.132621,35.802415],[73.129934,35.799418],[73.128487,35.796317],[73.123112,35.744486],[73.123112,35.73689],[73.123836,35.730327],[73.125593,35.724797],[73.12921,35.72025],[73.135308,35.714979],[73.227809,35.663664],[73.240315,35.654311],[73.243725,35.650952],[73.25158,35.645061],[73.282267,35.627514],[73.289964,35.623112],[73.290441,35.62284],[73.296849,35.617104],[73.299226,35.613228],[73.30398,35.602376],[73.306737,35.600538],[73.306835,35.600472],[73.307081,35.600309],[73.309872,35.599301],[73.310801,35.598965],[73.325064,35.595865],[73.329198,35.595451],[73.348938,35.597156],[73.354726,35.596846],[73.365678,35.595021],[73.366198,35.594934],[73.373846,35.592402],[73.374308,35.59218],[73.382177,35.588386],[73.382528,35.588216],[73.388316,35.583979],[73.392347,35.580155],[73.39493,35.574832],[73.396687,35.56982],[73.408941,35.549056],[73.409415,35.548253],[73.409477,35.548149],[73.40971,35.547754],[73.442576,35.561758],[73.46393,35.557897],[73.465465,35.55762],[73.465646,35.557587],[73.465727,35.557572],[73.503554,35.534606],[73.504273,35.534169],[73.504369,35.534111],[73.504795,35.533853],[73.566083,35.541811],[73.629541,35.543],[73.757803,35.527108],[73.758422,35.527032],[73.771637,35.522126],[73.77185,35.522047],[73.772065,35.521967],[73.777853,35.505689],[73.778473,35.50233],[73.781677,35.460886],[73.782607,35.456855],[73.784054,35.452928],[73.784674,35.449879],[73.784157,35.44714],[73.78147,35.444659],[73.776923,35.442437],[73.767518,35.439337],[73.742506,35.427761],[73.72752,35.417633],[73.725866,35.415152],[73.724419,35.412465],[73.722869,35.408486],[73.717185,35.397996],[73.69424,35.36637],[73.691553,35.361099],[73.69021,35.35743],[73.6899,35.354536],[73.690623,35.348541],[73.69083,35.345182],[73.687316,35.31769],[73.687109,35.313608],[73.687419,35.310146],[73.688866,35.306735],[73.718425,35.264102],[73.719975,35.258883],[73.720285,35.254645],[73.717598,35.239297],[73.715118,35.234026],[73.714808,35.23015],[73.715531,35.225138],[73.722146,35.215733],[73.72783,35.211547],[73.731514,35.209748],[73.732109,35.209457],[73.732193,35.209416],[73.732274,35.209377],[73.735685,35.209273],[73.738682,35.20979],[73.741886,35.211237],[73.745813,35.213769],[73.766587,35.231236],[73.769895,35.233199],[73.773099,35.234491],[73.776303,35.23506],[73.801211,35.234905],[73.808439,35.233715],[73.809618,35.233521],[73.812991,35.232533],[73.821054,35.23015],[73.839348,35.221831],[73.858881,35.204622],[73.863374,35.202715],[73.86423,35.202352],[73.864346,35.202302],[73.86994,35.202555],[73.88782,35.208085],[73.897661,35.206927],[73.898362,35.206844],[73.910072,35.203252],[73.914988,35.201744],[73.924304,35.198886],[73.949212,35.172583],[73.954069,35.170723],[73.958101,35.169778],[73.95848,35.169689],[73.958794,35.169615],[73.960684,35.169172],[73.968436,35.17248],[73.976704,35.17434],[73.992275,35.175268],[73.994657,35.174759],[73.994821,35.174723],[73.998718,35.173875],[74.002645,35.171291],[74.003989,35.168242],[74.006356,35.165154],[74.008534,35.163384],[74.025486,35.149639],[74.031481,35.146796],[74.036188,35.145358],[74.037035,35.145099],[74.051612,35.143899],[74.079143,35.141644],[74.079333,35.141629],[74.097268,35.141924],[74.097986,35.141936],[74.098143,35.141939],[74.100368,35.141074],[74.101864,35.140492],[74.102193,35.139999],[74.103518,35.138011],[74.103001,35.134911],[74.101657,35.130622],[74.102381,35.126488],[74.105171,35.121372],[74.119331,35.111243],[74.123051,35.107471],[74.124395,35.105093],[74.124401,35.104971],[74.124701,35.099201],[74.099384,35.092743],[74.088428,35.085043],[74.081172,35.078349],[74.08109,35.078273],[74.076543,35.072021],[74.067551,35.055381],[74.066001,35.049696],[74.066207,35.045511],[74.067551,35.042255],[74.069079,35.039924],[74.069618,35.039103],[74.070788,35.03803],[74.072719,35.03626],[74.074926,35.03495],[74.076026,35.034297],[74.088118,35.029646],[74.092666,35.0267],[74.09773,35.021429],[74.101347,35.013936],[74.100413,35.010059],[74.100314,35.009647],[74.097523,35.006598],[74.09192,35.003393],[74.085518,34.999731],[74.085328,34.999622],[74.075612,34.991095],[74.066931,34.981794],[74.06445,34.9743],[74.063003,34.965464],[74.064037,34.950168],[74.061453,34.941693],[74.056802,34.932908],[74.054237,34.930843],[74.052565,34.929497],[74.041731,34.922865],[74.041506,34.922727],[74.036658,34.917299],[74.034307,34.914666],[74.034168,34.914511],[74.02993,34.905054],[74.024246,34.888104],[74.02248,34.886053],[74.017955,34.880798],[74.017838,34.880663],[74.015709,34.878979],[74.012362,34.876331],[74.012143,34.876163],[74.000505,34.872432],[73.989106,34.868777],[73.983858,34.867713],[73.978151,34.866555],[73.962234,34.865211],[73.954618,34.862756],[73.95438,34.862679],[73.947662,34.85808],[73.947421,34.85788],[73.942499,34.853786],[73.937223,34.849398],[73.930092,34.839373],[73.930018,34.839305],[73.92872,34.838102],[73.925262,34.8349],[73.923787,34.833534],[73.916242,34.828573],[73.911016,34.826092],[73.908077,34.824697],[73.889871,34.812899],[73.889577,34.812708],[73.887435,34.811935],[73.883996,34.810693],[73.883843,34.810705],[73.841105,34.814103],[73.819504,34.810486],[73.81564,34.809118],[73.797443,34.798052],[73.79656,34.797515],[73.789118,34.794105],[73.783744,34.792451],[73.777233,34.791624],[73.758422,34.792503],[73.750568,34.789971],[73.75042,34.789896],[73.740232,34.784751],[73.718838,34.771315],[73.70871,34.763306],[73.701268,34.755657],[73.69424,34.744599],[73.685559,34.723256],[73.680804,34.715298],[73.650832,34.676696],[73.648972,34.672458],[73.647938,34.667808],[73.649179,34.663053],[73.651246,34.659023],[73.65786,34.649462],[73.65972,34.643985],[73.660341,34.638972],[73.659514,34.633649],[73.638947,34.585487],[73.629231,34.569416],[73.624931,34.565384],[73.623444,34.56399],[73.623285,34.56399],[73.618437,34.56404],[73.616006,34.566769],[73.613832,34.569209],[73.610111,34.575617],[73.607899,34.580745],[73.607835,34.580892],[73.606521,34.583027],[73.605346,34.584924],[73.600396,34.587296],[73.593161,34.588329],[73.591243,34.588339],[73.583239,34.588381],[73.574558,34.587192],[73.565773,34.584919],[73.552826,34.579499],[73.534043,34.571638],[73.533067,34.57153],[73.528876,34.571069],[73.526929,34.571118],[73.524742,34.571173],[73.503864,34.574583],[73.498903,34.574997],[73.497532,34.574982],[73.494149,34.574945],[73.464074,34.570552],[73.463568,34.570332],[73.454462,34.566367],[73.450121,34.562594],[73.447124,34.558047],[73.446193,34.553809],[73.445677,34.549158],[73.445573,34.540373],[73.444953,34.536859],[73.443196,34.533449],[73.438132,34.525956],[73.436685,34.522157],[73.436065,34.517326],[73.437822,34.491126],[73.437512,34.487715],[73.436582,34.48464],[73.435341,34.481798],[73.429037,34.472936],[73.42775,34.470533],[73.427484,34.470029],[73.426763,34.466011],[73.426866,34.435729],[73.425923,34.43033],[73.425374,34.428327],[73.420252,34.409632],[73.415084,34.397643],[73.403831,34.38092],[73.400201,34.375526],[73.407126,34.355036],[73.447227,34.305969],[73.455495,34.292172],[73.459526,34.282405],[73.474099,34.269176],[73.474138,34.269005],[73.490429,34.198353],[73.491359,34.181274],[73.489571,34.149642],[73.489395,34.146522],[73.489787,34.14006],[73.490429,34.129494],[73.490811,34.128201],[73.508515,34.068387],[73.518437,34.009424],[73.518557,34.008467],[73.518576,34.008316],[73.518644,34.00777],[73.579829,33.910464],[73.582516,33.876745],[73.56722,33.803442],[73.576418,33.777138],[73.58851,33.762333],[73.595745,33.745616],[73.599362,33.727477],[73.600293,33.70859],[73.595642,33.695386],[73.577452,33.663244],[73.576418,33.654019],[73.578382,33.64756],[73.573111,33.633659],[73.576418,33.626372],[73.603807,33.605934],[73.614659,33.593119],[73.625201,33.575471],[73.632849,33.556842],[73.635019,33.540796],[73.630988,33.531184],[73.624477,33.528213],[73.618173,33.526172],[73.614659,33.519661],[73.614969,33.510126],[73.622617,33.477157],[73.625924,33.469664],[73.628198,33.461705],[73.627578,33.452068],[73.62241,33.448605],[73.620583,33.448246],[73.613212,33.446797],[73.612732,33.446518],[73.60422,33.441577],[73.594401,33.411734],[73.582826,33.399875],[73.573834,33.387395],[73.576418,33.369541],[73.586857,33.355562],[73.598432,33.342875],[73.603186,33.333031],[73.600293,33.321817],[73.597605,33.315022],[73.593471,33.304299],[73.594918,33.285721],[73.599156,33.26642],[73.600293,33.246706],[73.596882,33.244251],[73.589957,33.241254],[73.588318,33.240746],[73.583033,33.239109],[73.579829,33.239264],[73.57994,33.238427],[73.581172,33.229161],[73.583756,33.227637],[73.587787,33.228464],[73.594428,33.228216],[73.594712,33.228205],[73.599945,33.230359],[73.601429,33.23097],[73.609491,33.232546],[73.614659,33.232443],[73.615382,33.229575],[73.616002,33.22358],[73.617656,33.216888],[73.620756,33.212005],[73.640807,33.20105],[73.649282,33.194848],[73.654863,33.184694],[73.654553,33.173041],[73.649799,33.161853],[73.644424,33.154386],[73.645354,33.143094],[73.622513,33.124491],[73.640497,33.103304],[73.672743,33.084907],[73.731964,33.06266],[73.763487,33.045658],[73.773202,33.030646],[73.786018,33.024652],[73.805861,33.015144],[73.822398,33.013206],[73.829129,33.015386],[73.829736,33.015583],[73.84763,33.02371],[73.849476,33.024549],[73.859502,33.026977],[73.873764,33.028734],[73.907354,33.029949],[73.926061,33.02597],[73.943011,33.018192],[73.951072,33.011449],[73.95624,33.006178],[73.959444,33.001811],[73.960064,33.000519],[73.977014,32.975869],[73.983008,32.969074],[74.316989,32.823067],[74.315939,32.82175],[74.306503,32.809911],[74.316321,32.791075],[74.329344,32.776424],[74.34619,32.76689],[74.367688,32.763531],[74.386394,32.767768],[74.418951,32.784615],[74.438691,32.785984],[74.455331,32.778595],[74.484476,32.753532],[74.500909,32.746013],[74.52096,32.745289],[74.573773,32.75255],[74.59341,32.757872],[74.614081,32.770404],[74.622039,32.785416],[74.626276,32.80265],[74.635888,32.82208],[74.653562,32.837428],[74.671752,32.840581],[74.685291,32.831227],[74.689115,32.808825],[74.682294,32.787328],[74.656972,32.745341],[74.649738,32.723146],[74.650151,32.701235],[74.657282,32.660592],[74.656042,32.64067],[74.647981,32.623617],[74.636922,32.606254],[74.629584,32.588089],[74.632581,32.568168],[74.662553,32.498379],[74.689322,32.471352],[74.724978,32.46081],[74.763529,32.462671],[74.799393,32.47267],[74.83815,32.474866],[74.906983,32.445178],[74.948427,32.44877],[74.990699,32.463368],[75.023668,32.466262],[75.054881,32.455539],[75.092191,32.429339],[75.125988,32.411744],[75.196164,32.3973],[75.230167,32.380195],[75.298403,32.332427],[75.327113,32.339964],[75.390365,32.335494],[75.414136,32.34601],[75.422714,32.353994],[75.43677,32.360221],[75.441938,32.359756],[75.444419,32.353193],[75.442041,32.336192],[75.444729,32.330301],[75.451447,32.324022],[75.464779,32.317743],[75.474184,32.312137],[75.480695,32.30746],[75.5024,32.300587],[75.537953,32.345184],[75.5733,32.374639],[75.611954,32.395465],[75.682647,32.399806],[75.698253,32.406033],[75.705695,32.412802],[75.723161,32.424223],[75.729362,32.429623],[75.732566,32.437168],[75.736804,32.4559],[75.743005,32.464375],[75.797679,32.481118],[75.818039,32.494787],[75.828581,32.497887],[75.839123,32.506569],[75.847391,32.516749],[75.85504,32.526284],[75.867132,32.547471],[75.865892,32.560571],[75.895554,32.596848],[75.912917,32.610542],[75.920462,32.61447],[75.922632,32.617338],[75.925733,32.630567],[75.926043,32.641186],[75.924699,32.651961],[75.904856,32.691312],[75.901445,32.702862],[75.903409,32.736374],[75.913227,32.755675],[75.9124,32.761902],[75.9093,32.772703],[75.903305,32.781617],[75.886665,32.79973],[75.880878,32.80885],[75.876537,32.81761],[75.869612,32.827402],[75.858554,32.839546],[75.82424,32.870449],[75.811735,32.884298],[75.804913,32.898612],[75.803363,32.911997],[75.806877,32.923675],[75.814629,32.931789],[75.826411,32.938067],[75.846048,32.942227],[75.858554,32.94215],[75.869612,32.940005],[75.893797,32.930807],[75.903099,32.928921],[75.911677,32.925898],[75.919842,32.920265],[75.935965,32.903237],[75.943613,32.898121],[75.954672,32.901377],[75.972448,32.911041],[76.05141,32.969461],[76.075491,32.993284],[76.081692,33.000803],[76.100813,33.01305],[76.152799,33.032299],[76.194657,33.043281],[76.215948,33.051084],[76.237032,33.063486],[76.261733,33.086456],[76.270828,33.103535],[76.274239,33.116609],[76.274755,33.12679],[76.28106,33.136453],[76.294289,33.147899],[76.353304,33.180094],[76.396712,33.197716],[76.512157,33.217223],[76.542439,33.232856],[76.558562,33.23146],[76.611893,33.193917],[76.625949,33.189292],[76.739843,33.197406],[76.754519,33.194563],[76.768679,33.186812],[76.82945,33.125549],[76.848364,33.114801],[76.903038,33.07377],[76.927532,33.045864],[76.940141,33.034289],[76.956058,33.02509],[76.999879,33.007236],[77.088453,32.950211],[77.135788,32.92675],[77.219917,32.901997],[77.348695,32.867245],[77.371329,32.867038],[77.377737,32.872206],[77.384972,32.88404],[77.389003,32.887683],[77.393964,32.889931],[77.443986,32.894478],[77.477679,32.901248],[77.497833,32.909258],[77.538968,32.918353],[77.55354,32.923417],[77.566873,32.929877],[77.581032,32.939049],[77.607491,32.962407],[77.615759,32.968298],[77.624854,32.971476],[77.643354,32.97605],[77.652036,32.980468],[77.659994,32.986488],[77.67343,32.999407],[77.675187,33.000415],[77.69441,33.008089],[77.703299,33.013257],[77.71229,33.014523],[77.721075,33.012636],[77.732548,33.001578],[77.742159,32.986953],[77.765207,32.962562],[77.823808,32.910343],[77.857915,32.873007],[77.893468,32.802959],[77.910521,32.790738],[77.922717,32.775183],[77.928918,32.762445],[77.932329,32.710872],[77.93853,32.695343],[77.949382,32.682708],[77.973877,32.660358],[77.983178,32.648059],[77.988346,32.633771],[77.994651,32.620361],[78.008913,32.61031],[78.043226,32.611395],[78.059039,32.618345],[78.069891,32.63036],[78.077023,32.640463],[78.084051,32.645139],[78.093042,32.648989],[78.09883,32.653769],[78.104101,32.661857],[78.114643,32.667722],[78.131696,32.671494],[78.154537,32.674052],[78.178515,32.688754],[78.191538,32.69201],[78.208074,32.692165],[78.227918,32.690175],[78.243731,32.69294],[78.253859,32.697901],[78.268742,32.715704],[78.279388,32.721491],[78.305123,32.729475],[78.314321,32.735444],[78.317628,32.743609],[78.315458,32.760507],[78.317732,32.764667],[78.325173,32.766734],[78.333855,32.767845],[78.353285,32.76862],[78.360416,32.767613],[78.366617,32.76521],[78.370338,32.761127],[78.373439,32.75397],[78.38088,32.729295],[78.383361,32.714438],[78.384291,32.699374],[78.38057,32.669195],[78.37778,32.657335],[78.374679,32.648783],[78.368374,32.639817],[78.358556,32.631678],[78.332924,32.617906],[78.313391,32.605039],[78.304089,32.59615],[78.299438,32.588657],[78.292927,32.575402],[78.286519,32.545094],[78.281868,32.532381],[78.274013,32.518868],[78.270396,32.504166],[78.274013,32.491144],[78.282178,32.480653],[78.29365,32.473289],[78.302952,32.470654],[78.313391,32.471739],[78.358866,32.515587],[78.380983,32.528041],[78.384807,32.547549],[78.408165,32.558376],[78.447542,32.566256],[78.589859,32.569925],[78.630166,32.578013],[78.647736,32.585971],[78.664893,32.599019],[78.694452,32.629663],[78.713262,32.637518],[78.736827,32.629844],[78.750986,32.612791],[78.749126,32.595867],[78.740651,32.578684],[78.734966,32.560649],[78.73693,32.545792],[78.754707,32.493806],[78.77145,32.461663],[78.855682,32.400452],[78.881521,32.376268],[78.911286,32.354745],[78.943429,32.346373],[78.976192,32.361618],[78.989834,32.364098],[79.014742,32.373994],[79.028178,32.377095],[79.039651,32.375984],[79.066316,32.370067],[79.075307,32.37079],[79.09174,32.390556],[79.102902,32.449855],[79.112928,32.472386],[79.132875,32.48546],[79.1614,32.496467],[79.191166,32.50427],[79.215247,32.507914],[79.235608,32.504296],[79.287412,32.532579],[79.320466,32.592267],[79.379477,32.57645],[79.40682,32.529683],[79.443497,32.534773],[79.472113,32.565472],[79.515741,32.60812],[79.531201,32.648317],[79.57617,32.670646],[79.620673,32.728725],[79.613913,32.765035],[79.564093,32.793928],[79.471089,32.908959],[79.414089,32.972053],[79.378462,32.978881],[79.333586,32.994292],[79.339787,33.013257],[79.399273,33.026878],[79.381063,33.061768],[79.37317,33.11214],[79.423475,33.157825],[79.456096,33.250399],[79.420084,33.275169],[79.340307,33.275132],[79.260061,33.291776],[79.150213,33.292555],[79.125038,33.290203],[79.098028,33.287655],[79.075048,33.295743],[79.053278,33.307873],[79.023041,33.31798],[78.993449,33.330782],[78.964986,33.344254],[78.917694,33.386258],[78.915948,33.387656],[78.824263,33.461059],[78.800905,33.494236],[78.781372,33.552785],[78.794084,33.74391],[78.787263,33.808428],[78.770313,33.872352],[78.721117,33.994386],[78.730109,34.079265],[78.806073,34.122983],[78.903225,34.158123],[78.976192,34.217163],[78.985494,34.239901],[78.988491,34.263129],[78.98539,34.286358],[78.976192,34.309173],[78.95694,34.339961],[78.95118,34.349171],[78.922138,34.372296],[78.885861,34.385758],[78.839249,34.396894],[78.801732,34.415006],[78.750676,34.471282],[78.70583625364986,34.5],[80.5,34.5],[80.5,35.6],[78,35.6],[78,35.49355209764702],[77.985865,35.494165],[77.957856,35.482073],[77.912691,35.44099],[77.883132,35.431068],[77.857087,35.436598],[77.834246,35.452152],[77.815332,35.47334],[77.800346,35.495406],[77.773578,35.498971],[77.760349,35.498093],[77.74743,35.49432],[77.716734,35.475407],[77.689655,35.462694],[77.660613,35.458095],[77.519608,35.477439],[77.512199,35.478456],[77.476438,35.477164],[77.412773,35.469412],[77.383731,35.471996],[77.352002,35.486052],[77.305389,35.517833],[77.281102,35.528013],[77.250819,35.530701],[77.177542,35.523156],[77.141265,35.525378],[77.105298,35.537987],[77.092276,35.547805],[77.071089,35.571008],[77.058169,35.580103],[77.039049,35.585013],[77.017552,35.584599],[76.976417,35.578656],[76.9358,35.579638],[76.915026,35.583152],[76.896422,35.589612],[76.880506,35.60067],[76.856941,35.628576],[76.842989,35.641288],[76.824592,35.647799],[76.782837,35.645732],[76.777351,35.646112],[76.763407,35.647076],[76.745424,35.655034],[76.732918,35.66661],[76.709043,35.69405],[76.676694,35.71379],[76.604244,35.735701],[76.570757,35.751256],[76.55112,35.784018],[76.56528,35.865461],[76.555461,35.897862],[76.537168,35.902513],[76.500167,35.871507],[76.476499,35.865254],[76.453969,35.864789],[76.44291,35.86329],[76.432058,35.8605],[76.422446,35.854298],[76.410354,35.836832],[76.403119,35.830992],[76.384102,35.828202],[76.366429,35.830889],[76.348859,35.830992],[76.311962,35.80965],[76.296562,35.809495],[76.280542,35.814249],[76.260389,35.817815],[76.237134,35.815489],[76.189799,35.804999],[76.166027,35.806239],[76.138122,35.826652],[76.127787,35.862102],[76.123756,35.903494],[76.114661,35.941787],[76.08996,35.978115],[76.061434,35.991603],[75.984333,35.995633],[75.953017,36.007261],[75.922321,36.031652],[75.899997,36.063485],[75.894313,36.097384],[75.901444,36.113611],[75.91457,36.123894],[75.964179,36.149836],[75.971517,36.155004],[75.976582,36.162755],[75.977408,36.173762],[75.96914,36.191694],[75.97007,36.202339],[75.983403,36.215413],[76.001593,36.222131],[76.014409,36.230399],[76.011928,36.248124],[76.001696,36.261457],[75.976582,36.286985],[75.96883,36.301971],[75.968623,36.341814],[75.987434,36.421189],[75.981083,36.445444],[75.976811,36.461756],[75.976582,36.462633],[75.874779,36.619471],[75.849768,36.644741],[75.790547,36.687839],[75.728741,36.723186],[75.64978,36.754037],[75.570508,36.766749],[75.50798,36.747629],[75.501882,36.737965],[75.498885,36.72763],[75.49258,36.720705],[75.431912,36.722928],[75.410518,36.747319],[75.403387,36.784784],[75.401423,36.825867],[75.394498,36.864263],[75.377962,36.894287],[75.351297,36.915784],[75.31347,36.928755],[75.195131,36.948883],[75.161231,36.964205],[75.132809,36.984695],[75.118546,36.991232],[75.100149,36.994125],[75.01447,36.984488],[74.976849,36.984281],[74.94233,36.976995],[74.924966,36.970871],[74.910497,36.962551],[74.900782,36.949916],[74.891997,36.920977],[74.885796,36.911443],[74.87236,36.907102],[74.866779,36.916559],[74.860887,36.946893],[74.853239,36.958985],[74.824507,36.994125],[74.824301,36.994125],[74.792571,37.015158],[74.719191,37.01645],[74.692216,37.03588],[74.677953,37.051693],[74.66245,37.054484],[74.62607,37.042753],[74.561784,37.029679],[74.542354,37.021669],[74.547418,37.015675],[74.549279,37.008931],[74.548142,37.001644],[74.544214,36.994022],[74.537393,36.962241],[74.521373,36.958495],[74.501736,36.972421],[74.48365,36.99397],[74.480342,36.996916],[74.476622,36.999319],[74.456984,37.004383],[74.43559,37.003221],[74.394043,36.994022],[74.368101,36.976762],[74.284592,36.934232],[74.235706,36.902167],[74.211728,36.895139],[74.145996,36.901702],[74.129666,36.898421],[74.1153,36.889532],[74.108789,36.875631],[74.103931,36.841318],[74.094319,36.831241],[74.035305,36.815583],[74.006366,36.815738],[73.976704,36.824833],[73.946938,36.83088],[73.865083,36.872582],[73.834077,36.882866],[73.772892,36.892013],[73.711842,36.894139],[73.711707,36.893201],[73.708916,36.873823],[73.711558,36.861788],[73.711657,36.861339],[73.711707,36.86111],[73.714498,36.856459],[73.720285,36.851137],[73.723021,36.849412],[73.72504,36.84814],[73.730207,36.845762],[73.737752,36.843437],[73.774752,36.838114],[73.785501,36.834445],[73.797768,36.828548],[73.798937,36.827986],[73.812187,36.816392],[73.812993,36.815687],[73.868081,36.7855],[73.86901,36.784991],[73.880999,36.776464],[73.886979,36.770828],[73.887235,36.770586],[73.887304,36.770522],[73.888976,36.764383],[73.891119,36.756516],[73.891231,36.756104],[73.892058,36.751505],[73.891438,36.74675],[73.887304,36.737965],[73.886373,36.734038],[73.88658,36.730162],[73.88782,36.725563],[73.88813,36.71993],[73.885753,36.714194],[73.879345,36.71161],[73.873971,36.711042],[73.854231,36.714763],[73.833353,36.721429],[73.801934,36.728457],[73.790875,36.72918],[73.787155,36.728405],[73.767414,36.717605],[73.761626,36.716055],[73.756252,36.716416],[73.736305,36.724374],[73.728554,36.726545],[73.721215,36.727113],[73.715118,36.724995],[73.695377,36.71037],[73.684112,36.704892],[73.678634,36.703962],[73.673363,36.704531],[73.661994,36.70913],[73.654863,36.710577],[73.628301,36.70975],[73.622307,36.710163],[73.617863,36.712179],[73.617121,36.712762],[73.613522,36.715589],[73.607631,36.721687],[73.599156,36.732643],[73.595125,36.735485],[73.594812,36.735459],[73.590681,36.735123],[73.576728,36.729232],[73.571044,36.727733],[73.565359,36.72794],[73.557505,36.731247],[73.553164,36.732333],[73.541381,36.732798],[73.519884,36.730731],[73.513993,36.731351],[73.453842,36.747215],[73.429657,36.751091],[73.416014,36.752073],[73.314109,36.721119],[73.296332,36.71745],[73.287547,36.717243],[73.270804,36.718483],[73.243105,36.71652],[73.217887,36.712386],[73.213443,36.712902],[73.208482,36.715228],[73.207906,36.715693],[73.192359,36.72825],[73.182082,36.733891],[73.176546,36.734865],[73.171585,36.733004],[73.142026,36.713988],[73.130554,36.709388],[73.097274,36.702825],[73.078154,36.70081],[73.0734,36.698536],[73.071333,36.694971],[73.071539,36.691095],[73.072676,36.685876],[73.0734,36.663603],[73.077534,36.651149],[73.093037,36.617714],[73.095517,36.609498],[73.095517,36.606604],[73.094484,36.603297],[73.085389,36.590067],[73.072159,36.573634],[73.069369,36.568673],[73.066165,36.556116],[73.063064,36.548985],[73.055003,36.539631],[73.048905,36.535135],[73.042187,36.531156],[72.989167,36.514465],[72.982966,36.511261],[72.979865,36.507799],[72.979865,36.504285],[72.981829,36.50015],[72.98493,36.495603],[72.988547,36.489092],[72.989581,36.483769],[72.98834,36.476173],[72.98493,36.472762],[72.980796,36.47085],[72.955991,36.468111],[72.926019,36.468369],[72.906485,36.465631],[72.895736,36.461548],[72.889948,36.457104],[72.888501,36.452505],[72.885918,36.438914],[72.886124,36.413954],[72.887365,36.402327],[72.886538,36.397056],[72.883644,36.391992],[72.876926,36.384292],[72.869278,36.379693],[72.838375,36.373957],[72.83021,36.370391],[72.821632,36.364603],[72.784528,36.328791],[72.77378,36.322694],[72.767269,36.320006],[72.752696,36.316544],[72.73771,36.310963],[72.718796,36.300111],[72.713938,36.296184],[72.692441,36.271069],[72.686963,36.269157],[72.680866,36.269312],[72.654511,36.278097],[72.642935,36.278975],[72.633427,36.278562],[72.621851,36.27665],[72.607485,36.272722],[72.594256,36.264248],[72.585988,36.25784],[72.578029,36.249881],[72.572035,36.242698],[72.568004,36.236756],[72.564904,36.230141],[72.553845,36.18911],[72.551364,36.173555],[72.551364,36.170041],[72.553121,36.166527],[72.560563,36.155727],[72.562113,36.149991],[72.560253,36.143893],[72.534415,36.116505],[72.531727,36.112319],[72.53028,36.108081],[72.529247,36.102604],[72.529144,36.097539],[72.531211,36.09108],[72.535241,36.08307],[72.536275,36.079659],[72.538032,36.076404],[72.541236,36.072528],[72.572655,36.050049],[72.579166,36.042762],[72.580717,36.034804],[72.588365,36.018681],[72.589088,36.016149],[72.588158,36.01279],[72.515604,35.903959]]]}},{"type":"Feature","id":6,"properties":{"id":"n-cyprus","kind":"dispute","name":"Northern Cyprus (disputed)","bilingual":"Kuzey Kıbrıs / Northern Cyprus","claimants":["Republic of Cyprus (Κυπριακή Δημοκρατία)","Turkish Republic of Northern Cyprus (Kuzey Kıbrıs Türk Cumhuriyeti)"],"controller":"TRNC (de facto since 1974, recognized only by Turkey)","note":"After the 1974 conflict and the 1983 unilateral declaration of independence, the Turkish Republic of Northern Cyprus controls the northern third of the island but is recognized only by Turkey; the Republic of Cyprus and the UN regard the area as occupied territory of the Republic of Cyprus. Status disputed.","recognition":"limited","start_year":1974,"end_year":2100},"geometry":{"type":"MultiPolygon","coordinates":[[[[34.012289,35.063795],[34.008911,35.059722],[33.962919,35.0683],[33.941111,35.059722],[33.925402,35.06277],[33.912896,35.065923],[33.906591,35.069049],[33.906505,35.069105],[33.908245,35.070729],[33.914446,35.073054],[33.921474,35.080702],[33.913619,35.090882],[33.905868,35.090882],[33.905868,35.09636],[33.903594,35.099512],[33.89884,35.108814],[33.891812,35.110468],[33.889435,35.118994],[33.876206,35.118994],[33.871555,35.100236],[33.871555,35.085456],[33.876929,35.076826],[33.871555,35.073054],[33.866904,35.06675],[33.853571,35.058171],[33.842719,35.056621],[33.834865,35.063597],[33.824012,35.06675],[33.798278,35.052642],[33.79435,35.040188],[33.786495,35.038534],[33.77554,35.040188],[33.766135,35.03161],[33.739677,35.047216],[33.718489,35.032385],[33.707585,35.029284],[33.711461,35.040963],[33.719368,35.06277],[33.714717,35.06675],[33.705312,35.06675],[33.69446,35.058171],[33.678853,35.055794],[33.674099,35.046441],[33.675649,35.037036],[33.679435,35.033899],[33.670999,35.030834],[33.656116,35.032385],[33.652188,35.030834],[33.637512,35.030834],[33.614051,35.046441],[33.602269,35.041687],[33.59152,35.033935],[33.578963,35.035485],[33.566405,35.04334],[33.561755,35.058171],[33.55545,35.06675],[33.546872,35.073054],[33.540671,35.073054],[33.536795,35.06675],[33.535193,35.056621],[33.528992,35.055794],[33.516434,35.059722],[33.507184,35.061272],[33.500156,35.061272],[33.493852,35.056621],[33.486204,35.038534],[33.481449,35.03161],[33.478349,35.019104],[33.476799,35.008975],[33.476799,35.002722],[33.466567,35.0051],[33.465843,35.014401],[33.471321,35.038534],[33.476799,35.057396],[33.476799,35.076826],[33.476799,35.09481],[33.469771,35.104163],[33.45096,35.132224],[33.440005,35.148657],[33.427706,35.168139],[33.424502,35.182195],[33.421401,35.193874],[33.413547,35.199403],[33.400317,35.197749],[33.388535,35.188396],[33.380784,35.178267],[33.374531,35.17434],[33.344817,35.16664],[33.326213,35.16664],[33.315258,35.161886],[33.2996,35.162661],[33.270816,35.168966],[33.240224,35.171291],[33.223997,35.179146],[33.190253,35.189946],[33.15749,35.185295],[33.141935,35.180644],[33.120128,35.160336],[33.109121,35.158785],[33.09584,35.169741],[33.078683,35.16509],[33.056101,35.155685],[33.031141,35.149432],[33.013984,35.141629],[32.989076,35.131448],[32.969543,35.112793],[32.946908,35.102613],[32.934351,35.100236],[32.922724,35.098737],[32.911768,35.100236],[32.888411,35.102613],[32.876732,35.100236],[32.870427,35.097962],[32.861022,35.087782],[32.854924,35.079152],[32.839215,35.079927],[32.829913,35.100236],[32.814307,35.116617],[32.794773,35.126798],[32.759633,35.133774],[32.743975,35.137753],[32.731521,35.143179],[32.720566,35.153359],[32.712711,35.163436],[32.710592,35.175322],[32.711388,35.181632],[32.745372,35.178046],[32.776378,35.170844],[32.801443,35.157131],[32.82838,35.148586],[32.865245,35.156968],[32.892589,35.175035],[32.914724,35.200832],[32.929373,35.232978],[32.934744,35.270575],[32.936046,35.336615],[32.93214,35.366278],[32.920421,35.397773],[32.944347,35.394517],[32.985362,35.374579],[33.006114,35.369859],[33.069796,35.358724],[33.14008,35.362159],[33.262462,35.349351],[33.28061,35.342475],[33.427501,35.328925],[33.66033,35.35932],[33.742849,35.397773],[33.783508,35.416718],[33.834646,35.40998],[33.887938,35.423906],[34.035622,35.471383],[34.07629,35.494323],[34.13119,35.511347],[34.181651,35.554185],[34.210385,35.559146],[34.26779,35.572256],[34.319672,35.586168],[34.36148,35.608309],[34.5442,35.678371],[34.578461,35.689765],[34.59254,35.691962],[34.587087,35.688707],[34.583669,35.684963],[34.581309,35.68122],[34.578868,35.678371],[34.57545,35.650133],[34.572765,35.643541],[34.56544,35.641181],[34.542328,35.637274],[34.537283,35.633979],[34.441417,35.583645],[34.352306,35.520697],[34.137706,35.415107],[34.10906,35.394273],[34.08546,35.369859],[34.068207,35.337714],[34.05893,35.324123],[34.043793,35.315253],[34.019786,35.314358],[33.994884,35.319281],[33.971365,35.321275],[33.951671,35.31151],[33.923595,35.278551],[33.91212,35.259996],[33.9074,35.242906],[33.899913,35.164455],[33.913748,35.156236],[33.953624,35.122626],[33.961925,35.112616],[33.966807,35.100084],[33.978689,35.08747],[34.012289,35.063795]]],[[[32.640694,35.187077],[32.639434,35.183745],[32.634783,35.172841],[32.626204,35.16509],[32.615197,35.163436],[32.602743,35.17434],[32.601899,35.178616],[32.619395,35.184882],[32.640694,35.187077]]]]}},{"type":"Feature","id":7,"properties":{"id":"nagorno-karabakh","kind":"dispute","name":"Nagorno-Karabakh (disputed)","bilingual":"Արցախ / Dağlıq Qarabağ / Nagorno-Karabakh","claimants":["Azerbaijan (Azərbaycan)","Armenia (Հայաստան)"],"controller":"Republic of Artsakh (de facto 1991–2023, then Azerbaijan)","note":"Internationally recognized as part of Azerbaijan; de facto governed 1991–2023 by the Armenian-backed Republic of Artsakh (Nagorno-Karabakh Republic), which dissolved on 1 January 2024 after Azerbaijan reasserted control. Armenia and Azerbaijan dispute the territory's status. Status disputed.","recognition":"limited","start_year":1991,"end_year":2024},"geometry":{"type":"Polygon","coordinates":[[[46,39.4],[47.1,39.4],[47.1,40.25],[46,40.25],[46,39.4]]]}},{"type":"Feature","id":8,"properties":{"id":"kuril","kind":"dispute","name":"Southern Kuril Islands (disputed)","bilingual":"Курильские острова / 北方領土 / Northern Territories","claimants":["Russia (Россия)","Japan (日本)"],"controller":"Russia (de facto since 1945)","note":"The southern Kuril Islands — Iturup/Etorofu, Kunashir/Kunashiri, Shikotan and the Habomai islets — have been administered by Russia (formerly the USSR) since Soviet forces occupied them in 1945, and are claimed by Japan as the 'Northern Territories' (Hoppō Ryōdo). The unresolved dispute has prevented a formal Russia-Japan WWII peace treaty. Status disputed.","recognition":null,"start_year":1945,"end_year":2100},"geometry":{"type":"Polygon","coordinates":[[[145.4,43.3],[149,43.3],[149,45.6],[145.4,45.6],[145.4,43.3]]]}},{"type":"Feature","id":9,"properties":{"id":"xinjiang","kind":"dispute","name":"Xinjiang / East Turkestan (disputed)","bilingual":"شىنجاڭ / 新疆 / Xinjiang (East Turkestan)","claimants":["China (中国)","East Turkestan independence movements"],"controller":"China (de facto since 1949)","note":"Administered by the People's Republic of China as the Xinjiang Uyghur Autonomous Region since 1949 (incorporating the short-lived 1944–1949 Second East Turkestan Republic). Uyghur and other Turkic movements call the territory 'East Turkestan' and contest Chinese sovereignty; the PRC and most states treat it as an integral part of China. Status disputed.","recognition":null,"start_year":1949,"end_year":2100},"geometry":{"type":"Polygon","coordinates":[[[77.883132,35.431068],[77.857087,35.436598],[77.834246,35.452152],[77.815332,35.47334],[77.800346,35.495406],[77.773578,35.498971],[77.760349,35.498093],[77.74743,35.49432],[77.716734,35.475407],[77.689655,35.462694],[77.660613,35.458095],[77.519608,35.477439],[77.512199,35.478456],[77.476438,35.477164],[77.412773,35.469412],[77.383731,35.471996],[77.352002,35.486052],[77.305389,35.517833],[77.281102,35.528013],[77.250819,35.530701],[77.177542,35.523156],[77.141265,35.525378],[77.105298,35.537987],[77.092276,35.547805],[77.071089,35.571008],[77.058169,35.580103],[77.039049,35.585013],[77.017552,35.584599],[76.976417,35.578656],[76.9358,35.579638],[76.915026,35.583152],[76.896422,35.589612],[76.880506,35.60067],[76.856941,35.628576],[76.842989,35.641288],[76.824592,35.647799],[76.782837,35.645732],[76.777351,35.646112],[76.763407,35.647076],[76.745424,35.655034],[76.732918,35.66661],[76.709043,35.69405],[76.676694,35.71379],[76.604244,35.735701],[76.570757,35.751256],[76.55112,35.784018],[76.56528,35.865461],[76.555461,35.897862],[76.537168,35.902513],[76.500167,35.871507],[76.476499,35.865254],[76.453969,35.864789],[76.44291,35.86329],[76.432058,35.8605],[76.422446,35.854298],[76.410354,35.836832],[76.403119,35.830992],[76.384102,35.828202],[76.366429,35.830889],[76.348859,35.830992],[76.311962,35.80965],[76.296562,35.809495],[76.280542,35.814249],[76.260389,35.817815],[76.237134,35.815489],[76.189799,35.804999],[76.166027,35.806239],[76.138122,35.826652],[76.127787,35.862102],[76.123756,35.903494],[76.114661,35.941787],[76.08996,35.978115],[76.061434,35.991603],[75.984333,35.995633],[75.953017,36.007261],[75.922321,36.031652],[75.899997,36.063485],[75.894313,36.097384],[75.901444,36.113611],[75.91457,36.123894],[75.964179,36.149836],[75.971517,36.155004],[75.976582,36.162755],[75.977408,36.173762],[75.96914,36.191694],[75.97007,36.202339],[75.983403,36.215413],[76.001593,36.222131],[76.014409,36.230399],[76.011928,36.248124],[76.001696,36.261457],[75.976582,36.286985],[75.96883,36.301971],[75.968623,36.341814],[75.987434,36.421189],[75.981083,36.445444],[75.976811,36.461756],[75.976582,36.462633],[75.874779,36.619471],[75.849768,36.644741],[75.790547,36.687839],[75.728741,36.723186],[75.64978,36.754037],[75.570508,36.766749],[75.50798,36.747629],[75.501882,36.737965],[75.498885,36.72763],[75.49258,36.720705],[75.431912,36.722928],[75.410518,36.747319],[75.403387,36.784784],[75.401423,36.825867],[75.394498,36.864263],[75.377962,36.894287],[75.351297,36.915784],[75.31347,36.928755],[75.195131,36.948883],[75.161231,36.964205],[75.132809,36.984695],[75.118546,36.991232],[75.100149,36.994125],[75.01447,36.984488],[74.976849,36.984281],[74.94233,36.976995],[74.924966,36.970871],[74.910497,36.962551],[74.900782,36.949916],[74.891997,36.920977],[74.885796,36.911443],[74.87236,36.907102],[74.866779,36.916559],[74.860887,36.946893],[74.853239,36.958985],[74.824507,36.994125],[74.824301,36.994125],[74.792571,37.015158],[74.719191,37.01645],[74.692216,37.03588],[74.677953,37.051693],[74.66245,37.054484],[74.62607,37.042753],[74.561784,37.029679],[74.542354,37.021669],[74.519203,37.030247],[74.505767,37.047042],[74.494088,37.066472],[74.476622,37.083138],[74.414403,37.107839],[74.38257,37.126572],[74.366137,37.14776],[74.368308,37.167061],[74.38226,37.172047],[74.420294,37.168068],[74.441585,37.170549],[74.456674,37.177318],[74.46763,37.189927],[74.476622,37.210055],[74.487267,37.225946],[74.500083,37.23163],[74.532225,37.232199],[74.575944,37.242147],[74.59,37.243361],[74.596511,37.240751],[74.609017,37.230183],[74.615011,37.228375],[74.623279,37.230804],[74.627207,37.234318],[74.629997,37.238297],[74.64302,37.248374],[74.646327,37.254833],[74.650978,37.259639],[74.670925,37.261344],[74.676299,37.263721],[74.698934,37.28031],[74.709372,37.290826],[74.721464,37.297776],[74.737381,37.296123],[74.743995,37.288397],[74.783269,37.219667],[74.794018,37.213931],[74.813138,37.21543],[74.892307,37.231114],[74.912667,37.238994],[74.923726,37.255195],[74.932924,37.272506],[74.951528,37.281291],[74.975402,37.284289],[75.06842,37.312142],[75.077102,37.324209],[75.079582,37.361235],[75.091778,37.378443],[75.115239,37.387797],[75.164125,37.400638],[75.132499,37.418492],[75.103973,37.44061],[75.053434,37.493837],[75.035864,37.506394],[74.945223,37.548562],[74.915044,37.570731],[74.891893,37.599205],[74.882178,37.634422],[74.886106,37.653465],[74.897061,37.667573],[74.91091,37.680233],[74.923623,37.695323],[74.92693,37.703591],[74.92879,37.712428],[74.931891,37.721575],[74.938609,37.730825],[74.954422,37.747723],[74.96176,37.758084],[74.965171,37.767463],[74.96145,37.785473],[74.949254,37.795317],[74.898405,37.817589],[74.89117,37.823041],[74.886106,37.83056],[74.883212,37.843867],[74.887346,37.848931],[74.894581,37.852109],[74.911634,37.873762],[74.913701,37.880841],[74.905226,37.886939],[74.89396,37.892262],[74.890756,37.897714],[74.89117,37.904251],[74.888793,37.930916],[74.892824,37.994013],[74.880421,38.02166],[74.809935,38.053208],[74.790711,38.081449],[74.771281,38.196274],[74.771074,38.29154],[74.774795,38.309627],[74.784303,38.325672],[74.826678,38.363215],[74.838253,38.379416],[74.844144,38.397761],[74.844351,38.417243],[74.837116,38.445742],[74.835773,38.455173],[74.832879,38.463648],[74.826161,38.469643],[74.808488,38.477652],[74.801253,38.48282],[74.792261,38.493776],[74.792261,38.493853],[74.792158,38.494034],[74.776345,38.510674],[74.760325,38.519975],[74.742032,38.523076],[74.719087,38.521526],[74.696453,38.52398],[74.679607,38.53491],[74.66431,38.549018],[74.64612,38.56111],[74.476622,38.612063],[74.334201,38.666995],[74.313427,38.669217],[74.243768,38.6502],[74.221443,38.649709],[74.202013,38.652319],[74.140415,38.669217],[74.123361,38.669475],[74.109099,38.662292],[74.095043,38.645756],[74.092666,38.637694],[74.092872,38.628754],[74.091425,38.620434],[74.084397,38.614027],[74.044917,38.603459],[74.037269,38.598472],[74.038095,38.579223],[74.050808,38.56266],[74.058766,38.547028],[74.045537,38.530414],[74.028897,38.527236],[73.932882,38.529665],[73.917276,38.53708],[73.887097,38.559043],[73.869734,38.566794],[73.83356,38.577956],[73.816403,38.586586],[73.797387,38.602839],[73.788602,38.618574],[73.779093,38.660199],[73.772272,38.674617],[73.736408,38.721669],[73.732688,38.737172],[73.738992,38.781096],[73.735892,38.800423],[73.724936,38.814557],[73.695791,38.840111],[73.683698,38.854942],[73.680804,38.872977],[73.688969,38.89109],[73.702922,38.907032],[73.717185,38.918582],[73.739922,38.926927],[73.787878,38.927082],[73.809582,38.932663],[73.823948,38.944937],[73.829116,38.960155],[73.826119,38.976898],[73.81599,38.993771],[73.801624,39.001445],[73.768654,39.029919],[73.70933,39.065472],[73.698168,39.078417],[73.691863,39.094462],[73.682975,39.12875],[73.673776,39.142625],[73.631402,39.175103],[73.607837,39.207324],[73.602256,39.235772],[73.610111,39.26546],[73.641324,39.335275],[73.643804,39.351294],[73.642564,39.371758],[73.631919,39.428809],[73.632642,39.448343],[73.820744,39.468186],[73.838314,39.475679],[73.848029,39.489735],[73.859192,39.524255],[73.870457,39.546786],[73.883066,39.561204],[73.899292,39.571539],[73.921617,39.582133],[73.926784,39.592882],[73.904253,39.64647],[73.899602,39.689465],[73.893505,39.710394],[73.879345,39.727912],[73.859915,39.737162],[73.843068,39.740366],[73.829529,39.746981],[73.819814,39.766721],[73.818574,39.786048],[73.823018,39.805685],[73.83201,39.82372],[73.844102,39.838086],[73.872937,39.856845],[73.880689,39.86501],[73.885443,39.876534],[73.893195,39.918133],[73.907561,39.937873],[73.927301,39.953325],[73.944044,39.970068],[73.949729,39.993684],[73.952106,40.008257],[73.957894,40.021434],[73.966368,40.033268],[73.976704,40.043603],[74.003989,40.060812],[74.069515,40.067788],[74.101244,40.078847],[74.13287,40.095332],[74.167596,40.10639],[74.20315,40.109853],[74.237876,40.10391],[74.272293,40.093833],[74.302885,40.090061],[74.333788,40.09373],[74.369858,40.105822],[74.476622,40.172433],[74.565402,40.24695],[74.598681,40.266174],[74.637645,40.281987],[74.654388,40.291547],[74.705755,40.331286],[74.724668,40.337539],[74.746683,40.336505],[74.830915,40.319917],[74.862128,40.32617],[74.853859,40.35883],[74.841664,40.372059],[74.794638,40.405545],[74.787404,40.420738],[74.794638,40.440737],[74.807041,40.461769],[74.815102,40.480114],[74.816032,40.48368],[74.820063,40.493964],[74.832312,40.508116],[74.835359,40.511637],[74.856443,40.513187],[74.879181,40.505074],[74.966101,40.459289],[75.002378,40.4473],[75.039068,40.441099],[75.064389,40.443837],[75.113172,40.460787],[75.13808,40.463888],[75.15658,40.458152],[75.175287,40.448127],[75.19389,40.441254],[75.212494,40.444716],[75.220142,40.452984],[75.223966,40.462441],[75.229237,40.470347],[75.241536,40.474068],[75.253318,40.47598],[75.26324,40.480166],[75.481832,40.614111],[75.523793,40.63318],[75.559863,40.63287],[75.587665,40.611941],[75.605648,40.569411],[75.610816,40.512877],[75.617947,40.493964],[75.629006,40.481303],[75.657221,40.461097],[75.666936,40.450245],[75.669314,40.432365],[75.659598,40.419084],[75.646369,40.405338],[75.638308,40.386115],[75.640168,40.367305],[75.656291,40.32307],[75.664869,40.305706],[75.681819,40.291702],[75.704454,40.293149],[75.750549,40.308342],[75.772046,40.31015],[75.79375,40.30891],[75.858553,40.296353],[75.880464,40.295268],[75.901858,40.298885],[75.921495,40.309117],[75.938031,40.326222],[75.949297,40.343068],[75.962422,40.357331],[76.051616,40.390197],[76.07611,40.391954],[76.095231,40.387355],[76.132541,40.371542],[76.151351,40.368131],[76.185044,40.384203],[76.21543,40.416552],[76.244162,40.441202],[76.273411,40.434122],[76.283333,40.417276],[76.299353,40.355677],[76.313512,40.343327],[76.330152,40.348081],[76.361984,40.371904],[76.449111,40.415519],[76.476499,40.436138],[76.498927,40.464611],[76.531173,40.534995],[76.556391,40.56569],[76.609411,40.59711],[76.62078,40.611321],[76.624191,40.627547],[76.630805,40.728885],[76.647859,40.764851],[76.674214,40.795444],[76.707286,40.817613],[76.746871,40.83446],[76.762477,40.847017],[76.770848,40.867119],[76.768368,40.887014],[76.760927,40.9066],[76.757413,40.925772],[76.766818,40.944685],[76.783974,40.957139],[76.820871,40.97781],[76.834927,40.99352],[76.860972,41.013208],[76.900143,41.025766],[77.007733,41.044214],[77.035018,41.040338],[77.088555,41.019565],[77.118838,41.011658],[77.243171,41.005664],[77.301152,41.019306],[77.332985,41.02065],[77.388795,41.011658],[77.445226,40.993675],[77.474888,40.982047],[77.503517,40.981066],[77.580721,40.997705],[77.631778,40.995793],[77.650278,40.997137],[77.665574,41.001271],[77.797556,41.054704],[77.831042,41.062973],[77.866699,41.064058],[77.997647,41.049795],[78.036508,41.036101],[78.057178,41.034344],[78.074955,41.039512],[78.176034,41.105502],[78.190503,41.11775],[78.204456,41.133718],[78.231335,41.172856],[78.250345,41.200535],[78.275356,41.228854],[78.291582,41.240791],[78.331477,41.258723],[78.34946,41.270402],[78.359692,41.287455],[78.356901,41.305542],[78.339332,41.344041],[78.343466,41.362024],[78.359899,41.377527],[78.377675,41.386622],[78.41757,41.400471],[78.51038,41.454422],[78.583968,41.465997],[78.619211,41.478089],[78.629133,41.48796],[78.637401,41.512868],[78.645049,41.52372],[78.658278,41.532453],[78.672128,41.538448],[78.807313,41.578445],[78.897437,41.626272],[78.915834,41.63317],[78.976192,41.6418],[79.088743,41.702546],[79.127914,41.714302],[79.174526,41.722622],[79.19592,41.729521],[79.217521,41.741226],[79.264856,41.774506],[79.282323,41.783497],[79.30413,41.787554],[79.367382,41.772387],[79.390844,41.772697],[79.410997,41.778588],[79.489856,41.819257],[79.554658,41.837602],[79.610985,41.867626],[79.655737,41.875843],[79.702969,41.874939],[79.747514,41.879745],[79.783274,41.905092],[79.792576,41.922817],[79.803842,41.959998],[79.812833,41.97762],[79.826786,41.992244],[79.842909,42.00183],[79.879496,42.013199],[79.930862,42.023276],[80.181906,42.020976],[80.231206,42.033689],[80.257561,42.065263],[80.256527,42.084357],[80.247432,42.098413],[80.235133,42.110945],[80.224591,42.125569],[80.219837,42.141873],[80.21653,42.174404],[80.210328,42.189519],[80.249086,42.204893],[80.260455,42.216494],[80.268413,42.237966],[80.249499,42.309951],[80.235547,42.324575],[80.225521,42.339019],[80.2187,42.354935],[80.196169,42.434594],[80.194722,42.446299],[80.206298,42.465962],[80.212085,42.478752],[80.210535,42.490844],[80.200096,42.508388],[80.173741,42.536914],[80.162373,42.552391],[80.153484,42.591536],[80.145423,42.607116],[80.140048,42.622955],[80.143769,42.644762],[80.152451,42.660369],[80.188934,42.701581],[80.205367,42.731088],[80.227485,42.790981],[80.248259,42.816199],[80.264899,42.823666],[80.281745,42.822736],[80.316782,42.815605],[80.333938,42.817078],[80.381687,42.831418],[80.400498,42.843019],[80.476152,42.863896],[80.526692,42.868392],[80.548602,42.878469],[80.554493,42.898933],[80.542918,42.916658],[80.521937,42.925443],[80.476152,42.930275],[80.407732,42.954692],[80.373833,42.975182],[80.355126,43.000581],[80.368148,43.02846],[80.410213,43.048665],[80.497856,43.076183],[80.575887,43.119411],[80.618469,43.134267],[80.660017,43.132821],[80.710763,43.104786],[80.731537,43.101091],[80.753448,43.104037],[80.773395,43.112925],[80.787864,43.12804],[80.793445,43.14946],[80.788174,43.168245],[80.76523,43.199948],[80.759959,43.218784],[80.759132,43.23824],[80.755825,43.257619],[80.748487,43.275163],[80.735464,43.288883],[80.695984,43.303275],[80.658466,43.310639],[80.64286,43.32622],[80.694227,43.394717],[80.710143,43.425852],[80.712727,43.458873],[80.594439,43.684557],[80.476152,43.910241],[80.439875,43.948998],[80.423132,43.972149],[80.412693,43.993233],[80.412693,43.993336],[80.412383,44.013594],[80.410006,44.031939],[80.403805,44.04894],[80.392333,44.065477],[80.359777,44.0893],[80.345101,44.103097],[80.338899,44.121494],[80.346031,44.158908],[80.373213,44.230996],[80.373006,44.270219],[80.332905,44.417393],[80.330424,44.45305],[80.337866,44.494029],[80.364531,44.569684],[80.37993,44.591336],[80.383755,44.602808],[80.377243,44.615314],[80.359157,44.632574],[80.354506,44.641772],[80.355849,44.652883],[80.376313,44.67128],[80.411143,44.682803],[80.476152,44.693655],[80.491965,44.701717],[80.497443,44.714946],[80.492275,44.727969],[80.476152,44.73541],[80.314508,44.780317],[80.263245,44.809359],[80.244745,44.815974],[80.218287,44.818092],[80.039383,44.790497],[79.991737,44.793649],[79.868644,44.849357],[79.843012,44.873489],[79.858205,44.90372],[79.878152,44.914727],[79.924661,44.931677],[80.023776,44.993275],[80.061707,45.018959],[80.103358,45.032188],[80.147593,45.034462],[80.21901,45.026038],[80.29053,45.046244],[80.365048,45.043195],[80.390059,45.045779],[80.406389,45.056631],[80.425096,45.092132],[80.445353,45.104225],[80.467574,45.106292],[80.53682,45.101072],[80.69712,45.143654],[80.745696,45.144274],[80.827552,45.125774],[80.853855,45.126497],[80.976018,45.161069],[81.021907,45.161637],[81.062524,45.172231],[81.144173,45.204684],[81.54203,45.293309],[81.622594,45.33434],[81.665227,45.347982],[81.704759,45.339869],[81.739279,45.338061],[81.765169,45.307727],[81.781447,45.266644],[81.787338,45.232331],[81.788475,45.209128],[81.793643,45.19564],[81.807285,45.188716],[81.875343,45.181068],[81.891001,45.17373],[81.910121,45.15802],[81.950119,45.144481],[82.000452,45.153524],[82.191758,45.222202],[82.245295,45.231814],[82.294594,45.228197],[82.341826,45.20489],[82.427454,45.137246],[82.475823,45.115697],[82.539747,45.123655],[82.585222,45.17683],[82.614574,45.248557],[82.63385,45.339353],[82.636382,45.378885],[82.631989,45.415834],[82.615711,45.435419],[82.51303,45.465753],[82.362652,45.481204],[82.32777,45.493297],[82.327615,45.493348],[82.32746,45.493348],[82.291493,45.533191],[82.297137,45.554545],[82.304619,45.582852],[82.336038,45.635148],[82.372212,45.73416],[82.447505,45.825421],[82.475823,45.87317],[82.488949,45.901695],[82.515872,45.993163],[82.541866,46.131501],[82.568272,46.19651],[82.607856,46.255214],[82.674364,46.331127],[82.689299,46.362546],[82.701287,46.416858],[82.70785,46.434169],[82.747435,46.493339],[82.838953,46.732446],[82.985508,46.94251],[82.991812,46.958737],[82.993363,46.975609],[82.98835,46.992998],[82.985508,47.012532],[82.990159,47.032169],[83.005455,47.06979],[83.006282,47.080616],[82.99946,47.100046],[82.99822,47.110252],[83.001321,47.121363],[83.012173,47.142653],[83.01517,47.154384],[83.013516,47.194588],[83.021475,47.205905],[83.046899,47.214664],[83.071601,47.218514],[83.099093,47.219703],[83.126378,47.217584],[83.150356,47.211538],[83.201929,47.180351],[83.221979,47.171902],[83.31417,47.15795],[83.353392,47.144979],[83.524493,47.067102],[83.905348,46.973956],[83.999193,46.974317],[84.069628,46.964421],[84.093967,46.967419],[84.157839,46.992998],[84.158149,46.993102],[84.158718,46.993153],[84.15908,46.993257],[84.265843,47.00013],[84.388626,46.992998],[84.38935,46.993153],[84.405886,46.994239],[84.421803,46.993102],[84.475753,46.975247],[84.521021,46.969796],[84.616003,46.98628],[84.663545,46.983852],[84.699202,46.970235],[84.731655,46.947756],[84.751602,46.91799],[84.749586,46.882462],[84.738579,46.866159],[84.72442,46.850268],[84.715531,46.835179],[84.719769,46.821303],[84.739613,46.814766],[84.767105,46.818074],[84.840175,46.839132],[84.916036,46.850552],[84.93681,46.861017],[84.959393,46.890886],[84.975774,46.901996],[84.990398,46.907681],[85.035357,46.914967],[85.048224,46.920703],[85.077163,46.943311],[85.145996,46.97809],[85.16739,46.992998],[85.191523,47.023281],[85.205114,47.033719],[85.225836,47.041574],[85.246145,47.044416],[85.303713,47.039404],[85.432129,47.053124],[85.498636,47.051832],[85.505767,47.063898],[85.508093,47.082528],[85.516878,47.100304],[85.529745,47.114283],[85.538634,47.127926],[85.544266,47.143222],[85.547109,47.162032],[85.556824,47.178749],[85.577494,47.189162],[85.601627,47.194433],[85.647309,47.197895],[85.65966,47.206525],[85.664414,47.221305],[85.668393,47.241872],[85.678987,47.274893],[85.678987,47.290706],[85.670202,47.309051],[85.667205,47.326053],[85.674026,47.344295],[85.678884,47.363828],[85.670357,47.384344],[85.600232,47.463202],[85.584574,47.492942],[85.584574,47.493097],[85.579975,47.523767],[85.595788,47.590895],[85.595426,47.624071],[85.515379,47.92028],[85.517808,47.944646],[85.528712,47.966608],[85.547109,47.992989],[85.561785,48.030661],[85.586383,48.141249],[85.718674,48.358832],[85.747406,48.390097],[85.783683,48.407589],[86.005995,48.429551],[86.19203,48.418234],[86.246704,48.437355],[86.286288,48.469704],[86.307372,48.483088],[86.333831,48.4904],[86.430621,48.485879],[86.546427,48.517221],[86.565083,48.527323],[86.57516,48.539829],[86.593556,48.574142],[86.605545,48.59011],[86.6211,48.603158],[86.669004,48.634242],[86.744503,48.70354],[86.751996,48.715426],[86.751893,48.729171],[86.740524,48.771701],[86.739181,48.783535],[86.746105,48.792837],[86.764657,48.807616],[86.789462,48.839139],[86.7737,48.858518],[86.741868,48.878723],[86.718045,48.912519],[86.711585,48.937066],[86.709415,48.954222],[86.713859,48.969932],[86.727502,48.990344],[86.743521,49.007707],[86.760058,49.02011],[86.798918,49.042227],[86.816178,49.058454],[86.838193,49.093852],[86.859483,49.105324],[86.887337,49.106823],[86.946558,49.094472],[86.975445,49.092405],[87.116315,49.129767],[87.161997,49.122791],[87.200651,49.108735],[87.323796,49.085274],[87.362295,49.075093],[87.400432,49.071011],[87.438363,49.07468],[87.47557,49.087599],[87.481771,49.09163],[87.487145,49.096953],[87.491589,49.103205],[87.500064,49.119173],[87.506059,49.120879],[87.514017,49.119639],[87.525282,49.119794],[87.716382,49.158861],[87.816324,49.165837],[87.818081,49.154003],[87.832447,49.123876],[87.835548,49.100725],[87.829657,49.085997],[87.821078,49.071838],[87.815962,49.050599],[87.821905,49.02874],[87.837821,49.02042],[87.856942,49.015614],[87.872238,49.00409],[87.8726,48.96802],[87.835858,48.945902],[87.756896,48.920374],[87.743615,48.905181],[87.735709,48.886733],[87.737879,48.86937],[87.754726,48.857277],[87.77674,48.85118],[87.787489,48.84658],[87.796067,48.839759],[87.800511,48.830302],[87.802165,48.80958],[87.805885,48.800588],[87.821078,48.788289],[87.841697,48.779349],[87.907585,48.758834],[87.95244,48.761107],[87.975488,48.755992],[88.033779,48.72912],[88.05941,48.708087],[88.063854,48.682611],[88.055018,48.673413],[88.010162,48.653414],[88.003393,48.645998],[87.997812,48.635172],[87.989647,48.624165],[87.975488,48.616517],[87.942828,48.599489],[87.95182,48.575202],[87.983032,48.552335],[88.016622,48.539803],[88.028301,48.539622],[88.051969,48.543188],[88.062511,48.542878],[88.071812,48.538795],[88.088245,48.526083],[88.115737,48.516497],[88.148293,48.499366],[88.165967,48.493734],[88.183485,48.492752],[88.21785,48.495],[88.235627,48.493191],[88.304873,48.469006],[88.332107,48.453994],[88.383421,48.408674],[88.416701,48.394101],[88.439645,48.393714],[88.459127,48.398132],[88.479126,48.400148],[88.50269,48.392551],[88.565116,48.342993],[88.57297,48.32532],[88.558759,48.288087],[88.56124,48.268269],[88.568836,48.249201],[88.573487,48.229719],[88.580774,48.211994],[88.596225,48.197679],[88.635809,48.175846],[88.655446,48.171169],[88.680664,48.17303],[88.709189,48.166363],[88.775335,48.120552],[88.805411,48.105954],[88.831456,48.105153],[88.889282,48.110915],[88.916825,48.105954],[88.932328,48.096962],[89.045551,47.992989],[89.04581,47.992989],[89.045913,47.992886],[89.074697,47.984256],[89.167146,47.983997],[89.218719,47.976969],[89.243989,47.980225],[89.268587,47.993144],[89.285692,48.005598],[89.334268,48.032366],[89.354266,48.038774],[89.369201,48.038154],[89.409198,48.023116],[89.425425,48.021644],[89.475344,48.022961],[89.503663,48.029989],[89.5418,48.031023],[89.571876,48.020455],[89.576217,47.992886],[89.575648,47.976039],[89.583245,47.962035],[89.596577,47.952578],[89.613424,47.949581],[89.627376,47.943948],[89.636161,47.929582],[89.643913,47.912761],[89.655282,47.899816],[89.672025,47.89408],[89.707268,47.889042],[89.723391,47.878164],[89.731143,47.864754],[89.740238,47.836151],[89.751296,47.824317],[89.783543,47.818504],[89.889066,47.824317],[89.921364,47.832094],[89.934438,47.844264],[89.937642,47.857545],[89.939037,47.870852],[89.946685,47.883177],[89.96317,47.888654],[90.002496,47.880386],[90.044612,47.879766],[90.059856,47.868811],[90.064352,47.85062],[90.055981,47.828916],[90.052157,47.8107],[90.058771,47.789513],[90.070657,47.76985],[90.082852,47.756104],[90.119956,47.730137],[90.163416,47.710009],[90.209718,47.695746],[90.302116,47.678512],[90.32351,47.670166],[90.3448,47.658642],[90.349554,47.64779],[90.337462,47.63699],[90.327437,47.623037],[90.338496,47.60278],[90.352035,47.588311],[90.381594,47.538391],[90.394616,47.524671],[90.427276,47.506559],[90.441228,47.493045],[90.443606,47.462789],[90.441745,47.430543],[90.448153,47.404033],[90.475232,47.391088],[90.487221,47.378194],[90.490011,47.361839],[90.485567,47.344915],[90.475232,47.33029],[90.468514,47.323521],[90.466343,47.316338],[90.46872,47.308922],[90.712116,47.014702],[90.742399,46.991861],[90.78188,46.986332],[90.805547,46.986849],[90.828182,46.982301],[90.849472,46.973206],[90.869833,46.960339],[90.885129,46.944733],[90.893707,46.92817],[90.900322,46.910678],[90.91014,46.892384],[90.917685,46.885408],[90.92585,46.880654],[90.932775,46.874789],[90.936495,46.864427],[90.934428,46.856831],[90.922749,46.841586],[90.919959,46.833628],[90.925333,46.813139],[90.939389,46.79885],[90.975149,46.774149],[91.004812,46.74043],[91.01556,46.703197],[91.014292,46.689844],[91.011736,46.662941],[90.998094,46.620256],[90.995923,46.594625],[91.011323,46.585323],[91.03251,46.579923],[91.047496,46.566409],[91.045326,46.551087],[91.035611,46.529073],[91.014113,46.493184],[91.001401,46.475045],[90.986105,46.435255],[90.975149,46.416548],[90.935772,46.343865],[90.906006,46.317303],[90.896188,46.302033],[90.899185,46.281672],[90.948794,46.168294],[90.975149,46.140544],[90.995923,46.113724],[91.005432,46.068094],[91.002435,46.021843],[90.986208,45.993111],[90.975149,45.987323],[90.919235,45.950065],[90.710773,45.752196],[90.696613,45.730026],[90.651138,45.493142],[90.672325,45.475675],[90.737955,45.441724],[90.753251,45.42095],[90.762553,45.391597],[90.778055,45.365294],[90.790458,45.337699],[90.790975,45.304316],[90.796556,45.292844],[90.837173,45.280028],[90.854433,45.270623],[90.866629,45.25357],[90.865905,45.242563],[90.860324,45.231659],[90.857637,45.215071],[90.873243,45.186184],[90.90549,45.185977],[90.975149,45.214864],[91.011323,45.218946],[91.056798,45.217551],[91.101343,45.210678],[91.135036,45.197862],[91.147749,45.187217],[91.169763,45.163549],[91.184336,45.153834],[91.249138,45.129701],[91.346703,45.113733],[91.366547,45.11425],[91.3836,45.124224],[91.399723,45.136884],[91.41688,45.145669],[91.43848,45.146134],[91.45605,45.137453],[91.521783,45.077456],[91.533978,45.0711],[91.54328,45.071824],[91.552272,45.075338],[91.563951,45.077146],[91.662963,45.059525],[91.683633,45.061178],[91.724664,45.070738],[91.746989,45.072444],[91.919071,45.065571],[91.975088,45.073374],[92.009401,45.076216],[92.042991,45.074821],[92.075651,45.068878],[92.108414,45.058181],[92.19368,45.014514],[92.218898,45.010122],[92.267887,45.019527],[92.285354,45.019527],[92.331036,45.007848],[92.347365,45.007642],[92.396458,45.013119],[92.413821,45.011259],[92.458986,44.997926],[92.475109,44.997461],[92.572054,45.013016],[92.63851,45.0156],[92.752715,45.037976],[92.798914,45.03317],[92.81421,45.033893],[92.847593,45.039112],[92.861029,45.037872],[92.91622,45.014566],[92.945055,45.005833],[92.974924,45.004696],[92.994458,45.008365],[93.013888,45.009295],[93.033112,45.007642],[93.052439,45.003456],[93.075941,45.005192],[93.139152,45.009864],[93.165713,45.007642],[93.244158,44.981545],[93.268963,44.980098],[93.317229,44.985886],[93.341,44.984852],[93.36136,44.978393],[93.399911,44.960564],[93.420582,44.955087],[93.525278,44.951263],[93.688265,44.891059],[93.714,44.874575],[93.874507,44.714223],[93.927424,44.672933],[93.97507,44.659962],[94.058579,44.651281],[94.103744,44.651643],[94.149012,44.667197],[94.165342,44.665854],[94.181879,44.660841],[94.195005,44.65433],[94.27748,44.589579],[94.295464,44.571389],[94.321922,44.528033],[94.338458,44.512116],[94.366364,44.504313],[94.430132,44.504468],[94.460311,44.493306],[94.588055,44.4361],[94.657199,44.388816],[94.672598,44.373778],[94.683967,44.356622],[94.69823,44.343496],[94.720864,44.335796],[94.905762,44.294248],[94.993819,44.259418],[95.036814,44.254974],[95.379428,44.287117],[95.397722,44.280502],[95.389247,44.260762],[95.359688,44.231823],[95.347492,44.214925],[95.340568,44.187537],[95.327132,44.168313],[95.322688,44.158236],[95.321447,44.148417],[95.328269,44.09824],[95.31876,44.040724],[95.318967,44.017108],[95.327545,44.006669],[95.422733,43.988634],[95.474926,43.986619],[95.510273,43.979125],[95.535284,43.95768],[95.589235,43.869494],[95.692484,43.630542],[95.832837,43.408902],[95.841416,43.372522],[95.845446,43.326478],[95.854955,43.284543],[95.874385,43.247103],[95.908492,43.214547],[96.294308,42.933272],[96.318699,42.910069],[96.330688,42.889709],[96.337199,42.86648],[96.350635,42.740906],[96.357767,42.724499],[96.36634,42.722923],[96.09091,42.58691],[96.072927,42.572647],[96.06285,42.559263],[96.053393,42.541073],[96.043781,42.499887],[96.01784,42.13872],[96.020165,42.102547],[96.025074,42.082031],[96.040991,42.043636],[96.044246,42.03082],[96.044401,42.013146],[96.041301,42.003431],[96.035823,41.995292],[95.952004,41.919199],[95.863947,41.855017],[95.837386,41.841994],[95.80576,41.832486],[95.771912,41.829721],[95.49198,41.856024],[95.05826,41.788561],[94.580925,41.585214],[94.011037,41.104029],[93.759941,40.823322],[93.714776,40.743405],[93.669146,40.683357],[93.577472,40.587962],[93.534322,40.560987],[93.503471,40.547603],[93.397741,40.517243],[93.31909,40.477013],[93.286327,40.469261],[93.036833,40.489854],[92.990428,40.487839],[92.941542,40.472569],[92.925884,40.422908],[92.919528,40.118068],[92.915342,40.093315],[92.907435,40.079208],[92.777417,39.905523],[92.770389,39.890279],[92.765894,39.877695],[92.764498,39.862425],[92.766462,39.840101],[92.772405,39.810542],[92.94795,39.452476],[92.951464,39.441676],[92.954151,39.428343],[92.953531,39.392014],[92.940922,39.310727],[92.935341,39.16438],[92.935961,39.152856],[92.923868,39.153114],[92.904335,39.150892],[92.811059,39.126398],[92.504566,39.074411],[92.394443,39.06759],[92.367572,39.062887],[92.343697,39.055084],[92.333103,39.049865],[92.248561,38.989042],[92.122729,38.940647],[91.975451,38.906773],[91.880625,38.875483],[91.62865,38.825667],[91.491604,38.817269],[91.466025,38.811972],[91.44246,38.804066],[91.342673,38.759753],[91.294407,38.745129],[91.225988,38.744147],[91.198806,38.740375],[91.119844,38.716087],[91.012461,38.698672],[90.923887,38.702909],[90.894948,38.700997],[90.73501,38.673195],[90.705503,38.671464],[90.665815,38.677872],[90.659304,38.677123],[90.653516,38.674074],[90.649072,38.668751],[90.645041,38.660896],[90.642871,38.654023],[90.640649,38.635316],[90.638943,38.629219],[90.635998,38.624309],[90.631502,38.620304],[90.626386,38.61754],[90.57936,38.600383],[90.54975,38.581986],[90.536521,38.571289],[90.47823,38.532506],[90.411929,38.5038],[90.401232,38.496669],[90.380923,38.486178],[90.320565,38.466722],[90.312452,38.465792],[90.256124,38.473776],[90.240621,38.473828],[90.205585,38.46928],[90.18848,38.464035],[90.172202,38.456283],[90.159283,38.445845],[90.150911,38.432797],[90.153288,38.408793],[90.16476,38.379053],[90.193492,38.325671],[90.439266,37.996079],[90.443606,37.984478],[90.448412,37.9659],[90.451358,37.936754],[90.448412,37.915981],[90.443451,37.900478],[90.410068,37.846992],[90.407226,37.84012],[90.405573,37.833505],[90.405107,37.827355],[90.406038,37.816555],[90.408828,37.80839],[90.413169,37.800019],[90.422626,37.788546],[90.429757,37.78281],[90.436475,37.778573],[90.568973,37.731961],[90.675582,37.669794],[90.834487,37.607782],[90.86663,37.583546],[90.899186,37.553445],[90.93908,37.527322],[90.957218,37.519416],[91.073749,37.487945],[91.081655,37.483294],[91.091319,37.475542],[91.106357,37.458127],[91.117674,37.438697],[91.1262,37.418595],[91.151677,37.323252],[91.163149,37.300127],[91.234979,37.195404],[91.302314,37.137062],[91.30991,37.129129],[91.316318,37.118975],[91.320659,37.106314],[91.323553,37.092672],[91.32593,37.070192],[91.32562,37.052984],[91.323243,37.043734],[91.318798,37.035492],[91.308205,37.024045],[91.298748,37.017637],[91.287586,37.013503],[91.191364,37.001463],[91.161134,36.992109],[91.05499,36.945135],[91.000368,36.931209],[90.982178,36.929581],[90.96373,36.929632],[90.895465,36.939296],[90.891124,36.939477],[90.837743,36.927772],[90.826425,36.923612],[90.80777,36.910564],[90.765861,36.863952],[90.712376,36.8215],[90.701472,36.807831],[90.696201,36.796902],[90.69,36.776257],[90.686124,36.745742],[90.688139,36.698484],[90.695891,36.660553],[90.697751,36.655463],[90.702299,36.646006],[90.710463,36.636162],[90.76028,36.590609],[90.80529,36.558518],[90.840533,36.543584],[90.858051,36.539088],[90.93691,36.530174],[90.972256,36.522319],[90.985279,36.517616],[90.994787,36.51294],[91.000523,36.509245],[91.006724,36.503483],[91.024553,36.460333],[91.061036,36.313546],[91.083826,36.260707],[91.117829,36.197636],[91.135761,36.140637],[91.137311,36.120431],[91.135967,36.104567],[91.131626,36.091131],[91.12372,36.081209],[91.111318,36.073922],[91.092042,36.06953],[91.047497,36.06338],[91.005949,36.052942],[90.914999,36.013332],[90.894225,36.006614],[90.875001,36.003642],[90.853401,36.004728],[90.829371,36.010412],[90.642561,36.105807],[90.622665,36.111129],[90.292453,36.115548],[90.165691,36.129242],[90.154218,36.132472],[90.14533,36.137071],[90.138509,36.143091],[90.132463,36.150714],[90.098046,36.204871],[90.083318,36.221019],[90.068849,36.233318],[90.044199,36.250501],[90.029575,36.258847],[90.020997,36.258511],[90.013762,36.252775],[89.979449,36.133144],[89.976658,36.118571],[89.972007,36.104928],[89.96255,36.09188],[89.946117,36.08002],[89.918781,36.069788],[89.892891,36.065964],[89.866794,36.065603],[89.677813,36.081958],[89.223629,36.263575],[89.204716,36.266365],[89.110509,36.262257],[89.078108,36.264324],[89.040074,36.27143],[88.993204,36.273962],[88.98292,36.276081],[88.974911,36.278716],[88.958271,36.287294],[88.88272,36.350185],[88.851249,36.367315],[88.83864,36.371656],[88.828098,36.373672],[88.711722,36.368401],[88.52238,36.414315],[88.516179,36.416744],[88.510804,36.419612],[88.506257,36.422868],[88.502846,36.426278],[88.500521,36.429405],[88.4968,36.432919],[88.490444,36.43788],[88.474786,36.445218],[88.459231,36.448887],[88.398253,36.454829],[88.276762,36.448577],[88.148759,36.428423],[88.078479,36.424134],[88.000086,36.428371],[87.992955,36.427234],[87.985979,36.425038],[87.976367,36.420051],[87.96722,36.41385],[87.942519,36.393309],[87.924535,36.38256],[87.887587,36.369098],[87.852085,36.362949],[87.765785,36.359745],[87.570914,36.333803],[87.514896,36.334966],[87.500582,36.336542],[87.451748,36.349254],[87.39449,36.370132],[87.364208,36.375609],[87.345604,36.374059],[87.193831,36.30396],[87.179878,36.301015],[87.063451,36.292152],[87.03043,36.28484],[87.009914,36.278199],[87.000819,36.274091],[86.820158,36.265074],[86.786982,36.260268],[86.71386,36.231458],[86.690295,36.225102],[86.661305,36.220063],[86.589578,36.216549],[86.496457,36.225283],[86.474753,36.223939],[86.459405,36.219443],[86.448708,36.210297],[86.437649,36.199109],[86.428503,36.187611],[86.419356,36.179756],[86.411294,36.174511],[86.399512,36.170041],[86.272388,36.145649],[86.245258,36.135934],[86.233941,36.130663],[86.224329,36.12503],[86.21234,36.115935],[86.206759,36.107357],[86.202418,36.095601],[86.191876,36.048704],[86.18676,36.034338],[86.178544,36.020308],[86.169242,36.009404],[86.159113,36.000232],[86.133172,35.985349],[86.128573,35.98044],[86.126092,35.97566],[86.120149,35.95765],[86.112605,35.921064],[86.110744,35.916258],[86.087438,35.875588],[86.073331,35.86037],[86.02801,35.826444],[85.993232,35.784844],[85.986721,35.779884],[85.973233,35.772235],[85.951219,35.764071],[85.929928,35.761693],[85.768233,35.772571],[85.745289,35.770401],[85.728855,35.766086],[85.716866,35.759265],[85.619766,35.675394],[85.598321,35.663844],[85.582663,35.657772],[85.571346,35.656041],[85.561889,35.65741],[85.554602,35.661984],[85.548711,35.668986],[85.543544,35.677978],[85.530676,35.708157],[85.527576,35.713298],[85.523855,35.71627],[85.452025,35.749394],[85.442568,35.752056],[85.429339,35.754381],[85.389341,35.756707],[85.36743,35.754924],[85.341541,35.748955],[85.315961,35.739473],[85.283508,35.731669],[85.270796,35.730248],[85.260254,35.730403],[85.253381,35.732238],[85.22408,35.745002],[85.214468,35.747224],[85.177054,35.750531],[85.149769,35.749808],[84.923633,35.689321],[84.847462,35.633536],[84.777647,35.600489],[84.585566,35.566667],[84.563449,35.559484],[84.214684,35.388951],[84.174325,35.376807],[84.155256,35.375567],[84.133191,35.377531],[84.113657,35.383293],[84.051128,35.411741],[84.039191,35.415616],[84.024257,35.418097],[84.009064,35.41851],[83.984414,35.41603],[83.870674,35.374534],[83.615083,35.359005],[83.564801,35.36071],[83.540152,35.366524],[83.498552,35.385153],[83.452612,35.393551],[83.35267,35.39399],[83.32864,35.397065],[83.311432,35.401044],[83.278049,35.413291],[83.246113,35.421249],[83.226217,35.423471],[83.210094,35.422774],[83.156713,35.407193],[83.121779,35.404428],[83.09868,35.412774],[83.082092,35.424686],[83.063902,35.440705],[83.042353,35.455045],[83.006334,35.469515],[82.985405,35.480677],[82.971763,35.490444],[82.96799,35.497937],[82.96706,35.504448],[82.967577,35.516179],[82.978429,35.600773],[82.976569,35.621444],[82.968817,35.641907],[82.956828,35.657204],[82.935899,35.674076],[82.912593,35.682939],[82.885153,35.688855],[82.825415,35.691775],[82.802781,35.689243],[82.784591,35.684541],[82.731519,35.657281],[82.710435,35.650176],[82.671781,35.65108],[82.458461,35.687589],[82.428178,35.68976],[82.414536,35.685729],[82.400531,35.679089],[82.373091,35.661803],[82.360689,35.65679],[82.338468,35.650434],[82.327926,35.643664],[82.318934,35.633743],[82.314283,35.619144],[82.312888,35.582738],[82.309788,35.571576],[82.304517,35.560956],[82.29816,35.55274],[82.289169,35.544962],[82.222248,35.505843],[82.086029,35.447992],[82.075642,35.442075],[82.066133,35.433651],[82.060242,35.426391],[82.056366,35.419285],[82.043654,35.368074],[82.036988,35.351977],[82.029856,35.340582],[82.02257,35.332831],[82.012286,35.32526],[82.00221,35.319447],[81.924333,35.292213],[81.711426,35.245653],[81.604198,35.236919],[81.576602,35.238986],[81.558722,35.244774],[81.54508,35.251776],[81.461777,35.310248],[81.441727,35.318981],[81.417387,35.326035],[81.377648,35.331849],[81.357339,35.332391],[81.259723,35.314176],[81.232902,35.31402],[81.210217,35.316914],[81.177815,35.328748],[81.130635,35.35376],[81.106554,35.374017],[81.091361,35.383784],[81.073532,35.389468],[81.060923,35.388564],[81.050691,35.383267],[81.04263,35.374404],[81.037204,35.363501],[81.034103,35.355052],[81.033328,35.348334],[81.033483,35.341357],[81.036894,35.310791],[81.035188,35.304202],[81.028832,35.299706],[81.019065,35.296295],[80.999945,35.292885],[80.988163,35.292394],[80.978861,35.293402],[80.955607,35.303143],[80.893182,35.33743],[80.875818,35.343424],[80.858455,35.347145],[80.846363,35.34823],[80.829878,35.347972],[80.790966,35.343631],[80.766109,35.343424],[80.758203,35.34438],[80.744095,35.347714],[80.719239,35.357119],[80.676761,35.379184],[80.67056,35.381432],[80.65609,35.3843],[80.541265,35.390915],[80.511965,35.396341],[80.486023,35.404248],[80.388096,35.457578],[80.365464,35.474556],[80.365042,35.474872],[80.319211,35.509254],[80.312144,35.512135],[80.274201,35.527599],[80.259629,35.514163],[80.258594,35.506609],[80.257923,35.501709],[80.261024,35.48631],[80.262729,35.468946],[80.262884,35.435667],[80.259474,35.417322],[80.254203,35.402723],[80.235599,35.375205],[80.176171,35.253249],[80.165474,35.235602],[80.15054,35.219453],[80.097313,35.179274],[80.036645,35.119924],[80.020367,35.09977],[80.014165,35.085921],[80.014165,35.073415],[80.019281,35.064268],[80.025948,35.056155],[80.033389,35.048765],[80.04021,35.040652],[80.045171,35.030188],[80.046928,35.017708],[80.043776,35.001223],[80.037885,34.989958],[80.029358,34.981173],[80.019436,34.975281],[80.00998,34.97107],[80.000988,34.968409],[79.951637,34.961897],[79.938408,34.958848],[79.926316,34.95474],[79.913138,34.947919],[79.900271,34.938074],[79.883838,34.9196],[79.880117,34.906035],[79.88115,34.893917],[79.89841,34.866399],[79.902596,34.856064],[79.907557,34.81834],[79.911123,34.807746],[79.916704,34.798393],[79.953032,34.757827],[79.958458,34.74868],[79.962179,34.735865],[79.963419,34.72093],[79.960009,34.697391],[79.956288,34.684757],[79.94311,34.663983],[79.937725,34.656924],[79.913758,34.62551],[79.87929,34.550243],[79.862702,34.521227],[79.793972,34.431025],[79.78064,34.419088],[79.769633,34.41423],[79.757024,34.41113],[79.742606,34.410277],[79.727878,34.411182],[79.717336,34.412784],[79.710588,34.414933],[79.705657,34.416504],[79.653877,34.441826],[79.602511,34.458672],[79.512646,34.471695],[79.481123,34.471178],[79.453063,34.46663],[79.434149,34.461721],[79.380922,34.439061],[79.364438,34.434488],[79.338393,34.430819],[79.239846,34.440534],[79.218917,34.44074],[79.204499,34.439449],[79.037688,34.384672],[79.027094,34.379504],[78.998724,34.3578],[78.985391,34.3501],[78.95694,34.339961],[78.95118,34.349171],[78.922138,34.372296],[78.885861,34.385758],[78.839249,34.396894],[78.801732,34.415006],[78.750676,34.471282],[78.664583,34.526421],[78.607325,34.546471],[78.379432,34.578666],[78.335301,34.594375],[78.296027,34.624658],[78.273186,34.658867],[78.211381,34.848262],[78.202492,34.865728],[78.162185,34.908826],[78.148129,34.94314],[78.13924,35.018949],[78.130042,35.055432],[78.036404,35.194235],[78.001161,35.268908],[78.009843,35.347456],[78.038058,35.398099],[78.055628,35.452876],[78.044259,35.491633],[77.985865,35.494165],[77.957856,35.482073],[77.912691,35.44099],[77.883132,35.431068]]]}},{"type":"Feature","id":10,"properties":{"id":"tibet","kind":"dispute","name":"Tibet (disputed)","bilingual":"བོད་ / 西藏 / Tibet","claimants":["China (中国)","Tibetan government-in-exile"],"controller":"China (de facto since 1950)","note":"The People's Republic of China asserted control over Tibet around 1950, formalized by the 1951 Seventeen Point Agreement; the Tibetan government in Lhasa had administered it as a de facto independent state since 1913. Beijing regards Tibet as an integral part of China; the Tibetan government-in-exile contests the incorporation. Status disputed.","recognition":null,"start_year":1950,"end_year":2100},"geometry":{"type":"Polygon","coordinates":[[[78.917694,33.386258],[78.915948,33.387656],[78.824263,33.461059],[78.800905,33.494236],[78.781372,33.552785],[78.794084,33.74391],[78.787263,33.808428],[78.770313,33.872352],[78.721117,33.994386],[78.730109,34.079265],[78.806073,34.122983],[78.903225,34.158123],[78.976192,34.217163],[78.985494,34.239901],[78.988491,34.263129],[78.98539,34.286358],[78.976192,34.309173],[78.95694,34.339961],[78.985391,34.3501],[78.998724,34.3578],[79.027094,34.379504],[79.037688,34.384672],[79.204499,34.439449],[79.218917,34.44074],[79.239846,34.440534],[79.338393,34.430819],[79.364438,34.434488],[79.380922,34.439061],[79.434149,34.461721],[79.453063,34.46663],[79.481123,34.471178],[79.512646,34.471695],[79.602511,34.458672],[79.653877,34.441826],[79.705657,34.416504],[79.710588,34.414933],[79.717336,34.412784],[79.727878,34.411182],[79.742606,34.410277],[79.757024,34.41113],[79.769633,34.41423],[79.78064,34.419088],[79.793972,34.431025],[79.862702,34.521227],[79.87929,34.550243],[79.913758,34.62551],[79.937725,34.656924],[79.94311,34.663983],[79.956288,34.684757],[79.960009,34.697391],[79.963419,34.72093],[79.962179,34.735865],[79.958458,34.74868],[79.953032,34.757827],[79.916704,34.798393],[79.911123,34.807746],[79.907557,34.81834],[79.902596,34.856064],[79.89841,34.866399],[79.88115,34.893917],[79.880117,34.906035],[79.883838,34.9196],[79.900271,34.938074],[79.913138,34.947919],[79.926316,34.95474],[79.938408,34.958848],[79.951637,34.961897],[80.000988,34.968409],[80.00998,34.97107],[80.019436,34.975281],[80.029358,34.981173],[80.037885,34.989958],[80.043776,35.001223],[80.046928,35.017708],[80.045171,35.030188],[80.04021,35.040652],[80.033389,35.048765],[80.025948,35.056155],[80.019281,35.064268],[80.014165,35.073415],[80.014165,35.085921],[80.020367,35.09977],[80.036645,35.119924],[80.097313,35.179274],[80.15054,35.219453],[80.165474,35.235602],[80.176171,35.253249],[80.235599,35.375205],[80.254203,35.402723],[80.259474,35.417322],[80.262884,35.435667],[80.262729,35.468946],[80.261024,35.48631],[80.257923,35.501709],[80.258594,35.506609],[80.259629,35.514163],[80.274201,35.527599],[80.312144,35.512135],[80.319211,35.509254],[80.365042,35.474872],[80.365464,35.474556],[80.388096,35.457578],[80.486023,35.404248],[80.511965,35.396341],[80.541265,35.390915],[80.65609,35.3843],[80.67056,35.381432],[80.676761,35.379184],[80.719239,35.357119],[80.744095,35.347714],[80.758203,35.34438],[80.766109,35.343424],[80.790966,35.343631],[80.829878,35.347972],[80.846363,35.34823],[80.858455,35.347145],[80.875818,35.343424],[80.893182,35.33743],[80.955607,35.303143],[80.978861,35.293402],[80.988163,35.292394],[80.999945,35.292885],[81.019065,35.296295],[81.028832,35.299706],[81.035188,35.304202],[81.036894,35.310791],[81.033483,35.341357],[81.033328,35.348334],[81.034103,35.355052],[81.037204,35.363501],[81.04263,35.374404],[81.050691,35.383267],[81.060923,35.388564],[81.073532,35.389468],[81.091361,35.383784],[81.106554,35.374017],[81.130635,35.35376],[81.177815,35.328748],[81.210217,35.316914],[81.232902,35.31402],[81.259723,35.314176],[81.357339,35.332391],[81.377648,35.331849],[81.417387,35.326035],[81.441727,35.318981],[81.461777,35.310248],[81.54508,35.251776],[81.558722,35.244774],[81.576602,35.238986],[81.604198,35.236919],[81.711426,35.245653],[81.924333,35.292213],[82.00221,35.319447],[82.012286,35.32526],[82.02257,35.332831],[82.029856,35.340582],[82.036988,35.351977],[82.043654,35.368074],[82.056366,35.419285],[82.060242,35.426391],[82.066133,35.433651],[82.075642,35.442075],[82.086029,35.447992],[82.222248,35.505843],[82.289169,35.544962],[82.29816,35.55274],[82.304517,35.560956],[82.309788,35.571576],[82.312888,35.582738],[82.314283,35.619144],[82.318934,35.633743],[82.327926,35.643664],[82.338468,35.650434],[82.360689,35.65679],[82.373091,35.661803],[82.400531,35.679089],[82.414536,35.685729],[82.428178,35.68976],[82.458461,35.687589],[82.671781,35.65108],[82.710435,35.650176],[82.731519,35.657281],[82.784591,35.684541],[82.802781,35.689243],[82.825415,35.691775],[82.885153,35.688855],[82.912593,35.682939],[82.935899,35.674076],[82.956828,35.657204],[82.968817,35.641907],[82.976569,35.621444],[82.978429,35.600773],[82.967577,35.516179],[82.96706,35.504448],[82.96799,35.497937],[82.971763,35.490444],[82.985405,35.480677],[83.006334,35.469515],[83.042353,35.455045],[83.063902,35.440705],[83.082092,35.424686],[83.09868,35.412774],[83.121779,35.404428],[83.156713,35.407193],[83.210094,35.422774],[83.226217,35.423471],[83.246113,35.421249],[83.278049,35.413291],[83.311432,35.401044],[83.32864,35.397065],[83.35267,35.39399],[83.452612,35.393551],[83.498552,35.385153],[83.540152,35.366524],[83.564801,35.36071],[83.615083,35.359005],[83.870674,35.374534],[83.984414,35.41603],[84.009064,35.41851],[84.024257,35.418097],[84.039191,35.415616],[84.051128,35.411741],[84.113657,35.383293],[84.133191,35.377531],[84.155256,35.375567],[84.174325,35.376807],[84.214684,35.388951],[84.563449,35.559484],[84.585566,35.566667],[84.777647,35.600489],[84.847462,35.633536],[84.923633,35.689321],[85.149769,35.749808],[85.177054,35.750531],[85.214468,35.747224],[85.22408,35.745002],[85.253381,35.732238],[85.260254,35.730403],[85.270796,35.730248],[85.283508,35.731669],[85.315961,35.739473],[85.341541,35.748955],[85.36743,35.754924],[85.389341,35.756707],[85.429339,35.754381],[85.442568,35.752056],[85.452025,35.749394],[85.523855,35.71627],[85.527576,35.713298],[85.530676,35.708157],[85.543544,35.677978],[85.548711,35.668986],[85.554602,35.661984],[85.561889,35.65741],[85.571346,35.656041],[85.582663,35.657772],[85.598321,35.663844],[85.619766,35.675394],[85.716866,35.759265],[85.728855,35.766086],[85.745289,35.770401],[85.768233,35.772571],[85.929928,35.761693],[85.951219,35.764071],[85.973233,35.772235],[85.986721,35.779884],[85.993232,35.784844],[86.02801,35.826444],[86.073331,35.86037],[86.087438,35.875588],[86.110744,35.916258],[86.112605,35.921064],[86.120149,35.95765],[86.126092,35.97566],[86.128573,35.98044],[86.133172,35.985349],[86.159113,36.000232],[86.169242,36.009404],[86.178544,36.020308],[86.18676,36.034338],[86.191876,36.048704],[86.202418,36.095601],[86.206759,36.107357],[86.21234,36.115935],[86.224329,36.12503],[86.233941,36.130663],[86.245258,36.135934],[86.272388,36.145649],[86.399512,36.170041],[86.411294,36.174511],[86.419356,36.179756],[86.428503,36.187611],[86.437649,36.199109],[86.448708,36.210297],[86.459405,36.219443],[86.474753,36.223939],[86.496457,36.225283],[86.589578,36.216549],[86.661305,36.220063],[86.690295,36.225102],[86.71386,36.231458],[86.786982,36.260268],[86.820158,36.265074],[87.000819,36.274091],[87.009914,36.278199],[87.03043,36.28484],[87.063451,36.292152],[87.179878,36.301015],[87.193831,36.30396],[87.345604,36.374059],[87.364208,36.375609],[87.39449,36.370132],[87.451748,36.349254],[87.500582,36.336542],[87.514896,36.334966],[87.570914,36.333803],[87.765785,36.359745],[87.852085,36.362949],[87.887587,36.369098],[87.924535,36.38256],[87.942519,36.393309],[87.96722,36.41385],[87.976367,36.420051],[87.985979,36.425038],[87.992955,36.427234],[88.000086,36.428371],[88.078479,36.424134],[88.148759,36.428423],[88.276762,36.448577],[88.398253,36.454829],[88.459231,36.448887],[88.474786,36.445218],[88.490444,36.43788],[88.4968,36.432919],[88.500521,36.429405],[88.502846,36.426278],[88.506257,36.422868],[88.510804,36.419612],[88.516179,36.416744],[88.52238,36.414315],[88.711722,36.368401],[88.828098,36.373672],[88.83864,36.371656],[88.851249,36.367315],[88.88272,36.350185],[88.958271,36.287294],[88.974911,36.278716],[88.98292,36.276081],[88.993204,36.273962],[89.040074,36.27143],[89.078108,36.264324],[89.110509,36.262257],[89.204716,36.266365],[89.223629,36.263575],[89.677813,36.081958],[89.592961,36.072734],[89.514671,36.053252],[89.493484,36.044364],[89.466922,36.027052],[89.444908,36.006614],[89.439482,36.000335],[89.438706,35.998837],[89.437311,35.995323],[89.435141,35.987804],[89.436381,35.972792],[89.442427,35.952276],[89.45886,35.916568],[89.4724,35.89476],[89.484647,35.880187],[89.494414,35.873004],[89.511622,35.863909],[89.542214,35.851197],[89.581437,35.839777],[89.633733,35.832516],[89.676108,35.831431],[89.744838,35.838433],[89.760082,35.83802],[89.772019,35.835591],[89.781786,35.831612],[89.788763,35.826857],[89.792638,35.818047],[89.793724,35.803758],[89.788866,35.775543],[89.781321,35.753425],[89.77233,35.734615],[89.727939,35.667281],[89.715072,35.642347],[89.712902,35.629453],[89.713677,35.615759],[89.722203,35.580283],[89.722824,35.566253],[89.717397,35.550802],[89.696469,35.529253],[89.690681,35.519848],[89.690267,35.508582],[89.699879,35.497575],[89.711661,35.491012],[89.725614,35.485741],[89.736776,35.478765],[89.743442,35.469256],[89.741582,35.457216],[89.737551,35.449981],[89.73011,35.443651],[89.618696,35.387168],[89.575856,35.372854],[89.511777,35.359625],[89.50077,35.355672],[89.491623,35.350401],[89.484337,35.34221],[89.480461,35.332211],[89.479996,35.321643],[89.484492,35.294642],[89.485422,35.280689],[89.483097,35.266892],[89.478394,35.257331],[89.47395,35.251647],[89.463356,35.242604],[89.458964,35.238056],[89.455295,35.232165],[89.454054,35.22462],[89.45483,35.212838],[89.470229,35.189067],[89.493018,35.162298],[89.540199,35.115945],[89.560198,35.091967],[89.57167,35.073312],[89.573375,35.058997],[89.573375,35.044218],[89.567019,35.004375],[89.560663,34.978847],[89.560508,34.966703],[89.562678,34.95642],[89.569189,34.948048],[89.583607,34.940917],[89.609704,34.93469],[89.645412,34.933682],[89.724994,34.938488],[89.760857,34.935465],[89.778221,34.930426],[89.787677,34.926396],[89.807986,34.905983],[89.825246,34.84609],[89.812017,34.812294],[89.787677,34.786663],[89.723909,34.739637],[89.717708,34.731472],[89.715847,34.725064],[89.717087,34.715917],[89.720343,34.705324],[89.724994,34.696487],[89.73166,34.688891],[89.742202,34.68269],[89.752899,34.674318],[89.761788,34.662742],[89.791088,34.554119],[89.797134,34.505646],[89.792018,34.439681],[89.793103,34.421672],[89.795739,34.408417],[89.799305,34.403068],[89.803852,34.399244],[89.808813,34.397436],[89.824626,34.394542],[89.832998,34.390511],[89.840284,34.383328],[89.845555,34.369995],[89.84447,34.357955],[89.839302,34.347284],[89.824781,34.330256],[89.81858,34.317492],[89.795894,34.225095],[89.786592,34.198533],[89.780856,34.19104],[89.756517,34.171868],[89.739257,34.153781],[89.730575,34.148665],[89.718483,34.14572],[89.692541,34.144841],[89.680914,34.14342],[89.669907,34.139829],[89.65797,34.130966],[89.647893,34.117763],[89.636731,34.093371],[89.635904,34.074484],[89.640141,34.057973],[89.658125,34.030455],[89.664481,34.018079],[89.671457,34.000767],[89.681069,33.983404],[89.741892,33.909507],[89.761477,33.892764],[89.771399,33.887803],[89.791088,33.883436],[89.800752,33.880155],[89.877233,33.822742],[89.887,33.813854],[89.892116,33.801606],[89.89196,33.785328],[89.88948,33.766466],[89.892219,33.755614],[89.900022,33.747579],[89.928134,33.737062],[89.942552,33.729414],[89.952784,33.715513],[89.96131,33.689055],[89.964256,33.658308],[89.968803,33.64203],[89.975108,33.630557],[89.981516,33.625416],[89.988337,33.621152],[89.997949,33.616605],[90.037223,33.605081],[90.059857,33.601567],[90.081871,33.600688],[90.097426,33.597278],[90.140576,33.578209],[90.150601,33.570768],[90.160213,33.560432],[90.170186,33.540149],[90.18817,33.516998],[90.197833,33.507722],[90.201554,33.502762],[90.203208,33.500074],[90.202174,33.49209],[90.194836,33.470877],[90.192356,33.454496],[90.194216,33.431035],[90.199384,33.41486],[90.205688,33.401502],[90.243257,33.348016],[90.262015,33.3267],[90.274004,33.31608],[90.288887,33.305048],[90.30563,33.295074],[90.3232,33.288718],[90.359632,33.283808],[90.37498,33.283912],[90.410844,33.289803],[90.424383,33.288046],[90.436268,33.282181],[90.469496,33.252002],[90.582616,33.188646],[90.660337,33.155858],[90.682558,33.149346],[90.741521,33.140691],[90.773819,33.139114],[90.80405,33.140536],[90.823945,33.146013],[90.841618,33.154617],[90.857121,33.165573],[90.895465,33.201953],[90.94001,33.236628],[90.949932,33.239393],[91.020367,33.233579],[91.037472,33.234768],[91.127906,33.254327],[91.137983,33.260347],[91.142478,33.267427],[91.144339,33.276367],[91.146354,33.296624],[91.14899,33.306236],[91.152917,33.314685],[91.157671,33.321997],[91.162994,33.327113],[91.169815,33.331558],[91.177567,33.334555],[91.189194,33.336958],[91.361587,33.336958],[91.370733,33.335717],[91.37926,33.333108],[91.391404,33.326493],[91.39714,33.321274],[91.39993,33.31652],[91.399775,33.31267],[91.398225,33.309569],[91.394814,33.306029],[91.390319,33.30267],[91.384738,33.299932],[91.378536,33.298226],[91.373265,33.29727],[91.369958,33.295539],[91.368098,33.292025],[91.369028,33.284454],[91.376469,33.271251],[91.475171,33.140665],[91.542661,33.080333],[91.597438,33.05005],[91.631131,33.037467],[91.720324,32.982509],[91.735414,32.976876],[91.749366,32.975429],[91.778874,32.977807],[91.794377,32.976489],[91.813135,32.968272],[91.825744,32.955896],[91.83856,32.938403],[91.85489,32.923107],[91.924395,32.871508],[91.952352,32.857039],[91.976846,32.848615],[91.99607,32.848357],[92.009712,32.84952],[92.031003,32.853783],[92.042785,32.858279],[92.053327,32.864919],[92.061595,32.8728],[92.072913,32.880526],[92.08609,32.885642],[92.10149,32.887812],[92.119318,32.887347],[92.160608,32.880371],[92.182002,32.874454],[92.196109,32.86864],[92.20231,32.86355],[92.203809,32.858201],[92.202155,32.852362],[92.198125,32.844869],[92.191407,32.836342],[92.187738,32.827635],[92.187583,32.81531],[92.203241,32.761541],[92.210372,32.75043],[92.221379,32.744978],[92.232851,32.742601],[92.24577,32.742911],[92.256622,32.744436],[92.265769,32.747097],[92.274812,32.751593],[92.29016,32.761231],[92.297447,32.762497],[92.307059,32.760455],[92.31729,32.75521],[92.327109,32.751567],[92.334654,32.752161],[92.342457,32.756838],[92.350518,32.763194],[92.359975,32.768259],[92.372998,32.771152],[92.3854,32.769137],[92.410256,32.757846],[92.419093,32.755908],[92.425449,32.75813],[92.431805,32.762548],[92.440074,32.767018],[92.451081,32.769809],[92.465809,32.769421],[92.507977,32.756838],[92.526787,32.753427],[92.549008,32.752265],[92.5611,32.75273],[92.649983,32.740431],[92.727291,32.760559],[92.850023,32.728881],[92.90666,32.726943],[92.926194,32.72945],[92.98588,32.743661],[92.997766,32.741516],[93.005931,32.734617],[93.011873,32.716298],[93.016059,32.697694],[93.023501,32.67798],[93.031252,32.66351],[93.043964,32.652322],[93.053783,32.651625],[93.061638,32.655914],[93.069596,32.661366],[93.081688,32.665293],[93.159823,32.669014],[93.195738,32.667154],[93.218527,32.65979],[93.304827,32.609819],[93.345341,32.577702],[93.362395,32.568968],[93.382238,32.566255],[93.427559,32.570338],[93.442596,32.563336],[93.452518,32.549538],[93.461407,32.533544],[93.475463,32.518816],[93.494893,32.514036],[93.510396,32.516103],[93.534632,32.528816],[93.558662,32.54636],[93.597161,32.564576],[93.644651,32.573516],[93.734155,32.572457],[93.775134,32.566281],[93.802006,32.555197],[93.835492,32.511401],[93.852391,32.499774],[93.877402,32.495381],[93.902103,32.499128],[93.906547,32.501246],[93.910268,32.503598],[93.921327,32.50799],[93.930939,32.509618],[93.952643,32.496699],[94.004629,32.480628],[94.110773,32.478225],[94.134699,32.48763],[94.147256,32.495071],[94.151287,32.499567],[94.153561,32.503598],[94.160124,32.510031],[94.178262,32.522253],[94.207614,32.529488],[94.316858,32.540753],[94.334997,32.549951],[94.34466,32.564576],[94.347864,32.581035],[94.348174,32.596744],[94.350861,32.606098],[94.356753,32.614082],[94.370395,32.618242],[94.38042,32.614134],[94.397835,32.595272],[94.410599,32.591473],[94.426257,32.596538],[94.43773,32.60416],[94.451372,32.611085],[94.503669,32.624701],[94.520567,32.631264],[94.53731,32.640669],[94.568419,32.664131],[94.582217,32.672192],[94.60051,32.675835],[94.614928,32.672735],[94.627537,32.665913],[94.658078,32.631936],[94.67141,32.62049],[94.684484,32.612428],[94.710219,32.6],[94.721847,32.592869],[94.729753,32.58181],[94.738951,32.552639],[94.744843,32.542872],[94.75523,32.535456],[94.852226,32.50011],[94.915065,32.463342],[94.924366,32.45603],[94.931808,32.447555],[94.936769,32.438046],[94.938939,32.42815],[94.945606,32.359524],[94.948086,32.347354],[94.951342,32.337225],[94.953822,32.332652],[94.956923,32.328415],[94.968395,32.319578],[95.000072,32.30653],[95.061826,32.261209],[95.078259,32.254517],[95.116603,32.247386],[95.259075,32.244079],[95.269462,32.240901],[95.277678,32.235242],[95.28481,32.225268],[95.297367,32.202247],[95.307185,32.191679],[95.317572,32.184263],[95.333851,32.178372],[95.382116,32.170052],[95.396224,32.162068],[95.404751,32.150699],[95.408006,32.124086],[95.412399,32.113492],[95.419013,32.104966],[95.425266,32.09476],[95.426506,32.084373],[95.422321,32.073391],[95.412399,32.061041],[95.407024,32.051661],[95.406611,32.043522],[95.411158,32.036753],[95.417463,32.030629],[95.422321,32.024428],[95.424336,32.018304],[95.421494,32.012878],[95.413019,32.008331],[95.37669,32.000838],[95.372505,31.999417],[95.361963,31.989598],[95.355451,31.979935],[95.351989,31.96761],[95.354314,31.954406],[95.383977,31.90472],[95.390178,31.887925],[95.394364,31.839607],[95.398549,31.824957],[95.406766,31.810668],[95.4186,31.798499],[95.455652,31.774107],[95.486864,31.746667],[95.497096,31.741655],[95.506863,31.741784],[95.526397,31.745324],[95.557299,31.755478],[95.592698,31.761576],[95.622102,31.762351],[95.644943,31.760361],[95.725041,31.746357],[95.740699,31.737236],[95.754187,31.724291],[95.765555,31.707186],[95.773772,31.697988],[95.784779,31.694655],[95.798732,31.697006],[95.818782,31.707109],[95.833665,31.712535],[95.848858,31.714266],[95.899294,31.705636],[95.952366,31.705404],[96.027452,31.715015],[96.045332,31.715455],[96.062075,31.713775],[96.077733,31.709047],[96.094218,31.700546],[96.107963,31.688635],[96.116697,31.673545],[96.120262,31.654993],[96.121813,31.636571],[96.124758,31.621533],[96.132975,31.607296],[96.149305,31.587039],[96.155196,31.57567],[96.160467,31.561485],[96.167288,31.548049],[96.177055,31.538204],[96.193023,31.534742],[96.210283,31.539703],[96.229351,31.558022],[96.235398,31.568874],[96.236018,31.577737],[96.232142,31.582336],[96.22005,31.59138],[96.215709,31.59926],[96.214624,31.606753],[96.216019,31.620163],[96.219895,31.633677],[96.225476,31.647914],[96.230127,31.666181],[96.232297,31.681968],[96.229506,31.702148],[96.22284,31.719976],[96.212918,31.735117],[96.200154,31.74659],[96.164187,31.767932],[96.147754,31.779921],[96.141243,31.797052],[96.144964,31.819453],[96.168373,31.842811],[96.176435,31.85511],[96.181241,31.865497],[96.182636,31.871156],[96.197054,31.88193],[96.22222,31.893067],[96.278186,31.90906],[96.307435,31.906192],[96.331619,31.890948],[96.382675,31.818472],[96.413526,31.791006],[96.434507,31.776433],[96.464583,31.760671],[96.483238,31.753463],[96.560184,31.7369],[96.602094,31.732895],[96.63682,31.72641],[96.649533,31.725712],[96.664157,31.721139],[96.710407,31.691038],[96.737382,31.679798],[96.74932,31.677602],[96.763737,31.680909],[96.779912,31.69158],[96.795415,31.715455],[96.796655,31.737365],[96.791074,31.755891],[96.780532,31.772712],[96.760223,31.799015],[96.75211,31.812348],[96.748545,31.823898],[96.752885,31.838677],[96.763944,31.854671],[96.784873,31.88007],[96.789679,31.896839],[96.786372,31.910146],[96.744049,31.941849],[96.735367,31.951538],[96.733042,31.960349],[96.737692,31.96885],[96.754126,31.973837],[96.785493,31.971046],[96.803787,31.972958],[96.853913,31.990916],[96.871741,31.994352],[96.888381,31.993784],[96.902024,31.990683],[96.914581,31.990141],[96.932926,31.994404],[96.982432,32.017012],[96.999795,32.021741],[97.018089,32.022904],[97.082323,32.011896],[97.124077,32.009338],[97.142836,32.012672],[97.158649,32.020191],[97.175444,32.034402],[97.179319,32.057733],[97.183505,32.064606],[97.199783,32.067965],[97.225105,32.062979],[97.239677,32.065873],[97.25487,32.075794],[97.273164,32.100806],[97.276574,32.113802],[97.274611,32.12083],[97.267169,32.122975],[97.260348,32.123931],[97.255594,32.125094],[97.250995,32.128323],[97.247119,32.13592],[97.244793,32.148477],[97.244638,32.164471],[97.254405,32.203952],[97.265412,32.232581],[97.276936,32.252295],[97.291664,32.264956],[97.314608,32.266506],[97.335434,32.261623],[97.359773,32.260486],[97.376517,32.265964],[97.388505,32.280769],[97.388195,32.290045],[97.374863,32.306297],[97.374863,32.317304],[97.394087,32.353633],[97.395947,32.371435],[97.393156,32.384974],[97.384785,32.392545],[97.371556,32.397894],[97.351092,32.400632],[97.336364,32.405154],[97.325977,32.412234],[97.326287,32.423577],[97.334504,32.436728],[97.347681,32.453058],[97.354192,32.467398],[97.357448,32.480783],[97.358533,32.491066],[97.360859,32.500187],[97.36613,32.50166],[97.376413,32.503598],[97.400753,32.50321],[97.50116,32.484736],[97.562293,32.484348],[97.576711,32.48148],[97.589578,32.474246],[97.611644,32.452929],[97.621566,32.445798],[97.630868,32.444092],[97.642754,32.447477],[97.652779,32.454944],[97.65836,32.468639],[97.661254,32.480292],[97.666731,32.489258],[97.676808,32.495381],[97.693551,32.499774],[97.695102,32.50042],[97.696342,32.501272],[97.702853,32.509696],[97.713757,32.537265],[97.715721,32.54419],[97.817833,32.513261],[97.838039,32.511582],[97.856487,32.519126],[97.886821,32.497629],[98.014152,32.464505],[98.066965,32.422802],[98.076215,32.412983],[98.080556,32.404689],[98.090943,32.401821],[98.113733,32.402441],[98.123086,32.400297],[98.129339,32.395051],[98.135488,32.388359],[98.14448,32.381951],[98.187475,32.366707],[98.205768,32.355648],[98.213365,32.337871],[98.211814,32.296246],[98.213571,32.273173],[98.220186,32.252192],[98.271759,32.190774],[98.309586,32.128711],[98.374699,32.080419],[98.384724,32.063521],[98.393509,32.040138],[98.436917,32.003783],[98.452988,31.984095],[98.456657,31.960504],[98.452988,31.932935],[98.444978,31.908001],[98.435573,31.892214],[98.423016,31.881698],[98.419037,31.879889],[98.420846,31.878184],[98.435263,31.838419],[98.434902,31.824647],[98.425651,31.813407],[98.445495,31.803615],[98.468543,31.766873],[98.501512,31.749768],[98.541717,31.689875],[98.547918,31.684707],[98.553602,31.681348],[98.558718,31.677111],[98.563421,31.669385],[98.565953,31.660678],[98.569054,31.631842],[98.575927,31.615977],[98.592153,31.598821],[98.841027,31.396844],[98.864488,31.36775],[98.867692,31.364959],[98.884952,31.354081],[98.874565,31.341291],[98.830795,31.298374],[98.803044,31.257886],[98.781909,31.239024],[98.767801,31.230368],[98.761445,31.234295],[98.756174,31.24445],[98.731576,31.277962],[98.723928,31.285197],[98.713954,31.29101],[98.68269,31.315918],[98.665223,31.320569],[98.6491,31.316693],[98.637938,31.309278],[98.621195,31.288917],[98.611377,31.25618],[98.620265,31.187942],[98.60378,31.169751],[98.613134,31.164971],[98.638713,31.159804],[98.651581,31.155463],[98.693129,31.124741],[98.721344,31.066424],[98.726202,31.059732],[98.745219,31.040638],[98.764856,31.015187],[98.775088,31.007513],[98.79705,30.997178],[98.803044,30.990977],[98.80537,30.966353],[98.798032,30.940902],[98.78625,30.918268],[98.775088,30.902223],[98.787697,30.88088],[98.801029,30.867884],[98.833482,30.84357],[98.880559,30.793185],[98.898594,30.778716],[98.938592,30.760267],[98.954301,30.747865],[98.960709,30.727195],[98.953268,30.708229],[98.936163,30.700504],[98.917611,30.694948],[98.905467,30.682494],[98.905364,30.663813],[98.922159,30.623764],[98.926551,30.603972],[98.927481,30.593792],[98.931822,30.579555],[98.931202,30.500102],[98.932752,30.490697],[98.938178,30.485349],[98.947687,30.479225],[98.956679,30.471164],[98.960709,30.459976],[98.986754,30.144362],[99.029852,30.067932],[99.03409,30.055323],[99.036777,29.975612],[99.043392,29.944994],[99.056311,29.915332],[99.017657,29.853346],[99.005461,29.820092],[99.001017,29.784978],[99.003187,29.781102],[99.012541,29.773067],[99.014711,29.767925],[99.012851,29.764798],[99.004014,29.761672],[99.001017,29.757047],[98.988408,29.688705],[98.986754,29.650904],[98.992129,29.634703],[99.015538,29.604447],[99.024168,29.581554],[99.038741,29.567395],[99.041996,29.562459],[99.041996,29.528017],[99.058998,29.41805],[99.048818,29.387741],[99.059101,29.367174],[99.062925,29.348183],[99.062512,29.308289],[99.067473,29.296765],[99.09021,29.266793],[99.096618,29.250566],[99.108814,29.224185],[99.108814,29.223772],[99.103905,29.222919],[99.060445,29.215504],[99.043392,29.209535],[99.028974,29.207391],[99.005668,29.206745],[98.998123,29.205143],[98.990165,29.20199],[98.980243,29.193154],[98.974972,29.18163],[98.972181,29.159022],[98.977142,29.140547],[98.983654,29.125303],[98.994816,29.105717],[99.000397,29.092721],[99.006288,29.073161],[99.008355,29.057891],[99.007735,29.043731],[99.003497,29.033913],[98.992645,29.022467],[98.948927,29.000168],[98.943759,28.996525],[98.932442,28.986345],[98.917094,28.961488],[98.908413,28.936425],[98.907172,28.922188],[98.908878,28.91237],[98.91911,28.899477],[98.938023,28.880201],[98.947067,28.868548],[98.950891,28.859376],[98.949961,28.848472],[98.94562,28.842012],[98.911978,28.822143],[98.897044,28.816329],[98.873479,28.811808],[98.860767,28.813229],[98.85069,28.820076],[98.841233,28.836716],[98.820408,28.886041],[98.785009,29.000246],[98.785009,29.000349],[98.784596,29.000737],[98.783046,29.001589],[98.778705,29.003036],[98.772762,29.00345],[98.765786,29.002804],[98.76036,29.000582],[98.751833,28.994019],[98.742531,28.988903],[98.728992,28.985234],[98.66481,28.974175],[98.651271,28.970067],[98.646155,28.964382],[98.642124,28.954435],[98.635303,28.941386],[98.638248,28.930534],[98.638713,28.878651],[98.641659,28.871029],[98.654526,28.855164],[98.655095,28.850255],[98.652976,28.844984],[98.651581,28.83594],[98.653079,28.825579],[98.656697,28.819068],[98.661141,28.813229],[98.665223,28.804909],[98.678143,28.757056],[98.678659,28.749124],[98.677522,28.742354],[98.672355,28.736205],[98.618715,28.704243],[98.607346,28.694864],[98.597579,28.683211],[98.589207,28.670292],[98.584505,28.649156],[98.585022,28.626548],[98.594013,28.583165],[98.612824,28.539421],[98.635768,28.500302],[98.640212,28.485858],[98.642899,28.473146],[98.644449,28.4594],[98.644294,28.443897],[98.640419,28.424131],[98.629567,28.397363],[98.613547,28.367571],[98.575823,28.317548],[98.55722,28.299875],[98.489885,28.248069],[98.479602,28.242643],[98.447562,28.231714],[98.431543,28.236623],[98.409994,28.250602],[98.373665,28.28985],[98.34576,28.326023],[98.336768,28.335428],[98.326019,28.344446],[98.299768,28.354807],[98.282921,28.315352],[98.270829,28.261893],[98.261475,28.239672],[98.247678,28.220035],[98.23016,28.202878],[98.211969,28.191587],[98.136263,28.156447],[98.115179,28.143993],[98.115002,28.143888],[98.048619,28.199624],[98.031359,28.208331],[97.991052,28.214015],[97.984851,28.224221],[97.993842,28.25254],[97.992912,28.268922],[97.978753,28.2806],[97.94475,28.298842],[97.897518,28.355325],[97.85907,28.37013],[97.797265,28.34393],[97.765329,28.352431],[97.740008,28.38261],[97.699597,28.48803],[97.670451,28.511284],[97.641099,28.498365],[97.613607,28.481984],[97.589939,28.494696],[97.567512,28.525495],[97.546221,28.538466],[97.527721,28.529526],[97.513975,28.494696],[97.50302,28.47772],[97.488137,28.441934],[97.474598,28.426199],[97.471497,28.414959],[97.465709,28.406691],[97.450103,28.391912],[97.445349,28.382971],[97.446796,28.374006],[97.450206,28.364859],[97.452377,28.35548],[97.452377,28.317678],[97.447829,28.297602],[97.436667,28.286414],[97.41672,28.286052],[97.39822,28.288895],[97.384371,28.284838],[97.377859,28.263599],[97.369591,28.25347],[97.333831,28.235254],[97.323496,28.217478],[97.285255,28.235668],[97.229651,28.274606],[97.220763,28.283391],[97.210531,28.308092],[97.20278,28.311555],[97.193271,28.3114],[97.182729,28.314991],[97.11555,28.366564],[97.078446,28.375143],[97.032971,28.35703],[96.997417,28.337083],[96.965791,28.330468],[96.933959,28.336618],[96.897889,28.354704],[96.716924,28.436539],[96.604426,28.444534],[96.561518,28.447293],[96.512382,28.428808],[96.495226,28.42147],[96.441127,28.395416],[96.369644,28.378116],[96.301852,28.420711],[96.336459,28.479667],[96.409019,28.558929],[96.502375,28.644476],[96.501044,28.687631],[96.59801,28.70991],[96.592584,28.757884],[96.576668,28.808527],[96.523751,28.864415],[96.510832,28.885525],[96.500394,28.929243],[96.492229,28.948002],[96.474659,28.962058],[96.460086,28.96335],[96.452128,28.970378],[96.451198,28.981385],[96.457605,28.994588],[96.366568,29.036537],[96.294655,28.992324],[96.248588,28.945343],[96.195323,28.941106],[96.175954,29.017354],[96.174625,29.108845],[96.183514,29.123779],[96.193642,29.136931],[96.210075,29.145767],[96.316425,29.171864],[96.327484,29.180442],[96.342367,29.210647],[96.366862,29.244211],[96.366241,29.257233],[96.349912,29.274235],[96.337096,29.279713],[96.323247,29.27501],[96.304126,29.261212],[96.26785,29.24173],[96.235293,29.241214],[96.205424,29.256949],[96.176279,29.286456],[96.166047,29.303174],[96.150957,29.354075],[96.141966,29.368467],[96.074536,29.369286],[96.014135,29.364252],[95.953735,29.359219],[95.863134,29.323985],[95.79594,29.352886],[95.776407,29.345548],[95.744781,29.340432],[95.747365,29.273651],[95.717165,29.218284],[95.646697,29.22835],[95.592335,29.249689],[95.58169,29.247467],[95.572905,29.24726],[95.56443,29.245606],[95.553785,29.239043],[95.550684,29.230284],[95.552028,29.22013],[95.550167,29.212482],[95.515337,29.209433],[95.511927,29.197547],[95.522675,29.161193],[95.521435,29.137861],[95.511307,29.131789],[95.487577,29.068994],[95.429824,29.046525],[95.367406,29.036496],[95.281553,29.052672],[95.224916,29.059364],[95.216338,29.064997],[95.214064,29.073084],[95.212824,29.081869],[95.207863,29.089595],[95.199698,29.094246],[95.191533,29.09683],[95.116912,29.108095],[95.099032,29.11378],[95.047666,29.140806],[94.989065,29.153984],[94.891293,29.160495],[94.854086,29.170004],[94.815432,29.168867],[94.798792,29.166438],[94.776571,29.166696],[94.761482,29.174706],[94.767683,29.213851],[94.756417,29.230517],[94.704224,29.284699],[94.668464,29.30661],[94.63043,29.319452],[94.599941,29.316635],[94.582681,29.302915],[94.528628,29.23124],[94.514778,29.22106],[94.498242,29.21522],[94.474987,29.210802],[94.422381,29.210492],[94.396439,29.207081],[94.372875,29.196307],[94.36254,29.185326],[94.346313,29.159074],[94.335771,29.149617],[94.323782,29.146026],[94.287505,29.147938],[94.270786,29.09793],[94.309048,29.059668],[94.347311,29.024349],[94.291389,28.977256],[94.250183,28.933107],[94.173658,28.930164],[94.135396,28.897788],[94.079474,28.883072],[94.026849,28.864182],[94.01145,28.85302],[93.992019,28.844649],[93.993136,28.801887],[93.981591,28.768131],[93.961093,28.729943],[93.927786,28.682752],[93.86308,28.704871],[93.781744,28.680504],[93.722475,28.696647],[93.705525,28.691893],[93.664908,28.690239],[93.64341,28.68024],[93.62553,28.67236],[93.607133,28.672204],[93.551736,28.678948],[93.446213,28.671894],[93.355432,28.624065],[93.31717,28.603463],[93.302843,28.556921],[93.286972,28.520517],[93.259068,28.496023],[93.218838,28.457436],[93.186286,28.431995],[93.218073,28.394647],[93.207825,28.340539],[93.129828,28.325962],[93.046399,28.302097],[92.974924,28.282306],[92.960351,28.270214],[92.922007,28.258638],[92.903817,28.249698],[92.889554,28.235823],[92.86537,28.205205],[92.85028,28.19195],[92.834777,28.183526],[92.819895,28.179263],[92.805322,28.178023],[92.790232,28.178901],[92.785375,28.183294],[92.782894,28.190942],[92.779174,28.195903],[92.770079,28.192182],[92.70786,28.155414],[92.678611,28.133064],[92.65484,28.105831],[92.63727,28.071983],[92.638924,28.057487],[92.65422,28.052087],[92.689257,28.048315],[92.701349,28.037825],[92.701349,28.025241],[92.736392,27.985909],[92.71077,27.949702],[92.683674,27.91045],[92.636468,27.89537],[92.592912,27.868193],[92.574977,27.847806],[92.518151,27.839468],[92.475109,27.846596],[92.439039,27.82329],[92.427567,27.821171],[92.417335,27.828948],[92.404416,27.853831],[92.392841,27.856027],[92.381058,27.842462],[92.375581,27.821119],[92.367933,27.803834],[92.350053,27.802542],[92.339821,27.815564],[92.334653,27.831274],[92.329175,27.832928],[92.31729,27.803679],[92.303854,27.78616],[92.288764,27.793085],[92.275225,27.811689],[92.258275,27.848198],[92.24918,27.862642],[92.239568,27.865277],[92.126294,27.812722],[92.10616,27.786081],[92.064878,27.761721],[91.988898,27.769398],[91.968001,27.746278],[91.952247,27.72482],[91.908736,27.7319],[91.864914,27.729988],[91.856373,27.764539],[91.826589,27.807627],[91.729871,27.804136],[91.680131,27.849823],[91.628339,27.852694],[91.637124,27.87724],[91.648907,27.897213],[91.652834,27.916747],[91.637951,27.939743],[91.621725,27.950724],[91.600641,27.959276],[91.578627,27.964702],[91.537492,27.969353],[91.497495,27.984081],[91.460908,27.984365],[91.446438,27.986355],[91.436483,27.989375],[91.418843,27.994726],[91.341432,28.030564],[91.309599,28.056402],[91.290169,28.091413],[91.269705,28.072861],[91.246141,28.071466],[91.220612,28.074877],[91.194671,28.070587],[91.175861,28.057487],[91.133796,28.014105],[91.119637,27.994881],[91.11943,27.994726],[91.092558,27.971679],[91.051941,27.96279],[91.008842,27.96677],[90.975149,27.982092],[90.960577,27.994726],[90.90952,28.032657],[90.850919,28.044026],[90.788701,28.047488],[90.755278,28.055173],[90.726896,28.061699],[90.683901,28.087072],[90.667468,28.090328],[90.651035,28.086995],[90.621889,28.072965],[90.597395,28.070587],[90.575277,28.065833],[90.510061,28.074101],[90.492595,28.074412],[90.475232,28.072344],[90.485669,28.124657],[90.515299,28.154287],[90.54822,28.157579],[90.567973,28.1905],[90.597602,28.200376],[90.587726,28.233298],[90.54822,28.246466],[90.505422,28.249758],[90.45604,28.28268],[90.416535,28.28268],[90.386905,28.299141],[90.353984,28.299141],[90.329504,28.255796],[90.29147,28.261351],[90.261804,28.299141],[90.261804,28.335354],[90.225591,28.358399],[90.199254,28.348523],[90.176209,28.325478],[90.153164,28.322185],[90.123535,28.335354],[90.07086,28.34523],[89.990455,28.320624],[89.971593,28.31804],[89.952524,28.308247],[89.91613,28.315601],[89.881314,28.297525],[89.873615,28.300599],[89.862918,28.295793],[89.854029,28.287267],[89.83863,28.267914],[89.829741,28.259155],[89.796048,28.24019],[89.780855,28.228769],[89.773621,28.212775],[89.755844,28.184379],[89.71781,28.169083],[89.597817,28.149807],[89.579421,28.14464],[89.561489,28.13464],[89.515032,28.081905],[89.495343,28.068004],[89.475344,28.061337],[89.458808,28.047798],[89.444545,28.031184],[89.421187,27.994726],[89.420981,27.994726],[89.417364,27.988654],[89.370131,27.909357],[89.336025,27.869075],[89.299489,27.844245],[89.258717,27.827553],[89.22492,27.807813],[89.21659,27.771142],[89.205843,27.747435],[89.198203,27.730582],[89.156021,27.665686],[89.127359,27.62729],[89.124655,27.614852],[89.119484,27.618201],[89.109565,27.622258],[89.105865,27.622952],[89.102351,27.623611],[89.091531,27.625865],[89.064029,27.615946],[89.050954,27.608282],[89.039682,27.594305],[89.03337,27.578976],[89.016238,27.57582],[89.002712,27.560491],[89.004966,27.54967],[88.992793,27.537497],[88.978366,27.530283],[88.972955,27.517659],[88.97521,27.506839],[88.980046,27.49798],[88.982966,27.492632],[88.966202,27.47803],[88.957549,27.456939],[88.95106,27.433144],[88.964011,27.392924],[88.981175,27.354635],[88.997019,27.330869],[88.971933,27.312385],[88.950808,27.328229],[88.91516,27.330869],[88.892331,27.315543],[88.864632,27.33239],[88.852023,27.342363],[88.830836,27.367323],[88.819829,27.373627],[88.808202,27.378382],[88.795386,27.385926],[88.773578,27.408509],[88.759781,27.435071],[88.754355,27.464216],[88.757197,27.494964],[88.757559,27.511448],[88.741642,27.53168],[88.741022,27.54571],[88.748154,27.560128],[88.767377,27.586198],[88.783087,27.622036],[88.805669,27.655109],[88.853884,27.843676],[88.855072,27.859179],[88.851558,27.877163],[88.842773,27.892407],[88.818899,27.915196],[88.810682,27.927857],[88.809752,27.944497],[88.819674,27.977337],[88.81771,27.994726],[88.81771,27.994881],[88.817503,27.994881],[88.802931,28.011005],[88.780141,28.028342],[88.735648,28.055265],[88.71012,28.061983],[88.652035,28.069399],[88.631675,28.083352],[88.610488,28.105831],[88.594003,28.106606],[88.552817,28.078055],[88.530802,28.059012],[88.51716,28.039582],[88.50207,28.028885],[88.475405,28.036248],[88.455768,28.03152],[88.399906,27.994881],[88.399854,27.994726],[88.399751,27.994726],[88.37877,27.982634],[88.197851,27.958295],[88.174855,27.949768],[88.16297,27.9469],[88.151187,27.94721],[88.126693,27.95044],[88.115737,27.947262],[88.099924,27.928322],[88.097496,27.904008],[88.104885,27.879721],[88.118218,27.860885],[88.095739,27.865329],[88.052795,27.886516],[88.029954,27.893337],[88.018121,27.892149],[87.991817,27.88264],[87.978433,27.880522],[87.966392,27.882744],[87.945205,27.892304],[87.93456,27.895301],[87.856115,27.898608],[87.836685,27.908323],[87.825884,27.906566],[87.814154,27.89096],[87.798651,27.863468],[87.779841,27.839439],[87.756379,27.82037],[87.726821,27.807761],[87.700466,27.805642],[87.678529,27.813351],[87.659951,27.819879],[87.636077,27.823652],[87.621091,27.819543],[87.589981,27.804609],[87.573342,27.805022],[87.565073,27.810862],[87.559802,27.819078],[87.555978,27.827088],[87.551327,27.831894],[87.531587,27.836803],[87.514534,27.835201],[87.47557,27.826701],[87.38679,27.804402],[87.369116,27.803937],[87.369116,27.819078],[87.380692,27.835821],[87.385343,27.849412],[87.363845,27.855252],[87.335837,27.846363],[87.313926,27.828587],[87.290516,27.816081],[87.232897,27.829724],[87.181996,27.824504],[87.155796,27.825796],[87.116522,27.844581],[87.062003,27.908427],[87.030532,27.938089],[87.005676,27.951499],[86.988726,27.952481],[86.982093,27.950674],[86.970226,27.947443],[86.940357,27.943102],[86.914725,27.945117],[86.893073,27.954186],[86.876898,27.970645],[86.868165,27.994726],[86.868165,27.994881],[86.840466,28.014777],[86.76998,28.01209],[86.739801,28.021495],[86.732204,28.034957],[86.735977,28.064851],[86.731739,28.076918],[86.717683,28.088261],[86.699648,28.098751],[86.680063,28.105727],[86.661976,28.106838],[86.64947,28.10118],[86.627146,28.083481],[86.612315,28.080277],[86.596864,28.086504],[86.583118,28.098028],[86.569527,28.106606],[86.553559,28.104151],[86.544154,28.093015],[86.54126,28.07821],[86.540743,28.062164],[86.538366,28.047178],[86.530925,28.03369],[86.522295,28.023717],[86.516197,28.012245],[86.516455,27.994726],[86.516764,27.971432],[86.510461,27.952429],[86.496921,27.937882],[86.475476,27.927599],[86.438837,27.910856],[86.425298,27.909925],[86.405713,27.917005],[86.371968,27.941965],[86.362976,27.946099],[86.353674,27.944807],[86.345613,27.940931],[86.337551,27.938037],[86.327733,27.939691],[86.318224,27.945789],[86.29466,27.972376],[86.278072,27.983694],[86.259003,27.987647],[86.238539,27.989559],[86.218385,27.994726],[86.21792,27.994933],[86.217765,27.994985],[86.203038,28.002581],[86.19601,28.01457],[86.189137,28.043612],[86.18185,28.054878],[86.17446,28.062448],[86.172238,28.071828],[86.180765,28.088752],[86.187173,28.108699],[86.186036,28.133529],[86.176011,28.153011],[86.15596,28.156525],[86.068731,28.076763],[86.070177,28.066712],[86.081546,28.0517],[86.084699,28.043871],[86.083923,28.038548],[86.079531,28.02165],[86.079531,28.01333],[86.077619,28.006948],[86.079169,28.001134],[86.089298,27.994881],[86.089401,27.994881],[86.089401,27.994726],[86.098134,27.985631],[86.098031,27.977518],[86.095085,27.968888],[86.095602,27.957855],[86.100563,27.950233],[86.107178,27.944239],[86.112242,27.937262],[86.112862,27.926798],[86.107178,27.922845],[86.075655,27.894784],[86.061703,27.889048],[86.0546,27.888013],[86.051419,27.88755],[86.026459,27.889927],[85.98026,27.885172],[85.96269,27.891374],[85.951218,27.91623],[85.951838,27.936797],[85.956283,27.956873],[85.956593,27.976226],[85.943984,27.994726],[85.908947,28.022425],[85.898302,28.036016],[85.890447,28.059193],[85.889827,28.071259],[85.891067,28.080897],[85.889103,28.090276],[85.87174,28.110921],[85.867037,28.132935],[85.863368,28.143348],[85.848279,28.158928],[85.826885,28.170478],[85.782753,28.1881],[85.756605,28.203241],[85.734487,28.221534],[85.715574,28.243368],[85.699761,28.269102],[85.698004,28.313441],[85.692939,28.335222],[85.679142,28.332897],[85.67599,28.324732],[85.676196,28.31512],[85.675059,28.306387],[85.668135,28.300548],[85.646947,28.2937],[85.639093,28.287887],[85.611807,28.251145],[85.59894,28.250835],[85.585504,28.263186],[85.565299,28.275381],[85.543698,28.280394],[85.52065,28.282926],[85.497551,28.282616],[85.475692,28.279102],[85.44665,28.29215],[85.43156,28.297059],[85.41523,28.296439],[85.401381,28.288791],[85.377817,28.265976],[85.362572,28.259672],[85.345364,28.261248],[85.334822,28.268689],[85.325727,28.277397],[85.312601,28.282771],[85.301025,28.281066],[85.27312,28.269826],[85.259581,28.266932],[85.243406,28.267914],[85.223924,28.271686],[85.205734,28.278275],[85.173591,28.30432],[85.154574,28.300858],[85.134162,28.291969],[85.109409,28.292254],[85.087395,28.304113],[85.080212,28.318789],[85.081867,28.331702],[85.08569,28.361526],[85.08569,28.381008],[85.077577,28.435681],[85.083674,28.445526],[85.109461,28.459298],[85.115559,28.472733],[85.115662,28.491492],[85.117212,28.497331],[85.123155,28.504592],[85.140363,28.510922],[85.14765,28.515832],[85.153748,28.524901],[85.156952,28.533143],[85.16801,28.583192],[85.160982,28.595],[85.11189,28.608823],[85.075044,28.631664],[85.054942,28.638692],[85.032101,28.634067],[85.02528,28.628409],[85.018769,28.619856],[85.009157,28.602545],[85.002491,28.594431],[84.994067,28.590814],[84.984766,28.588592],[84.954948,28.574303],[84.948954,28.568283],[84.936448,28.54477],[84.92849,28.538466],[84.918723,28.535675],[84.907871,28.537019],[84.891438,28.541773],[84.879294,28.543634],[84.823949,28.540533],[84.81196,28.54198],[84.799144,28.546631],[84.781781,28.558904],[84.755632,28.585414],[84.736615,28.594173],[84.69083,28.596137],[84.677756,28.604405],[84.682975,28.650759],[84.671141,28.658949],[84.65228,28.662386],[84.632642,28.668794],[84.625821,28.67608],[84.616209,28.69365],[84.607218,28.698198],[84.551821,28.706388],[84.531977,28.712693],[84.515647,28.7214],[84.498594,28.72786],[84.475753,28.727292],[84.450845,28.73388],[84.437822,28.753336],[84.422733,28.799173],[84.41431,28.808269],[84.393071,28.82434],[84.376586,28.848835],[84.366302,28.856741],[84.354003,28.861289],[84.285997,28.873743],[84.235147,28.90002],[84.225291,28.914115],[84.206725,28.940664],[84.231427,29.025981],[84.220575,29.0389],[84.198199,29.045308],[84.175461,29.057401],[84.169725,29.088923],[84.166211,29.098458],[84.160113,29.105486],[84.137996,29.124657],[84.13226,29.143804],[84.141716,29.160263],[84.155204,29.175946],[84.161663,29.192534],[84.155462,29.206642],[84.141975,29.20827],[84.126007,29.206255],[84.112364,29.209097],[84.105336,29.219923],[84.099135,29.247001],[84.08973,29.256613],[84.072057,29.256975],[84.05304,29.25036],[84.035211,29.247622],[84.021517,29.259766],[84.012525,29.270204],[84.000898,29.27253],[83.988237,29.269532],[83.975835,29.263745],[83.973251,29.277025],[83.967257,29.284699],[83.957955,29.28904],[83.945553,29.291831],[83.93315,29.291779],[83.914392,29.289402],[83.883438,29.282012],[83.877391,29.276767],[83.868865,29.263435],[83.86163,29.260205],[83.837859,29.254004],[83.79321,29.234754],[83.770628,29.232248],[83.745358,29.23447],[83.719727,29.233591],[83.69549,29.226176],[83.675078,29.208761],[83.66774,29.192328],[83.663399,29.174809],[83.65601,29.160779],[83.654992,29.160414],[83.639266,29.154759],[83.624435,29.155457],[83.583818,29.162149],[83.572035,29.168402],[83.56139,29.176231],[83.535965,29.179228],[83.523718,29.183594],[83.517052,29.191708],[83.514571,29.20181],[83.512504,29.223489],[83.502996,29.261032],[83.493384,29.276147],[83.475814,29.286921],[83.448219,29.296766],[83.437212,29.305241],[83.428168,29.333456],[83.417781,29.340898],[83.405017,29.346479],[83.393132,29.356245],[83.388274,29.370224],[83.389411,29.382445],[83.38724,29.393504],[83.35701,29.415363],[83.355201,29.427972],[83.357785,29.442752],[83.355201,29.460735],[83.327968,29.485023],[83.26394,29.473008],[83.247197,29.494738],[83.248748,29.506572],[83.254019,29.51329],[83.25991,29.518768],[83.26332,29.527088],[83.26084,29.542048],[83.252572,29.5552],[83.229317,29.575948],[83.221876,29.579824],[83.204926,29.584914],[83.197175,29.589099],[83.194487,29.593647],[83.19087,29.606902],[83.187253,29.612095],[83.173558,29.621268],[83.162086,29.62517],[83.150046,29.625635],[83.126688,29.623413],[83.100281,29.617676],[83.093357,29.615144],[83.088447,29.604421],[83.085553,29.590391],[83.079559,29.579643],[83.064935,29.57879],[83.054496,29.586051],[83.040905,29.610287],[83.032895,29.620467],[82.975896,29.66403],[82.964321,29.665891],[82.9421,29.662945],[82.931919,29.664185],[82.923703,29.669663],[82.90913,29.684623],[82.899725,29.688422],[82.880088,29.681109],[82.857454,29.666201],[82.836576,29.659793],[82.822365,29.677957],[82.815544,29.690127],[82.805157,29.695966],[82.793065,29.699506],[82.781076,29.705113],[82.77012,29.714156],[82.751517,29.739323],[82.690952,29.780741],[82.681754,29.797717],[82.684648,29.809706],[82.689195,29.819576],[82.688988,29.827741],[82.67731,29.834407],[82.666974,29.835028],[82.646407,29.829343],[82.635865,29.829033],[82.618502,29.839833],[82.541814,29.923239],[82.524244,29.932386],[82.475823,29.945512],[82.457065,29.95409],[82.438926,29.965769],[82.422855,29.97967],[82.409781,29.994604],[82.394433,30.003131],[82.379137,30.003234],[82.363737,30.001167],[82.347304,30.003441],[82.339087,30.009229],[82.32715,30.025714],[82.318882,30.031811],[82.296506,30.036824],[82.27599,30.036927],[82.255733,30.039666],[82.210671,30.064419],[82.192171,30.061474],[82.17424,30.055479],[82.153827,30.058166],[82.144526,30.069432],[82.135224,30.089741],[82.128713,30.110773],[82.127576,30.124364],[82.150985,30.162243],[82.155688,30.181363],[82.140391,30.194024],[82.114243,30.202189],[82.095898,30.213454],[82.084994,30.230817],[82.0821,30.257327],[82.093211,30.31474],[82.088767,30.330088],[82.073212,30.337219],[82.049854,30.339235],[82.007635,30.336806],[81.998178,30.334067],[81.988463,30.329778],[81.978851,30.326832],[81.969032,30.328279],[81.962108,30.333653],[81.950119,30.348381],[81.941231,30.353962],[81.92149,30.357373],[81.887177,30.354996],[81.844389,30.371171],[81.822788,30.368173],[81.801497,30.3613],[81.779018,30.358045],[81.757366,30.362902],[81.635719,30.410961],[81.614015,30.416904],[81.591588,30.414269],[81.585077,30.408119],[81.581976,30.399438],[81.576705,30.390963],[81.563269,30.385588],[81.544252,30.382643],[81.536811,30.37856],[81.531953,30.370344],[81.520688,30.331948],[81.509371,30.328382],[81.483067,30.331896],[81.46281,30.341353],[81.42612,30.372514],[81.407413,30.37918],[81.387518,30.373909],[81.384882,30.360939],[81.387259,30.345126],[81.382143,30.331276],[81.37155,30.31691],[81.368036,30.301046],[81.369017,30.266061],[81.370516,30.257276],[81.376924,30.241204],[81.377854,30.232626],[81.374392,30.223118],[81.361834,30.204772],[81.357287,30.17356],[81.350052,30.15723],[81.33827,30.143536],[81.322405,30.133769],[81.309538,30.132064],[81.29326,30.132839],[81.277705,30.131857],[81.266956,30.125087],[81.266336,30.117749],[81.274501,30.102195],[81.275948,30.095373],[81.272021,30.079922],[81.267903,30.072053],[81.266801,30.069949],[81.257086,30.063541],[81.239516,30.058787],[81.225719,30.050467],[81.227269,30.022458],[81.21683,30.008195],[81.194506,30.004475],[81.148101,30.023233],[81.124588,30.022768],[81.097768,30.016929],[81.084849,30.026179],[81.084454,30.027876],[81.074203,30.071912],[81.066607,30.087157],[81.043663,30.12023],[81.030898,30.152734],[81.019426,30.172268],[81.006507,30.188908],[80.996017,30.196969],[81.003303,30.212731],[80.996275,30.22689],[80.976018,30.255209],[80.943772,30.270143],[80.866981,30.288488],[80.781663,30.320993],[80.767194,30.331431],[80.754998,30.345797],[80.735361,30.378199],[80.723062,30.392048],[80.694743,30.411737],[80.596351,30.459796],[80.575267,30.466255],[80.559971,30.465118],[80.545088,30.461036],[80.525141,30.458607],[80.508295,30.462328],[80.475429,30.480466],[80.424992,30.497829],[80.325877,30.546509],[80.252806,30.565009],[80.21622,30.566818],[80.179839,30.559479],[80.188418,30.576998],[80.197823,30.591364],[80.2033,30.60635],[80.19989,30.625884],[80.190588,30.637976],[80.177255,30.649862],[80.16692,30.661902],[80.16661,30.674408],[80.172915,30.679162],[80.18201,30.680041],[80.191725,30.679679],[80.19989,30.680712],[80.207021,30.686138],[80.231412,30.724947],[80.224591,30.734094],[80.196066,30.748098],[80.169297,30.785254],[80.157102,30.79316],[80.140669,30.793212],[80.109249,30.778122],[80.092196,30.774505],[80.062534,30.784789],[80.044447,30.8067],[80.028634,30.830781],[80.005586,30.847266],[79.934893,30.872535],[79.91937,30.881182],[79.914635,30.883819],[79.903164,30.890209],[79.880426,30.912843],[79.862856,30.941523],[79.85035,30.954494],[79.833504,30.961522],[79.76064,30.977232],[79.739039,30.979247],[79.6885,30.967413],[79.648192,30.96576],[79.630312,30.962504],[79.589488,30.940231],[79.577809,30.938371],[79.565923,30.942454],[79.544219,30.947414],[79.529646,30.953564],[79.512697,30.966173],[79.497607,30.981211],[79.488202,30.994492],[79.486858,31.000228],[79.484275,31.005447],[79.480761,31.010046],[79.47642,31.014025],[79.46164,31.021105],[79.446344,31.023792],[79.430738,31.023172],[79.414408,31.020382],[79.401592,31.023637],[79.394978,31.036711],[79.388363,31.069474],[79.382593,31.078335],[79.372343,31.094072],[79.367048,31.111559],[79.319417,31.14228],[79.302162,31.16345],[79.303209,31.183104],[79.298078,31.203242],[79.288321,31.225474],[79.278316,31.240044],[79.25286,31.245437],[79.24843,31.256704],[79.262024,31.278513],[79.25411,31.299006],[79.239239,31.311724],[79.238319,31.329656],[79.207628,31.351373],[79.192442,31.369789],[79.179218,31.393796],[79.157693,31.414926],[79.131397,31.438433],[79.07799,31.461664],[79.07021,31.461381],[79.049937,31.422953],[79.015529,31.383397],[78.988801,31.343256],[78.959552,31.325117],[78.940282,31.301576],[78.921008,31.269685],[78.89261,31.281772],[78.886972,31.284171],[78.861987,31.291476],[78.848654,31.290908],[78.821989,31.293698],[78.796048,31.288117],[78.784472,31.288272],[78.753156,31.301966],[78.745095,31.308116],[78.740857,31.317728],[78.73848,31.334988],[78.745508,31.373538],[78.760081,31.412037],[78.762561,31.44511],[78.733003,31.467744],[78.695382,31.488105],[78.699516,31.510016],[78.796978,31.578849],[78.814031,31.595023],[78.818889,31.607374],[78.795324,31.633781],[78.758117,31.666595],[78.739824,31.666027],[78.731349,31.668042],[78.724011,31.673313],[78.71843,31.6806],[78.710472,31.69817],[78.698069,31.711037],[78.693212,31.71853],[78.692592,31.7284],[78.695175,31.737961],[78.695589,31.746694],[78.670887,31.770517],[78.674091,31.78695],[78.700343,31.821676],[78.706648,31.840797],[78.714192,31.883016],[78.720187,31.902912],[78.741994,31.945338],[78.744578,31.9642],[78.733829,31.984664],[78.722151,31.994586],[78.678329,32.016755],[78.649287,32.036444],[78.551825,32.15039],[78.534978,32.181344],[78.513068,32.20757],[78.476481,32.224417],[78.469017,32.226533],[78.468541,32.226668],[78.457981,32.229662],[78.456327,32.242116],[78.461391,32.260151],[78.462735,32.281803],[78.43886,32.373296],[78.435966,32.377973],[78.434519,32.383761],[78.43638,32.396163],[78.441444,32.404948],[78.448162,32.410658],[78.452193,32.416782],[78.448782,32.426782],[78.409198,32.476623],[78.380983,32.528041],[78.384807,32.547549],[78.408165,32.558376],[78.447542,32.566256],[78.589859,32.569925],[78.630166,32.578013],[78.647736,32.585971],[78.664893,32.599019],[78.694452,32.629663],[78.713262,32.637518],[78.736827,32.629844],[78.750986,32.612791],[78.749126,32.595867],[78.740651,32.578684],[78.734966,32.560649],[78.73693,32.545792],[78.754707,32.493806],[78.77145,32.461663],[78.855682,32.400452],[78.881521,32.376268],[78.911286,32.354745],[78.943429,32.346373],[78.976192,32.361618],[78.989834,32.364098],[79.014742,32.373994],[79.028178,32.377095],[79.039651,32.375984],[79.066316,32.370067],[79.075307,32.37079],[79.09174,32.390556],[79.102902,32.449855],[79.112928,32.472386],[79.132875,32.48546],[79.1614,32.496467],[79.191166,32.50427],[79.215247,32.507914],[79.235608,32.504296],[79.287412,32.532579],[79.320466,32.592267],[79.379477,32.57645],[79.40682,32.529683],[79.443497,32.534773],[79.472113,32.565472],[79.515741,32.60812],[79.531201,32.648317],[79.57617,32.670646],[79.620673,32.728725],[79.613913,32.765035],[79.564093,32.793928],[79.471089,32.908959],[79.414089,32.972053],[79.378462,32.978881],[79.333586,32.994292],[79.339787,33.013257],[79.399273,33.026878],[79.381063,33.061768],[79.37317,33.11214],[79.423475,33.157825],[79.456096,33.250399],[79.420084,33.275169],[79.340307,33.275132],[79.260061,33.291776],[79.150213,33.292555],[79.125038,33.290203],[79.098028,33.287655],[79.075048,33.295743],[79.053278,33.307873],[79.023041,33.31798],[78.993449,33.330782],[78.964986,33.344254],[78.917694,33.386258]]]}},{"type":"Feature","id":11,"properties":{"id":"kosovo","kind":"dispute","name":"Kosovo (disputed)","bilingual":"Kosova / Косово","claimants":["Republic of Kosovo (Republika e Kosovës)","Serbia (Србија)"],"controller":"Republic of Kosovo (de facto, partial recognition)","note":"Kosovo declared independence from Serbia in 2008 and is recognized by roughly half of UN member states; Serbia, backed by Russia, China and others, rejects the secession and considers the territory its Autonomous Province of Kosovo and Metohija. Status disputed.","recognition":"limited","start_year":2008,"end_year":2100},"geometry":{"type":"Polygon","coordinates":[[[20.064956,42.546758],[20.077048,42.55991],[20.078185,42.572906],[20.075394,42.586962],[20.075704,42.603085],[20.079218,42.61125],[20.090587,42.627348],[20.10392,42.653108],[20.101956,42.656674],[20.094205,42.666983],[20.037006,42.707363],[20.03612,42.707989],[20.024751,42.723414],[20.026508,42.743206],[20.034673,42.751423],[20.055638,42.763866],[20.065059,42.769458],[20.076325,42.773437],[20.112085,42.766538],[20.149498,42.749872],[20.183398,42.742508],[20.208409,42.763282],[20.20996,42.772972],[20.208409,42.782093],[20.209236,42.791704],[20.217608,42.802737],[20.226083,42.806768],[20.264427,42.817258],[20.345352,42.827439],[20.428034,42.840642],[20.4763,42.855525],[20.498831,42.877875],[20.494367,42.887467],[20.488909,42.899191],[20.466688,42.909501],[20.450979,42.922032],[20.459454,42.950015],[20.476403,42.966371],[20.493457,42.970195],[20.51113,42.970195],[20.530457,42.975156],[20.538415,42.980659],[20.543893,42.987248],[20.553401,43.002596],[20.562393,43.009495],[20.572832,43.00934],[20.584304,43.006911],[20.596396,43.007092],[20.617273,43.02213],[20.643835,43.052257],[20.664919,43.085407],[20.669157,43.109799],[20.661818,43.115948],[20.65169,43.11631],[20.640941,43.115276],[20.632053,43.117266],[20.626058,43.123725],[20.620581,43.133337],[20.612106,43.154938],[20.600117,43.173826],[20.597533,43.184962],[20.604044,43.197959],[20.612312,43.202274],[20.644869,43.203307],[20.666986,43.209663],[20.745328,43.252865],[20.769512,43.260849],[20.79442,43.263071],[20.809717,43.25961],[20.819432,43.257412],[20.838449,43.245863],[20.848474,43.238137],[20.855088,43.231445],[20.8647,43.217337],[20.8616,43.217518],[20.851471,43.219818],[20.839999,43.212092],[20.840619,43.206976],[20.839069,43.192455],[20.836071,43.179433],[20.832041,43.178606],[20.838552,43.170467],[20.912494,43.138805],[20.993431,43.104148],[21.005157,43.099128],[21.025827,43.093366],[21.092593,43.090678],[21.10851,43.081558],[21.124012,43.058277],[21.139309,43.005826],[21.147887,42.992622],[21.165354,42.985103],[21.17941,42.990581],[21.193052,42.997893],[21.209795,42.995878],[21.225298,42.973554],[21.226745,42.942522],[21.23243,42.910896],[21.260542,42.886556],[21.2716,42.884283],[21.294958,42.884386],[21.306327,42.882448],[21.316972,42.877616],[21.336403,42.865473],[21.346738,42.860847],[21.378777,42.855292],[21.398931,42.854569],[21.40844,42.846998],[21.408419,42.841743],[21.408336,42.820747],[21.404099,42.803978],[21.39056,42.770414],[21.387149,42.754962],[21.383945,42.749976],[21.379191,42.747004],[21.378674,42.744136],[21.388699,42.739046],[21.405546,42.7353],[21.4178,42.73557],[21.441823,42.736101],[21.542488,42.725817],[21.565226,42.720184],[21.580522,42.710211],[21.612665,42.680393],[21.629408,42.672203],[21.644084,42.672306],[21.687389,42.686827],[21.708886,42.687189],[21.738652,42.68215],[21.74425,42.679425],[21.764387,42.669619],[21.772758,42.647501],[21.767074,42.638716],[21.756532,42.633626],[21.744543,42.629647],[21.734725,42.624247],[21.735551,42.621276],[21.730074,42.601018],[21.728833,42.598305],[21.726973,42.596393],[21.720152,42.593887],[21.718291,42.591019],[21.719738,42.586678],[21.726766,42.577945],[21.727697,42.574147],[21.717671,42.551151],[21.667855,42.490095],[21.627858,42.460381],[21.618969,42.449245],[21.616902,42.433923],[21.621863,42.402167],[21.617419,42.386639],[21.596645,42.372092],[21.537321,42.35863],[21.51603,42.341939],[21.514893,42.317832],[21.553857,42.273984],[21.564066,42.246289],[21.561815,42.247164],[21.519854,42.239025],[21.499287,42.238663],[21.48151,42.247784],[21.471973,42.23913],[21.467557,42.235123],[21.457222,42.237035],[21.44792,42.244141],[21.436345,42.24688],[21.419912,42.240058],[21.421462,42.231351],[21.428697,42.222566],[21.429834,42.215848],[21.419085,42.215021],[21.384255,42.224943],[21.366788,42.223858],[21.360602,42.220114],[21.353766,42.215977],[21.294958,42.148979],[21.293718,42.140168],[21.295785,42.134794],[21.298782,42.129419],[21.300332,42.120893],[21.301263,42.10061],[21.300796,42.098425],[21.299299,42.091411],[21.28886,42.089706],[21.245727,42.096167],[21.237804,42.097354],[21.229298,42.103822],[21.225402,42.106785],[21.216203,42.121151],[21.199873,42.14115],[21.164423,42.16704],[21.12639,42.188925],[21.112954,42.194402],[21.106236,42.195798],[21.098484,42.195953],[21.074403,42.184455],[21.04094,42.15997],[21.029238,42.151408],[21.003916,42.141951],[20.975145,42.134658],[20.90417,42.116668],[20.810543,42.092936],[20.784912,42.082032],[20.765378,42.064333],[20.755353,42.042784],[20.743054,41.993484],[20.741814,41.970773],[20.751439,41.940338],[20.754423,41.930904],[20.751052,41.910218],[20.750495,41.906797],[20.739953,41.888039],[20.723313,41.866619],[20.714398,41.859163],[20.702953,41.849591],[20.681456,41.84401],[20.671844,41.849307],[20.652827,41.86928],[20.643422,41.873647],[20.637014,41.870365],[20.626162,41.855198],[20.61872,41.850522],[20.602391,41.849876],[20.590298,41.854733],[20.567147,41.873182],[20.567767,41.88052],[20.562703,41.892845],[20.562496,41.900105],[20.567251,41.912172],[20.573348,41.917675],[20.580583,41.921732],[20.588748,41.929586],[20.59929,41.94788],[20.59929,41.960567],[20.594329,41.973718],[20.589678,41.993639],[20.558259,42.055109],[20.552161,42.07379],[20.551954,42.105803],[20.549371,42.123476],[20.538622,42.150116],[20.500795,42.211223],[20.481674,42.230705],[20.473665,42.237123],[20.456973,42.250497],[20.333363,42.317883],[20.317964,42.319821],[20.249647,42.318607],[20.237762,42.319924],[20.229597,42.32672],[20.220915,42.343101],[20.219468,42.350207],[20.221225,42.36372],[20.218848,42.371446],[20.21306,42.377518],[20.197454,42.38744],[20.192803,42.393693],[20.194043,42.4001],[20.204379,42.411831],[20.204689,42.420099],[20.199728,42.427799],[20.186292,42.437437],[20.180814,42.443095],[20.152702,42.493402],[20.152599,42.493609],[20.152599,42.493712],[20.152392,42.493712],[20.135546,42.509629],[20.085626,42.530015],[20.064956,42.546758]]]}},{"type":"Feature","id":12,"properties":{"id":"western-sahara","kind":"dispute","name":"Western Sahara (disputed)","bilingual":"الصحراء الغربية / Western Sahara","claimants":["Morocco (المغرب)","Sahrawi Arab Democratic Republic / Polisario (الجمهورية العربية الصحراوية الديمقراطية)"],"controller":"Morocco (de facto ~80%) / SADR Free Zone","note":"A non-self-governing territory whose sovereignty is disputed: Morocco controls roughly the western 80% (its 'Southern Provinces') and claims the whole, while the Polisario Front's Sahrawi Arab Democratic Republic controls the eastern 'Free Zone' and claims the territory, backed by UN/AU calls for a self-determination referendum. Status disputed.","recognition":null,"start_year":1975,"end_year":2100},"geometry":{"type":"Polygon","coordinates":[[[-8.817035,27.661464],[-8.816537,27.661465],[-8.752562,27.661439],[-8.682385,27.661439],[-8.682385,27.567414],[-8.682385,27.473466],[-8.682385,27.379467],[-8.682385,27.285416],[-8.682282,27.27167],[-8.68223,27.232706],[-8.68223,27.172141],[-8.682075,27.093696],[-8.68192,27.000834],[-8.681817,26.897171],[-8.681662,26.786325],[-8.681558,26.671913],[-8.681455,26.55745],[-8.6813,26.446604],[-8.681145,26.342993],[-8.681042,26.250182],[-8.680938,26.171634],[-8.680861,26.111121],[-8.680861,26.072208],[-8.680809,26.058411],[-8.680809,26.013142],[-8.687656,26.000016],[-8.707216,25.995004],[-8.792043,25.995004],[-8.892863,25.994952],[-8.993581,25.994952],[-9.094246,25.994952],[-9.195015,25.994952],[-9.295733,25.994952],[-9.39645,25.994952],[-9.497168,25.994952],[-9.597885,25.994952],[-9.698654,25.994952],[-9.799371,25.994952],[-9.900037,25.994952],[-10.000806,25.994952],[-10.101523,25.994952],[-10.202292,25.994952],[-10.302958,25.994952],[-10.403675,25.994952],[-10.504445,25.994952],[-10.605162,25.994952],[-10.705879,25.994952],[-10.806597,25.994952],[-10.907314,25.994952],[-11.008083,25.994952],[-11.108749,25.994952],[-11.209518,25.994952],[-11.310235,25.994952],[-11.410953,25.994952],[-11.511722,25.994952],[-11.612439,25.994952],[-11.713208,25.994952],[-11.813822,25.994952],[-11.914591,25.994952],[-12.015308,25.9949],[-12.015308,25.919246],[-12.015308,25.843695],[-12.015308,25.768092],[-12.015308,25.69249],[-12.015308,25.616939],[-12.015308,25.541336],[-12.015308,25.465734],[-12.015308,25.390183],[-12.015308,25.31458],[-12.015308,25.238926],[-12.015308,25.163323],[-12.015308,25.087798],[-12.015308,25.012247],[-12.015308,24.936619],[-12.015308,24.861016],[-12.015308,24.785465],[-12.015308,24.709862],[-12.015308,24.63426],[-12.015308,24.558631],[-12.015308,24.48308],[-12.015308,24.407478],[-12.015308,24.331901],[-12.015308,24.256298],[-12.015308,24.180696],[-12.015308,24.105093],[-12.015308,24.029542],[-12.015308,23.95394],[-12.015308,23.878311],[-12.015308,23.802734],[-12.015308,23.727106],[-12.015308,23.651477],[-12.015308,23.575926],[-12.015308,23.495182],[-12.019339,23.460998],[-12.032723,23.444978],[-12.134578,23.419347],[-12.353892,23.322479],[-12.389911,23.312532],[-12.558376,23.290285],[-12.619432,23.270829],[-12.682219,23.230754],[-12.789938,23.161869],[-12.915098,23.082055],[-13.015247,23.018002],[-13.034342,22.995213],[-13.119892,22.88354],[-13.152293,22.820004],[-13.165497,22.752695],[-13.15498,22.688797],[-13.106353,22.560226],[-13.09333,22.495476],[-13.076833,22.245439],[-13.060335,21.995403],[-13.032093,21.581939],[-13.026177,21.49533],[-13.015247,21.333428],[-13.161724,21.333428],[-13.203091,21.333376],[-13.319854,21.333376],[-13.501419,21.333376],[-13.736909,21.333324],[-14.015496,21.333273],[-14.295598,21.333226],[-14.326485,21.333221],[-14.658971,21.333169],[-15.002258,21.333169],[-15.345544,21.333066],[-15.678082,21.333066],[-15.989019,21.333014],[-16.26771,21.332911],[-16.503148,21.332911],[-16.684636,21.332911],[-16.801425,21.332859],[-16.842817,21.332859],[-16.958831,21.332859],[-16.968339,21.324591],[-16.985703,21.237826],[-17.004926,21.141915],[-17.047378,21.0274],[-17.054019,20.995464],[-17.077428,20.904513],[-17.081175,20.874748],[-17.056874,20.766913],[-17.068349,20.792467],[-17.100209,20.837592],[-17.104644,20.862494],[-17.101389,20.876166],[-17.092275,20.899888],[-17.090403,20.914008],[-17.090403,20.961819],[-17.086293,20.979315],[-17.06786,21.030911],[-17.026763,21.328925],[-17.017445,21.365058],[-17.015248,21.379828],[-17.013743,21.419971],[-16.950149,21.429753],[-16.729956,21.469802],[-16.580043,21.48055],[-16.189886,21.48055],[-16.040024,21.500084],[-15.919876,21.500084],[-15.749964,21.490317],[-15.609818,21.469802],[-15.45993,21.450268],[-15.289992,21.450268],[-15.149872,21.440501],[-14.970167,21.440501],[-14.839813,21.450268],[-14.749974,21.500084],[-14.669875,21.599665],[-14.640109,21.679763],[-14.609827,21.750069],[-14.620085,21.820375],[-14.629852,21.860424],[-14.580036,21.91024],[-14.519988,21.990338],[-14.459914,22.040103],[-14.439915,22.080152],[-14.379841,22.120201],[-14.310052,22.190507],[-14.270003,22.240297],[-14.220187,22.309647],[-14.209955,22.370186],[-14.189904,22.450259],[-14.189904,22.589914],[-14.169906,22.759852],[-14.140088,22.870181],[-14.120089,22.960047],[-14.100065,23.099676],[-14.039991,23.33992],[-14.019992,23.410252],[-13.979943,23.519599],[-13.930127,23.620187],[-13.890129,23.690493],[-13.839797,23.750076],[-13.769982,23.790125],[-13.660118,23.830123],[-13.580045,23.870198],[-13.479948,23.910221],[-13.390108,23.940504],[-13.31001,23.980553],[-13.279753,24.019594],[-13.229963,24.0899],[-13.160122,24.219815],[-13.120099,24.299862],[-13.060025,24.400476],[-12.990184,24.4698],[-12.94688,24.496748],[-12.910137,24.51959],[-12.819781,24.570388],[-12.709943,24.629971],[-12.629845,24.679761],[-12.56003,24.730533],[-12.499982,24.7696],[-12.430141,24.830165],[-12.399884,24.879955],[-12.359835,24.969795],[-12.310019,25.110432],[-12.26997,25.259803],[-12.229946,25.42],[-12.200155,25.51958],[-12.169873,25.639728],[-12.129849,25.730549],[-12.100058,25.830156],[-12.080059,25.870205],[-12.080059,25.919969],[-12.060009,25.990301],[-12.055823,25.99583],[-12.029752,26.03035],[-11.959911,26.049884],[-11.879864,26.070399],[-11.753877,26.086006],[-11.717239,26.103576],[-11.698222,26.162177],[-11.683546,26.212975],[-11.63621,26.294985],[-11.582983,26.360408],[-11.55221,26.400457],[-11.510688,26.469807],[-11.469709,26.519597],[-11.398912,26.583081],[-11.3369,26.632897],[-11.315868,26.683644],[-11.315868,26.744208],[-11.36031,26.793043],[-11.391574,26.882908],[-11.262641,26.910219],[-11.149366,26.940501],[-11.045859,26.969802],[-10.921835,27.009825],[-10.829076,27.009825],[-10.756781,27.019592],[-10.653273,27.000058],[-10.550282,26.990292],[-10.477986,26.960035],[-10.353963,26.900478],[-10.250455,26.860429],[-10.188443,26.860429],[-10.122039,26.879962],[-10.065867,26.908281],[-10.031709,26.910219],[-9.979929,26.889729],[-9.899365,26.84968],[-9.816864,26.84968],[-9.734362,26.860429],[-9.672351,26.910219],[-9.568843,26.990292],[-9.486315,27.049875],[-9.412056,27.08796],[-9.352008,27.097727],[-9.284622,27.097727],[-9.207469,27.099691],[-9.083446,27.089924],[-9.000919,27.089924],[-8.888109,27.103566],[-8.793903,27.12018],[-8.752872,27.150463],[-8.752872,27.190486],[-8.773387,27.250069],[-8.795841,27.307688],[-8.801706,27.360424],[-8.788012,27.416054],[-8.773387,27.46003],[-8.783619,27.530362],[-8.81292,27.613354],[-8.818449,27.659398],[-8.817035,27.661464]]]}},{"type":"Feature","id":13,"properties":{"id":"taiwan","kind":"dispute","name":"Taiwan (disputed)","bilingual":"臺灣 / Taiwan (Republic of China)","claimants":["Republic of China (中華民國)","People's Republic of China (中华人民共和国)"],"controller":"Republic of China (de facto, limited recognition)","note":"Taiwan is governed by the Republic of China (ROC), which exercises de facto control and considers itself a sovereign state; the People's Republic of China claims Taiwan as a province and rejects the ROC's separate sovereignty. International recognition is split under varying 'one China' formulations. Status disputed.","recognition":"limited","start_year":1949,"end_year":2100},"geometry":{"type":"MultiPolygon","coordinates":[[[[121.905772,24.9501],[121.834727,24.871527],[121.823497,24.854926],[121.814626,24.831732],[121.808849,24.805162],[121.806814,24.778754],[121.807791,24.753119],[121.820323,24.699652],[121.819591,24.685981],[121.81422,24.672309],[121.814952,24.644355],[121.827973,24.622789],[121.852712,24.608873],[121.881847,24.60399],[121.881847,24.597805],[121.869477,24.598944],[121.857758,24.597846],[121.847911,24.594916],[121.840831,24.590318],[121.850841,24.572984],[121.855968,24.550523],[121.852794,24.530992],[121.830089,24.519232],[121.82838,24.510728],[121.831309,24.500393],[121.837738,24.491034],[121.840017,24.48135],[121.830414,24.473131],[121.806814,24.460639],[121.78004,24.432685],[121.779145,24.42178],[121.780772,24.39761],[121.776378,24.388332],[121.771495,24.380561],[121.768403,24.369371],[121.766449,24.347357],[121.764334,24.341702],[121.760509,24.337104],[121.758556,24.332343],[121.762543,24.326606],[121.763357,24.325792],[121.76588,24.323188],[121.769298,24.318061],[121.771983,24.312934],[121.772716,24.309231],[121.767426,24.30093],[121.745291,24.281236],[121.721446,24.251166],[121.703868,24.238349],[121.698253,24.231513],[121.700938,24.224189],[121.697765,24.21898],[121.672374,24.201483],[121.662852,24.193101],[121.652192,24.172187],[121.641287,24.129869],[121.613048,24.092108],[121.607432,24.07685],[121.608165,24.060492],[121.615001,24.042304],[121.620779,24.034613],[121.625743,24.030951],[121.628917,24.02619],[121.629161,24.01496],[121.625011,24.002387],[121.611095,23.982489],[121.608165,23.970364],[121.6067,23.948065],[121.594493,23.891506],[121.570323,23.832099],[121.539806,23.692816],[121.521495,23.658677],[121.479503,23.435207],[121.462169,23.343004],[121.453624,23.325995],[121.426768,23.293118],[121.416759,23.276068],[121.408865,23.254584],[121.403331,23.214748],[121.403819,23.179267],[121.400076,23.145494],[121.381602,23.110663],[121.373709,23.103217],[121.355479,23.09101],[121.347423,23.083319],[121.343435,23.075385],[121.337087,23.05508],[121.318858,23.025539],[121.307628,22.979804],[121.299571,22.959174],[121.260509,22.907294],[121.255626,22.897773],[121.20281,22.856513],[121.190278,22.843166],[121.188487,22.83393],[121.190929,22.811957],[121.190278,22.802151],[121.185557,22.790961],[121.177419,22.778632],[121.159353,22.757473],[121.141449,22.741767],[121.080251,22.704088],[121.039073,22.662421],[121.029063,22.657538],[121.021007,22.647895],[121.00115,22.600775],[120.991222,22.583075],[120.960623,22.547797],[120.948253,22.526801],[120.941091,22.483629],[120.922862,22.42475],[120.886567,22.365953],[120.881358,22.345933],[120.875011,22.289252],[120.875987,22.237698],[120.879242,22.055813],[120.873302,22.029975],[120.863617,22.008938],[120.850841,22.00023],[120.835704,21.98725],[120.836192,21.957709],[120.841563,21.925482],[120.840343,21.904608],[120.82309,21.928616],[120.797374,21.946763],[120.767426,21.959296],[120.737315,21.966132],[120.736095,21.942816],[120.727306,21.934475],[120.714366,21.937486],[120.700369,21.948432],[120.699555,21.956692],[120.704356,21.981391],[120.68336,22.013861],[120.681651,22.022528],[120.681895,22.029608],[120.68336,22.041205],[120.68336,22.079047],[120.685557,22.090155],[120.694835,22.102607],[120.696951,22.113227],[120.621267,22.295071],[120.615001,22.304999],[120.593923,22.329169],[120.577322,22.363837],[120.569672,22.373847],[120.538748,22.39643],[120.526378,22.403022],[120.522227,22.404283],[120.518077,22.406968],[120.514415,22.420071],[120.511974,22.42475],[120.495291,22.43476],[120.457205,22.451606],[120.439952,22.462592],[120.421723,22.477362],[120.413259,22.482327],[120.40211,22.486802],[120.396007,22.486477],[120.389008,22.484076],[120.38087,22.483873],[120.331228,22.519721],[120.285167,22.580064],[120.333669,22.525946],[120.327973,22.551703],[120.319916,22.565823],[120.313487,22.577053],[120.293305,22.598293],[120.258962,22.62759],[120.245779,22.642524],[120.239594,22.659084],[120.247813,22.675238],[120.252126,22.689643],[120.246349,22.709906],[120.236176,22.729885],[120.21754,22.756741],[120.199962,22.792467],[120.196056,22.808336],[120.196462,22.81859],[120.202159,22.831244],[120.203461,22.839667],[120.201345,22.844143],[120.196462,22.84748],[120.191417,22.852037],[120.18922,22.860175],[120.178477,22.877346],[120.175548,22.884101],[120.167491,22.931871],[120.163829,22.953843],[120.156912,22.966539],[120.1421,22.980292],[120.160167,22.992133],[120.170258,23.013373],[120.166189,23.031724],[120.1421,23.034898],[120.137462,23.028388],[120.133474,23.016547],[120.12672,23.007148],[120.114106,23.007636],[120.109141,23.015448],[120.111013,23.039984],[120.107921,23.04857],[120.092459,23.054755],[120.083751,23.047553],[120.076671,23.037421],[120.066254,23.034898],[120.055186,23.043687],[120.052419,23.055813],[120.054942,23.067776],[120.059418,23.075873],[120.070567,23.081204],[120.084727,23.082953],[120.096446,23.086412],[120.100434,23.096991],[120.094981,23.102484],[120.059418,23.110663],[120.059418,23.117499],[120.089203,23.117743],[120.086274,23.126939],[120.070079,23.139797],[120.059418,23.151028],[120.062022,23.165025],[120.071544,23.169989],[120.081879,23.173163],[120.086925,23.182034],[120.083832,23.195746],[120.078624,23.206977],[120.082159,23.217292],[120.087444,23.230288],[120.096098,23.239491],[120.094249,23.247504],[120.096039,23.255357],[120.108897,23.286689],[120.114919,23.292711],[120.124685,23.294989],[120.110494,23.303699],[120.116527,23.317897],[120.13118,23.31881],[120.143565,23.323879],[120.148936,23.322252],[120.145763,23.333319],[120.137341,23.327734],[120.130284,23.329335],[120.120942,23.329739],[120.120779,23.341254],[120.130149,23.36096],[120.144164,23.361854],[120.164577,23.361711],[120.150645,23.398139],[120.134776,23.426256],[120.1421,23.438951],[120.1421,23.445787],[120.130544,23.450995],[120.132091,23.456977],[120.138682,23.46426],[120.1421,23.47309],[120.157544,23.491476],[120.125029,23.489611],[120.124262,23.520021],[120.141689,23.537947],[120.140868,23.595263],[120.143609,23.638036],[120.15423,23.672212],[120.170805,23.698902],[120.175548,23.733832],[120.184418,23.76439],[120.18922,23.774807],[120.212657,23.803168],[120.216563,23.812649],[120.219493,23.817939],[120.240733,23.832831],[120.246755,23.843411],[120.25294,23.868069],[120.257498,23.878404],[120.284434,23.902004],[120.292247,23.911933],[120.302501,23.93887],[120.318126,23.965806],[120.340099,24.021796],[120.350352,24.038072],[120.361827,24.048529],[120.371267,24.054348],[120.379568,24.05801],[120.385509,24.063056],[120.387869,24.07331],[120.392345,24.082913],[120.411876,24.09691],[120.416352,24.107489],[120.41863,24.142524],[120.422048,24.152167],[120.432302,24.161078],[120.475434,24.207099],[120.477794,24.209662],[120.480642,24.221096],[120.493175,24.230658],[120.501638,24.252875],[120.511974,24.295559],[120.547374,24.351549],[120.558116,24.385891],[120.570811,24.404934],[120.621349,24.456],[120.648936,24.483873],[120.656016,24.49787],[120.659353,24.520697],[120.667735,24.540025],[120.690196,24.576117],[120.6963,24.597724],[120.702159,24.607001],[120.727875,24.613918],[120.735118,24.621243],[120.739431,24.630357],[120.74464,24.638821],[120.76059,24.653957],[120.778087,24.665717],[120.799327,24.670803],[120.826671,24.666083],[120.823009,24.685045],[120.833344,24.697821],[120.847504,24.710842],[120.854503,24.730658],[120.857677,24.737006],[120.871349,24.743232],[120.876964,24.761908],[120.898123,24.801174],[120.906423,24.811469],[120.90919,24.816881],[120.909028,24.82274],[120.906505,24.829088],[120.902354,24.836819],[120.908051,24.847073],[120.914643,24.85342],[120.914887,24.853705],[120.920584,24.861396],[120.922862,24.874661],[120.926036,24.884711],[120.93393,24.894599],[120.944021,24.902045],[120.953624,24.905015],[120.95281,24.909247],[120.955333,24.919379],[120.963878,24.940416],[120.97169,24.951768],[121.005544,25.000678],[121.031993,25.029242],[121.059337,25.050238],[121.129405,25.071112],[121.145763,25.08039],[121.159841,25.09162],[121.176931,25.100043],[121.210948,25.111151],[121.287446,25.123684],[121.330251,25.130683],[121.348318,25.137112],[121.371755,25.154771],[121.378754,25.157945],[121.38738,25.159329],[121.398936,25.159491],[121.412283,25.155463],[121.419444,25.146389],[121.424083,25.136908],[121.430024,25.131578],[121.443207,25.13642],[121.429454,25.155992],[121.4074,25.176215],[121.395763,25.182807],[121.399099,25.192125],[121.406016,25.197333],[121.413259,25.200426],[121.41627,25.203599],[121.424164,25.22134],[121.43629,25.241441],[121.461274,25.261908],[121.497813,25.278754],[121.539724,25.287421],[121.580821,25.283026],[121.597911,25.27143],[121.635997,25.222805],[121.649669,25.197089],[121.654145,25.198798],[121.664399,25.201361],[121.676117,25.202582],[121.684418,25.200507],[121.68393,25.197455],[121.679942,25.19302],[121.676117,25.186916],[121.676443,25.179389],[121.680512,25.175035],[121.694591,25.166083],[121.69752,25.162584],[121.703868,25.156887],[121.718516,25.152004],[121.892833,25.113674],[121.905121,25.106594],[121.898936,25.09398],[121.897227,25.083889],[121.899913,25.065985],[121.90919,25.036038],[121.9192,25.02204],[121.927257,25.018704],[121.953868,25.022366],[121.96754,25.021064],[121.983572,25.017157],[121.997732,25.010688],[122.005382,25.001899],[121.926768,24.96662],[121.905772,24.9501]]],[[[121.563487,22.044623],[121.581065,22.032213],[121.588878,22.023505],[121.587657,22.013861],[121.566905,22.007758],[121.53891,22.018215],[121.513194,22.035061],[121.498302,22.048041],[121.502778,22.057563],[121.502615,22.066555],[121.49879,22.074774],[121.492035,22.08218],[121.56658,22.08218],[121.56658,22.075995],[121.564626,22.07217],[121.561371,22.063666],[121.560069,22.053534],[121.563487,22.044623]]],[[[118.394216,24.522691],[118.422597,24.527968],[118.44959,24.505528],[118.467355,24.461828],[118.463356,24.431523],[118.448785,24.415513],[118.422901,24.430304],[118.403624,24.43601],[118.372856,24.433201],[118.34576,24.417579],[118.330994,24.396482],[118.318218,24.390544],[118.303233,24.39704],[118.292979,24.39765],[118.283946,24.401272],[118.279552,24.408433],[118.281098,24.411038],[118.289399,24.4206],[118.292003,24.424994],[118.292735,24.432074],[118.292328,24.440619],[118.289561,24.455634],[118.28297,24.470038],[118.282074,24.477362],[118.287852,24.480455],[118.316657,24.493349],[118.354809,24.470562],[118.381414,24.473511],[118.385393,24.503817],[118.394216,24.522691]]],[[[119.64796,23.603461],[119.665782,23.57331],[119.670665,23.559231],[119.668468,23.548814],[119.661143,23.555732],[119.651378,23.561591],[119.640636,23.563544],[119.625662,23.555813],[119.615001,23.554633],[119.609711,23.551947],[119.606781,23.54682],[119.602712,23.53262],[119.600108,23.528388],[119.582367,23.518948],[119.563975,23.516588],[119.545584,23.523098],[119.52711,23.539984],[119.531993,23.548814],[119.542166,23.537584],[119.557384,23.534613],[119.573741,23.538764],[119.587169,23.548814],[119.577891,23.551988],[119.570567,23.556057],[119.564626,23.561672],[119.559255,23.569322],[119.55714,23.566107],[119.55714,23.565009],[119.556407,23.564399],[119.552419,23.562486],[119.551524,23.576483],[119.552419,23.590399],[119.559255,23.590399],[119.567231,23.588528],[119.59547,23.604722],[119.613129,23.610297],[119.608409,23.594875],[119.606293,23.590399],[119.621593,23.594672],[119.633311,23.593492],[119.641856,23.594062],[119.64796,23.603461]]],[[[119.477061,23.603461],[119.489431,23.639635],[119.501313,23.650377],[119.517345,23.6376],[119.507823,23.632392],[119.501231,23.619818],[119.490733,23.590399],[119.490245,23.582465],[119.492849,23.575751],[119.49171,23.571031],[119.480235,23.569322],[119.471934,23.569037],[119.466075,23.568061],[119.461192,23.565985],[119.456554,23.562486],[119.442393,23.562486],[119.444835,23.56977],[119.449474,23.574123],[119.456554,23.576158],[119.466156,23.576809],[119.474457,23.579739],[119.476817,23.586819],[119.477061,23.603461]]],[[[119.572602,23.627672],[119.569347,23.639716],[119.561778,23.649848],[119.545258,23.664944],[119.566417,23.679185],[119.578868,23.673082],[119.591075,23.66352],[119.596202,23.653266],[119.586925,23.645006],[119.590668,23.632799],[119.585134,23.624742],[119.576834,23.622504],[119.572602,23.627672]]],[[[121.460704,22.659003],[121.455414,22.673814],[121.45753,22.67593],[121.495779,22.678534],[121.500011,22.676256],[121.502778,22.669501],[121.499766,22.655666],[121.496349,22.650051],[121.494965,22.644192],[121.496349,22.638495],[121.496104,22.63467],[121.493175,22.635403],[121.486583,22.635403],[121.483165,22.636135],[121.481456,22.638088],[121.471446,22.641791],[121.460704,22.659003]]],[[[120.021861,23.451644],[120.074932,23.500818],[120.115251,23.547912],[120.12477,23.550454],[120.090301,23.499396],[120.07345,23.483814],[120.062272,23.471279],[120.047912,23.458085],[120.036595,23.450809],[120.019542,23.438381],[120.007656,23.432594],[120.021861,23.451644]]]]}}]}